{
    "parent": "item/generated",
    "textures": {
        "layer0": "item/cookie"
    },
    "overrides": [
	    { "predicate": { "custom_model_data": 2001 }, "model": "food/cs_azurathorn_cyclops" },
	    { "predicate": { "custom_model_data": 2002 }, "model": "food/cs_blobfish" },
	    { "predicate": { "custom_model_data": 2003 }, "model": "food/cs_blue_jellyfish" },
	    { "predicate": { "custom_model_data": 2004 }, "model": "food/cs_blue_tang" },
	    { "predicate": { "custom_model_data": 2005 }, "model": "food/cs_clam" },
	    { "predicate": { "custom_model_data": 2006 }, "model": "food/cs_cooked_flounder" },
	    { "predicate": { "custom_model_data": 2007 }, "model": "food/cs_cooked_moonveil_glider" },
	    { "predicate": { "custom_model_data": 2008 }, "model": "food/cs_cooked_shrimp" },
	    { "predicate": { "custom_model_data": 2009 }, "model": "food/cs_cooked_squid" },
	    { "predicate": { "custom_model_data": 2010 }, "model": "food/cs_cooked_stormshade_ripple" },
	    { "predicate": { "custom_model_data": 2011 }, "model": "food/cs_cooked_trout" },
	    { "predicate": { "custom_model_data": 2012 }, "model": "food/cs_conch_horizontal" },
	    { "predicate": { "custom_model_data": 2013 }, "model": "food/cs_conch_vertical" },
	    { "predicate": { "custom_model_data": 2014 }, "model": "food/cs_earthdrifter" },
	    { "predicate": { "custom_model_data": 2015 }, "model": "food/cs_emerald_trout" },
	    { "predicate": { "custom_model_data": 2016 }, "model": "food/cs_trout" },
	    { "predicate": { "custom_model_data": 2017 }, "model": "food/cs_whiskerwave_oracle" },
	    { "predicate": { "custom_model_data": 2018 }, "model": "food/cs_worm_bait" },
	    { "predicate": { "custom_model_data": 2019 }, "model": "food/cs_fish_bones" },
	    { "predicate": { "custom_model_data": 2020 }, "model": "food/cs_flounder" },
	    { "predicate": { "custom_model_data": 2021 }, "model": "food/cs_goldfish" },
	    { "predicate": { "custom_model_data": 2022 }, "model": "food/cs_maggot_bait" },
	    { "predicate": { "custom_model_data": 2023 }, "model": "food/cs_moonveil_glider" },
	    { "predicate": { "custom_model_data": 2024 }, "model": "food/cs_neon_finned_tuna" },
	    { "predicate": { "custom_model_data": 2025 }, "model": "food/cs_pink_jellyfish" },
	    { "predicate": { "custom_model_data": 2026 }, "model": "food/cs_rainbow_trout" },
	    { "predicate": { "custom_model_data": 2027 }, "model": "food/cs_rare_clownfish" },
	    { "predicate": { "custom_model_data": 2028 }, "model": "food/cs_red_crab" },
	    { "predicate": { "custom_model_data": 2029 }, "model": "food/cs_seahorse_red" },
	    { "predicate": { "custom_model_data": 2030 }, "model": "food/cs_seahorse_yellow" },
	    { "predicate": { "custom_model_data": 2031 }, "model": "food/cs_seastar" },
	    { "predicate": { "custom_model_data": 2032 }, "model": "food/cs_shadowfin" },
	    { "predicate": { "custom_model_data": 2033 }, "model": "food/cs_shrimp" },
	    { "predicate": { "custom_model_data": 2034 }, "model": "food/cs_smelt" },
	    { "predicate": { "custom_model_data": 2035 }, "model": "food/cs_squid" },
	    { "predicate": { "custom_model_data": 2036 }, "model": "food/cs_stingray" },
	    { "predicate": { "custom_model_data": 2037 }, "model": "food_1/apple_dessert" },
		{ "predicate": { "custom_model_data": 2038 }, "model": "food_1/butter" },
		{ "predicate": { "custom_model_data": 2039 }, "model": "food_1/cabbage" },
		{ "predicate": { "custom_model_data": 2040 }, "model": "food_1/cake_with_chocolate" },
		{ "predicate": { "custom_model_data": 2041 }, "model": "food_1/came" },
		{ "predicate": { "custom_model_data": 2042 }, "model": "food_1/cheese" },
		{ "predicate": { "custom_model_data": 2043 }, "model": "food_1/cheese_pizza" },
		{ "predicate": { "custom_model_data": 2044 }, "model": "food_1/cheese_salad" },
		{ "predicate": { "custom_model_data": 2045 }, "model": "food_1/chips" },
		{ "predicate": { "custom_model_data": 2046 }, "model": "food_1/chocolate_bar" },
		{ "predicate": { "custom_model_data": 2047 }, "model": "food_1/coconut" },
		{ "predicate": { "custom_model_data": 2048 }, "model": "food_1/coffee_bag" },
		{ "predicate": { "custom_model_data": 2049 }, "model": "food_1/flour" },
		{ "predicate": { "custom_model_data": 2050 }, "model": "food_1/frappe" },
		{ "predicate": { "custom_model_data": 2051 }, "model": "food_1/hamburger" },
		{ "predicate": { "custom_model_data": 2052 }, "model": "food_1/hot_cocoa_mix" },
		{ "predicate": { "custom_model_data": 2053 }, "model": "food_1/ice_cream_with_cream_and_strawberry" },
		{ "predicate": { "custom_model_data": 2054 }, "model": "food_1/lemon" },
		{ "predicate": { "custom_model_data": 2055 }, "model": "food_1/lemon_shot2" },
		{ "predicate": { "custom_model_data": 2056 }, "model": "food_1/meat_sandwich" },
		{ "predicate": { "custom_model_data": 2057 }, "model": "food_1/mexican_cake" },
		{ "predicate": { "custom_model_data": 2058 }, "model": "food_1/olive_oil" },
		{ "predicate": { "custom_model_data": 2059 }, "model": "food_1/onion" },
		{ "predicate": { "custom_model_data": 2060 }, "model": "food_1/pancakes" },
		{ "predicate": { "custom_model_data": 2061 }, "model": "food_1/pear" },
		{ "predicate": { "custom_model_data": 2062 }, "model": "food_1/pear_dessert" },
		{ "predicate": { "custom_model_data": 2063 }, "model": "food_1/premium_shake" },
		{ "predicate": { "custom_model_data": 2064 }, "model": "food_1/regular_burger" },
		{ "predicate": { "custom_model_data": 2065 }, "model": "food_1/regular_pizza" },
		{ "predicate": { "custom_model_data": 2066 }, "model": "food_1/roasted_carrot" },
		{ "predicate": { "custom_model_data": 2067 }, "model": "food_1/stick_ice_cream" },
		{ "predicate": { "custom_model_data": 2068 }, "model": "food_1/strawberry" },
		{ "predicate": { "custom_model_data": 2068 }, "model": "food_1/strawberry_syrup" },
		{ "predicate": { "custom_model_data": 2069 }, "model": "food_1/toasted_pizza" },
		{ "predicate": { "custom_model_data": 2070 }, "model": "food_1/tomato" },
		{ "predicate": { "custom_model_data": 2071 }, "model": "food_1/tomato_and_cheese" }
    ]
}