{
    "parent": "item/handheld_rod",
    "textures": {
        "layer0": "item/fishing_rod"
    },
    "overrides": [
        {
            "predicate": {
                "cast": 1
            },
            "model": "item/fishing_rod_cast"
        },
  {
    "predicate": {
      "custom_model_data": 1
    },
    "model": "minecraft:custom/grappling_bow"
  },
  { "predicate": { "cast": 1, "custom_model_data": 1 }, "model": "minecraft:custom/grappling_bow_cast" },
  { "predicate": { "custom_model_data": 2001 }, "model": "cubosynth:tools/cs_deepblue_fishing_rod" },
  { "predicate": { "cast": 1, "custom_model_data": 2001 }, "model": "cubosynth:tools/cs_deepblue_fishing_rod_cast" },

  { "predicate": { "custom_model_data": 2002 }, "model": "cubosynth:tools/cs_diamond_fishing_rod" },
  { "predicate": { "cast": 1, "custom_model_data": 2002 }, "model": "cubosynth:tools/cs_diamond_fishing_rod_cast" },

  { "predicate": { "custom_model_data": 2003 }, "model": "cubosynth:tools/cs_gilded_fishing_rod" },
  { "predicate": { "cast": 1, "custom_model_data": 2003 }, "model": "cubosynth:tools/cs_gilded_fishing_rod_cast" }
    ]
}
