{
    "parent": "builtin/entity",
    "textures": {
        "particle": "block/soul_sand"
    },
    "overrides": [
        {
            "predicate": {
                "custom_model_data": 1001
            },
            "model": "custom/ui/large_player_head"
        },
        {
            "predicate": {
                "custom_model_data": 1000
            },
            "model": "custom/ui/small_head"
        },
        {
            "predicate": {
                "custom_model_data": 1002
            },
            "model": "custom/ui/little_head"
        }
    ],
    "gui_light": "front",
    "display": {
        "gui": {
            "rotation": [
                0,
                0,
                0
            ],
            "translation": [
                0,
                7,
                0
            ],
            "scale": [
                1.75,
                1.75,
                1.75
            ]
        },
        "fixed": {
            "rotation": [
                0,
                180,
                0
            ],
            "translation": [
                0,
                4,
                0
            ],
            "scale": [
                1,
                1,
                1
            ]
        },
        "ground": {
            "rotation": [
                0,
                0,
                0
            ],
            "translation": [
                0,
                3,
                0
            ],
            "scale": [
                0.5,
                0.5,
                0.5
            ]
        },
        "thirdperson_lefthand": {
            "rotation": [
                70,
                180,
                0
            ],
            "translation": [
                -6,
                3,
                29.5
            ],
            "scale": [
                2.7,
                2.7,
                2.7
            ]
        },
        "firstperson_lefthand": {
            "rotation": [
                70,
                180,
                0
            ],
            "translation": [
                -6,
                3,
                29.5
            ],
            "scale": [
                0,
                0,
                0
            ]
        },
        "thirdperson_righthand": {
            "rotation": [
                45,
                45,
                0
            ],
            "translation": [
                0,
                3,
                0
            ],
            "scale": [
                0.5,
                0.5,
                0.5
            ]
        }
    }
}