{
  "parent": "minecraft:item/generated",
  "textures": {
    "layer0": "minecraft:block/white_stained_glass"
  },
  "overrides": [
    {
      "predicate": {
        "custom_model_data": 3001
      },
      "model": "minecraft:container/arrow_up"
    },
    {
      "predicate": {
        "custom_model_data": 3002
      },
      "model": "minecraft:container/arrow_down"
    },
    {
      "predicate": {
        "custom_model_data": 3003
      },
      "model": "minecraft:container/question_container"
    },
    {
      "predicate": {
        "custom_model_data": 3004
      },
      "model": "minecraft:container/komprimieren"
    },
    {
      "predicate": {
        "custom_model_data": 3005
      },
      "model": "minecraft:container/bundle"
    },
    {
      "predicate": {
        "custom_model_data": 3006
      },
      "model": "minecraft:container/hammer"
    },
    {
      "predicate": {
        "custom_model_data": 3007
      },
      "model": "minecraft:container/pressed_hammer"
    },
    {
      "predicate": {
        "custom_model_data": 3008
      },
      "model": "minecraft:container/pressed_komprimieren"
    },
    {
      "predicate": {
        "custom_model_data": 3009
      },
      "model": "minecraft:container/pressed_bundle"
    },
    {
      "predicate": {
        "custom_model_data": 3010
      },
      "model": "minecraft:container/x"
    },
    {
      "predicate": {
        "custom_model_data": 3011
      },
      "model": "minecraft:container/arrow_right"
    },
    {
      "predicate": {
        "custom_model_data": 3012
      },
      "model": "minecraft:container/arrow_left"
    },
    {
      "predicate": {
        "custom_model_data": 3013
      },
      "model": "minecraft:container/settings"
    },
    {
      "predicate": {
        "custom_model_data": 3014
      },
      "model": "minecraft:container/toggle_on"
    },
    {
      "predicate": {
        "custom_model_data": 3015
      },
      "model": "minecraft:container/toggle_off"
    },
    {
      "predicate": {
        "custom_model_data": 3016
      },
      "model": "minecraft:container/1_month"
    },
    {
      "predicate": {
        "custom_model_data": 3017
      },
      "model": "minecraft:container/1_year"
    },
    {
      "predicate": {
        "custom_model_data": 3018
      },
      "model": "minecraft:container/transparent"
    },
    {
      "predicate": {
        "custom_model_data": 3019
      },
      "model": "minecraft:container/accept"
    },
    {
      "predicate": {
        "custom_model_data": 3020
      },
      "model": "minecraft:container/quest_daily_rare"
    },
    {
      "predicate": {
        "custom_model_data": 3021
      },
      "model": "minecraft:container/quest_daily_epic"
    },
    {
      "predicate": {
        "custom_model_data": 3022
      },
      "model": "minecraft:container/quest_daily_legendary"
    },
    {
      "predicate": {
        "custom_model_data": 3023
      },
      "model": "minecraft:container/quest_daily_complete"
    },
    {
      "predicate": {
        "custom_model_data": 4000
      },
      "model": "minecraft:container/party_remove_player"
    },
    {
      "predicate": {
        "custom_model_data": 4001
      },
      "model": "minecraft:container/player_messages"
    },
    {
      "predicate": {
        "custom_model_data": 4002
      },
      "model": "minecraft:container/party_add_player"
    },
    {
      "predicate": {
        "custom_model_data": 4003
      },
      "model": "minecraft:container/player_pvp"
    },
    {
      "predicate": {
        "custom_model_data": 4004
      },
      "model": "minecraft:container/player_mute"
    },
    {
      "predicate": {
        "custom_model_data": 4005
      },
      "model": "minecraft:container/player_home"
    },
    {
      "predicate": {
        "custom_model_data": 4006
      },
      "model": "minecraft:container/arrow_bouncing_up"
    },
    {
      "predicate": {
        "custom_model_data": 4007
      },
      "model": "minecraft:container/arrow_bouncing_right"
    },
    {
      "predicate": {
        "custom_model_data": 4009
      },
      "model": "minecraft:container/set_bounty"
    },
    {
      "predicate": {
        "custom_model_data": 4010
      },
      "model": "minecraft:container/hats"
    },
    {
      "predicate": {
        "custom_model_data": 4011
      },
      "model": "minecraft:container/emojies"
    },
    {
      "predicate": {
        "custom_model_data": 4012
      },
      "model": "minecraft:container/bags"
    },
    {
      "predicate": {
        "custom_model_data": 4013
      },
      "model": "minecraft:container/balloon"
    },
    {
      "predicate": {
        "custom_model_data": 4014
      },
      "model": "minecraft:container/discord"
    },
    {
      "predicate": {
        "custom_model_data": 4015
      },
      "model": "minecraft:container/report_player"
    },
    {
      "predicate": {
        "custom_model_data": 3024
      },
      "model": "minecraft:container/release_player"
    },
    {
      "predicate": {
        "custom_model_data": 3025
      },
      "model": "minecraft:container/beta_player"
    },
    {
      "predicate": {
        "custom_model_data": 3026
      },
      "model": "minecraft:container/alpha_player"
    }
  ]
}