{
	"credit": "Made with Blockbench",
	"texture_size": [64, 64],
	"textures": {
		"0": "item/plants_props/lemon_stage_five",
		"particle": "lemon_stage_five"
	},
	"elements": [
		{
			"from": [0, 0, 8],
			"to": [16, 32, 8],
			"faces": {
				"north": {"uv": [0, 0, 4, 8], "texture": "#0"},
				"east": {"uv": [0, 0, 0, 8], "texture": "#0"},
				"south": {"uv": [4, 0, 8, 8], "texture": "#0"},
				"west": {"uv": [0, 0, 0, 8], "texture": "#0"},
				"up": {"uv": [4, 0, 0, 0], "texture": "#0"},
				"down": {"uv": [4, 0, 0, 0], "texture": "#0"}
			}
		},
		{
			"from": [8, 0, 0],
			"to": [8, 32, 16],
			"rotation": {"angle": 0, "axis": "y", "origin": [8, 16, 8]},
			"faces": {
				"north": {"uv": [0, 0, 0, 8], "texture": "#0"},
				"east": {"uv": [0, 8, 4, 16], "texture": "#0"},
				"south": {"uv": [0, 0, 0, 8], "texture": "#0"},
				"west": {"uv": [8, 0, 12, 8], "texture": "#0"},
				"up": {"uv": [0, 4, 0, 0], "texture": "#0"},
				"down": {"uv": [0, 0, 0, 4], "texture": "#0"}
			}
		},
		{
			"from": [1, 7, 7],
			"to": [3, 8, 9],
			"rotation": {"angle": 22.5, "axis": "y", "origin": [2, 9.5, 8]},
			"faces": {
				"north": {"uv": [14.25, 1.5, 14.75, 1.75], "texture": "#0"},
				"east": {"uv": [14.25, 1.75, 14.75, 2], "texture": "#0"},
				"south": {"uv": [14.25, 2, 14.75, 2.25], "texture": "#0"},
				"west": {"uv": [14.25, 2.25, 14.75, 2.5], "texture": "#0"},
				"up": {"uv": [12.5, 8, 12, 7.5], "texture": "#0"},
				"down": {"uv": [13, 7.5, 12.5, 8], "texture": "#0"}
			}
		},
		{
			"from": [0.5, 8, 6.5],
			"to": [3.5, 11, 9.5],
			"rotation": {"angle": 22.5, "axis": "y", "origin": [2, 9.5, 8]},
			"faces": {
				"north": {"uv": [4, 12.5, 4.75, 13.25], "texture": "#0"},
				"east": {"uv": [4.75, 12.5, 5.5, 13.25], "texture": "#0"},
				"south": {"uv": [5.5, 12.5, 6.25, 13.25], "texture": "#0"},
				"west": {"uv": [6.25, 12.5, 7, 13.25], "texture": "#0"},
				"up": {"uv": [7.75, 13.25, 7, 12.5], "texture": "#0"},
				"down": {"uv": [8.5, 12.5, 7.75, 13.25], "texture": "#0"}
			}
		},
		{
			"from": [1, 11, 7],
			"to": [3, 12, 9],
			"rotation": {"angle": 22.5, "axis": "y", "origin": [2, 9.5, 8]},
			"faces": {
				"north": {"uv": [14.25, 2.5, 14.75, 2.75], "texture": "#0"},
				"east": {"uv": [14.25, 2.75, 14.75, 3], "texture": "#0"},
				"south": {"uv": [14.25, 3, 14.75, 3.25], "texture": "#0"},
				"west": {"uv": [14.25, 3.25, 14.75, 3.5], "texture": "#0"},
				"up": {"uv": [13.5, 8, 13, 7.5], "texture": "#0"},
				"down": {"uv": [6.75, 14, 6.25, 14.5], "texture": "#0"}
			}
		},
		{
			"from": [-0.5, 11.5, 4.5],
			"to": [2.5, 11.5, 7.5],
			"rotation": {"angle": -45, "axis": "x", "origin": [1, 12, 6]},
			"faces": {
				"north": {"uv": [0, 0, 0.75, 0], "texture": "#0"},
				"east": {"uv": [0, 0, 0.75, 0], "texture": "#0"},
				"south": {"uv": [0, 0, 0.75, 0], "texture": "#0"},
				"west": {"uv": [0, 0, 0.75, 0], "texture": "#0"},
				"up": {"uv": [9.25, 13.25, 8.5, 12.5], "texture": "#0"},
				"down": {"uv": [10, 12.5, 9.25, 13.25], "texture": "#0"}
			}
		},
		{
			"from": [13, 21.5, 7],
			"to": [15, 22.5, 9],
			"rotation": {"angle": 22.5, "axis": "z", "origin": [14.82322, 24.07322, 7.5]},
			"faces": {
				"north": {"uv": [14.25, 3.5, 14.75, 3.75], "texture": "#0"},
				"east": {"uv": [14.25, 3.75, 14.75, 4], "texture": "#0"},
				"south": {"uv": [14.25, 4, 14.75, 4.25], "texture": "#0"},
				"west": {"uv": [14.25, 4.25, 14.75, 4.5], "texture": "#0"},
				"up": {"uv": [7.25, 14.5, 6.75, 14], "texture": "#0"},
				"down": {"uv": [7.75, 14, 7.25, 14.5], "texture": "#0"}
			}
		},
		{
			"from": [12.5, 22.5, 6.5],
			"to": [15.5, 25.5, 9.5],
			"rotation": {"angle": 22.5, "axis": "z", "origin": [14.82322, 24.07322, 7.5]},
			"faces": {
				"north": {"uv": [10, 12.5, 10.75, 13.25], "texture": "#0"},
				"east": {"uv": [10.75, 12.5, 11.5, 13.25], "texture": "#0"},
				"south": {"uv": [4, 13.25, 4.75, 14], "texture": "#0"},
				"west": {"uv": [4.75, 13.25, 5.5, 14], "texture": "#0"},
				"up": {"uv": [6.25, 14, 5.5, 13.25], "texture": "#0"},
				"down": {"uv": [7, 13.25, 6.25, 14], "texture": "#0"}
			}
		},
		{
			"from": [13, 25.5, 7],
			"to": [15, 26.5, 9],
			"rotation": {"angle": 22.5, "axis": "z", "origin": [14.82322, 24.07322, 7.5]},
			"faces": {
				"north": {"uv": [14.25, 4.5, 14.75, 4.75], "texture": "#0"},
				"east": {"uv": [14.25, 4.75, 14.75, 5], "texture": "#0"},
				"south": {"uv": [14.25, 5, 14.75, 5.25], "texture": "#0"},
				"west": {"uv": [14.25, 5.25, 14.75, 5.5], "texture": "#0"},
				"up": {"uv": [8.25, 14.5, 7.75, 14], "texture": "#0"},
				"down": {"uv": [8.75, 14, 8.25, 14.5], "texture": "#0"}
			}
		},
		{
			"from": [14.1186, 25.19001, 5.5],
			"to": [17.1186, 25.19001, 8.5],
			"rotation": {"angle": -45, "axis": "z", "origin": [15.6186, 25.69001, 7]},
			"faces": {
				"north": {"uv": [0, 0, 0.75, 0], "texture": "#0"},
				"east": {"uv": [0, 0, 0.75, 0], "texture": "#0"},
				"south": {"uv": [0, 0, 0.75, 0], "texture": "#0"},
				"west": {"uv": [0, 0, 0.75, 0], "texture": "#0"},
				"up": {"uv": [7.75, 14, 7, 13.25], "texture": "#0"},
				"down": {"uv": [8.5, 13.25, 7.75, 14], "texture": "#0"}
			}
		},
		{
			"from": [0.5, 18, -1],
			"to": [15.5, 18, 8],
			"rotation": {"angle": 22.5, "axis": "x", "origin": [8, 18, 8]},
			"faces": {
				"north": {"uv": [0, 0, 3.75, 0], "texture": "#0"},
				"east": {"uv": [0, 0, 2.25, 0], "texture": "#0"},
				"south": {"uv": [0, 0, 3.75, 0], "texture": "#0"},
				"west": {"uv": [0, 0, 2.25, 0], "texture": "#0"},
				"up": {"uv": [7.75, 10.25, 4, 8], "texture": "#0"},
				"down": {"uv": [11.5, 8, 7.75, 10.25], "texture": "#0"}
			}
		},
		{
			"from": [0.5, 17, 8],
			"to": [15.5, 17, 17],
			"rotation": {"angle": -22.5, "axis": "x", "origin": [8, 17, 8]},
			"faces": {
				"north": {"uv": [0, 0, 3.75, 0], "texture": "#0"},
				"east": {"uv": [0, 0, 2.25, 0], "texture": "#0"},
				"south": {"uv": [0, 0, 3.75, 0], "texture": "#0"},
				"west": {"uv": [0, 0, 2.25, 0], "texture": "#0"},
				"up": {"uv": [7.75, 12.5, 4, 10.25], "texture": "#0"},
				"down": {"uv": [11.5, 10.25, 7.75, 12.5], "texture": "#0"}
			}
		},
		{
			"from": [8, 26, 0.5],
			"to": [17, 26, 15.5],
			"rotation": {"angle": 22.5, "axis": "z", "origin": [8, 26, 8]},
			"faces": {
				"north": {"uv": [0, 0, 2.25, 0], "texture": "#0"},
				"east": {"uv": [0, 0, 3.75, 0], "texture": "#0"},
				"south": {"uv": [0, 0, 2.25, 0], "texture": "#0"},
				"west": {"uv": [0, 0, 3.75, 0], "texture": "#0"},
				"up": {"uv": [13.75, 11.75, 11.5, 8], "texture": "#0"},
				"down": {"uv": [13.75, 11.75, 11.5, 15.5], "texture": "#0"}
			}
		},
		{
			"from": [-2, 26, 0.5],
			"to": [7, 26, 15.5],
			"rotation": {"angle": -22.5, "axis": "z", "origin": [7, 26, 8]},
			"faces": {
				"north": {"uv": [0, 0, 2.25, 0], "texture": "#0"},
				"east": {"uv": [0, 0, 3.75, 0], "texture": "#0"},
				"south": {"uv": [0, 0, 2.25, 0], "texture": "#0"},
				"west": {"uv": [0, 0, 3.75, 0], "texture": "#0"},
				"up": {"uv": [14.25, 3.75, 12, 0], "texture": "#0"},
				"down": {"uv": [14.25, 3.75, 12, 7.5], "texture": "#0"}
			}
		},
		{
			"from": [9.75, 14, 3.5],
			"to": [11.75, 15, 5.5],
			"rotation": {"angle": 45, "axis": "y", "origin": [10.75, 16.5, 4.5]},
			"faces": {
				"north": {"uv": [14.25, 5.5, 14.75, 5.75], "texture": "#0"},
				"east": {"uv": [14.25, 5.75, 14.75, 6], "texture": "#0"},
				"south": {"uv": [14.25, 6, 14.75, 6.25], "texture": "#0"},
				"west": {"uv": [14.25, 6.25, 14.75, 6.5], "texture": "#0"},
				"up": {"uv": [9.25, 14.5, 8.75, 14], "texture": "#0"},
				"down": {"uv": [9.75, 14, 9.25, 14.5], "texture": "#0"}
			}
		},
		{
			"from": [9.25, 15, 3],
			"to": [12.25, 18, 6],
			"rotation": {"angle": 45, "axis": "y", "origin": [10.75, 16.5, 4.5]},
			"faces": {
				"north": {"uv": [8.5, 13.25, 9.25, 14], "texture": "#0"},
				"east": {"uv": [9.25, 13.25, 10, 14], "texture": "#0"},
				"south": {"uv": [10, 13.25, 10.75, 14], "texture": "#0"},
				"west": {"uv": [10.75, 13.25, 11.5, 14], "texture": "#0"},
				"up": {"uv": [14.5, 8.25, 13.75, 7.5], "texture": "#0"},
				"down": {"uv": [14.5, 8.25, 13.75, 9], "texture": "#0"}
			}
		},
		{
			"from": [9.75, 18, 3.5],
			"to": [11.75, 19, 5.5],
			"rotation": {"angle": 45, "axis": "y", "origin": [10.75, 16.5, 4.5]},
			"faces": {
				"north": {"uv": [14.25, 6.5, 14.75, 6.75], "texture": "#0"},
				"east": {"uv": [14.25, 6.75, 14.75, 7], "texture": "#0"},
				"south": {"uv": [14.25, 7, 14.75, 7.25], "texture": "#0"},
				"west": {"uv": [14.25, 7.25, 14.75, 7.5], "texture": "#0"},
				"up": {"uv": [10.25, 14.5, 9.75, 14], "texture": "#0"},
				"down": {"uv": [10.75, 14, 10.25, 14.5], "texture": "#0"}
			}
		},
		{
			"from": [9.25, 18.5, 1],
			"to": [12.25, 18.5, 4],
			"rotation": {"angle": -45, "axis": "x", "origin": [10.75, 19, 2.5]},
			"faces": {
				"north": {"uv": [0, 0, 0.75, 0], "texture": "#0"},
				"east": {"uv": [0, 0, 0.75, 0], "texture": "#0"},
				"south": {"uv": [0, 0, 0.75, 0], "texture": "#0"},
				"west": {"uv": [0, 0, 0.75, 0], "texture": "#0"},
				"up": {"uv": [14.5, 9.75, 13.75, 9], "texture": "#0"},
				"down": {"uv": [14.5, 9.75, 13.75, 10.5], "texture": "#0"}
			}
		},
		{
			"from": [1.32322, 22.5, 9.42678],
			"to": [3.32322, 23.5, 11.42678],
			"rotation": {"angle": 22.5, "axis": "y", "origin": [2.32322, 25, 10.42678]},
			"faces": {
				"north": {"uv": [13.75, 14.25, 14.25, 14.5], "texture": "#0"},
				"east": {"uv": [14.25, 14.25, 14.75, 14.5], "texture": "#0"},
				"south": {"uv": [6.25, 14.5, 6.75, 14.75], "texture": "#0"},
				"west": {"uv": [6.75, 14.5, 7.25, 14.75], "texture": "#0"},
				"up": {"uv": [11.25, 14.5, 10.75, 14], "texture": "#0"},
				"down": {"uv": [14.75, 0, 14.25, 0.5], "texture": "#0"}
			}
		},
		{
			"from": [0.82322, 23.5, 8.92678],
			"to": [3.82322, 26.5, 11.92678],
			"rotation": {"angle": 22.5, "axis": "y", "origin": [2.32322, 25, 10.42678]},
			"faces": {
				"north": {"uv": [13.75, 10.5, 14.5, 11.25], "texture": "#0"},
				"east": {"uv": [13.75, 11.25, 14.5, 12], "texture": "#0"},
				"south": {"uv": [13.75, 12, 14.5, 12.75], "texture": "#0"},
				"west": {"uv": [13.75, 12.75, 14.5, 13.5], "texture": "#0"},
				"up": {"uv": [14.5, 14.25, 13.75, 13.5], "texture": "#0"},
				"down": {"uv": [4.75, 14, 4, 14.75], "texture": "#0"}
			}
		},
		{
			"from": [1.32322, 26.5, 9.42678],
			"to": [3.32322, 27.5, 11.42678],
			"rotation": {"angle": 22.5, "axis": "y", "origin": [2.32322, 25, 10.42678]},
			"faces": {
				"north": {"uv": [7.25, 14.5, 7.75, 14.75], "texture": "#0"},
				"east": {"uv": [14.5, 7.5, 15, 7.75], "texture": "#0"},
				"south": {"uv": [7.75, 14.5, 8.25, 14.75], "texture": "#0"},
				"west": {"uv": [14.5, 7.75, 15, 8], "texture": "#0"},
				"up": {"uv": [14.75, 1, 14.25, 0.5], "texture": "#0"},
				"down": {"uv": [14.75, 1, 14.25, 1.5], "texture": "#0"}
			}
		},
		{
			"from": [0.88388, 27.12132, 9.92678],
			"to": [3.88388, 27.12132, 12.92678],
			"rotation": {"angle": 45, "axis": "z", "origin": [1.5, 25.07322, 10.92678]},
			"faces": {
				"north": {"uv": [0, 0, 0.75, 0], "texture": "#0"},
				"east": {"uv": [0, 0, 0.75, 0], "texture": "#0"},
				"south": {"uv": [0, 0, 0.75, 0], "texture": "#0"},
				"west": {"uv": [0, 0, 0.75, 0], "texture": "#0"},
				"up": {"uv": [5.5, 14.75, 4.75, 14], "texture": "#0"},
				"down": {"uv": [6.25, 14, 5.5, 14.75], "texture": "#0"}
			}
		}
	],
	"gui_light": "front",
	"display": {
		"thirdperson_righthand": {
			"translation": [0, 2.5, 3]
		},
		"thirdperson_lefthand": {
			"translation": [0, 2.5, 3]
		},
		"firstperson_righthand": {
			"rotation": [0, -90, 25],
			"translation": [1.13, 3.2, 1.13],
			"scale": [0.68, 0.68, 0.68]
		},
		"firstperson_lefthand": {
			"rotation": [0, -90, 25],
			"translation": [1.13, 3.2, 1.13],
			"scale": [0.68, 0.68, 0.68]
		},
		"gui": {
			"rotation": [30, 45, 0],
			"translation": [0, -3, 0],
			"scale": [0.5, 0.5, 0.5]
		},
		"fixed": {
			"rotation": [-90, 0, 0],
			"translation": [0, 0, -16],
			"scale": [2, 2, 2]
		}
	},
	"groups": [
		0,
		1,
		{
			"name": "group",
			"origin": [1, 5, 0],
			"color": 0,
			"children": [2, 3, 4, 5]
		},
		{
			"name": "group",
			"origin": [1, 5, 0],
			"color": 0,
			"children": [6, 7, 8, 9]
		},
		10,
		11,
		12,
		13,
		{
			"name": "group",
			"origin": [1, 5, 0],
			"color": 0,
			"children": [14, 15, 16, 17]
		},
		{
			"name": "group",
			"origin": [1, 5, 0],
			"color": 0,
			"children": [18, 19, 20, 21]
		}
	]
}