{
  "model": {
    "type": "minecraft:range_dispatch",
    "property": "minecraft:custom_model_data",
    "index": 0,
    "fallback": {
      "type": "minecraft:model",
      "model": "minecraft:item/ender_eye"
    },
    "entries": [
      {
        "model": {
          "type": "minecraft:model",
          "model": "item/cronstein"
        },
        "threshold": 1
      },
      {
        "model": {
          "type": "minecraft:model",
          "model": "item/cronstein_1"
        },
        "threshold": 2
      },
      {
        "model": {
          "type": "minecraft:model",
          "model": "item/cronstein_2"
        },
        "threshold": 3
      },
      {
        "model": {
          "type": "minecraft:model",
          "model": "item/cronstein_3"
        },
        "threshold": 4
      },
      {
        "model": {
          "type": "minecraft:model",
          "model": "item/cronstein_4"
        },
        "threshold": 5
      },
      {
        "model": {
          "type": "minecraft:model",
          "model": "item/cronstein_5"
        },
        "threshold": 6
      },
      {
        "model": {
          "type": "minecraft:model",
          "model": "item/cronstein_6"
        },
        "threshold": 7
      },
      {
        "model": {
          "type": "minecraft:model",
          "model": "item/cronstein_7"
        },
        "threshold": 8
      }
    ]
  }
}