{
  "model": {
    "type": "minecraft:range_dispatch",
    "property": "minecraft:custom_model_data",
    "index": 0,
    "fallback": {
      "type": "minecraft:model",
      "model": "minecraft:item/barrier"
    },
    "entries": [
      {
        "model": {
          "type": "minecraft:model",
          "model": "custom/dwarven_pickaxe"
        },
        "threshold": 1
      },
      {
        "model": {
          "type": "minecraft:model",
          "model": "weapons/zwergen_pickaxe"
        },
        "threshold": 2
      }
    ]
  }
}