{
    "parent": "item/generated",
    "textures": {
        "layer0": "item/cookie"
    },
    "overrides": [
	    { "predicate": { "custom_model_data": 2001 }, "model": "food/cs_azurathorn_cyclops" },
	    { "predicate": { "custom_model_data": 2002 }, "model": "food/cs_blobfish" },
	    { "predicate": { "custom_model_data": 2003 }, "model": "food/cs_blue_jellyfish" },
	    { "predicate": { "custom_model_data": 2004 }, "model": "food/cs_blue_tang" },
	    { "predicate": { "custom_model_data": 2005 }, "model": "food/cs_clam" },
	    { "predicate": { "custom_model_data": 2006 }, "model": "food/cs_cooked_flounder" },
	    { "predicate": { "custom_model_data": 2007 }, "model": "food/cs_cooked_moonveil_glider" },
	    { "predicate": { "custom_model_data": 2008 }, "model": "food/cs_cooked_shrimp" },
	    { "predicate": { "custom_model_data": 2009 }, "model": "food/cs_cooked_squid" },
	    { "predicate": { "custom_model_data": 2010 }, "model": "food/cs_cooked_stormshade_ripple" },
	    { "predicate": { "custom_model_data": 2011 }, "model": "food/cs_cooked_trout" },
	    { "predicate": { "custom_model_data": 2012 }, "model": "food/cs_conch_horizontal" },
	    { "predicate": { "custom_model_data": 2013 }, "model": "food/cs_conch_vertical" },
	    { "predicate": { "custom_model_data": 2014 }, "model": "food/cs_earthdrifter" },
	    { "predicate": { "custom_model_data": 2015 }, "model": "food/cs_emerald_trout" },
	    { "predicate": { "custom_model_data": 2016 }, "model": "food/cs_trout" },
	    { "predicate": { "custom_model_data": 2017 }, "model": "food/cs_whiskerwave_oracle" },
	    { "predicate": { "custom_model_data": 2018 }, "model": "food/cs_worm_bait" },
	    { "predicate": { "custom_model_data": 2019 }, "model": "food/cs_fish_bones" },
	    { "predicate": { "custom_model_data": 2020 }, "model": "food/cs_flounder" },
	    { "predicate": { "custom_model_data": 2021 }, "model": "food/cs_goldfish" },
	    { "predicate": { "custom_model_data": 2022 }, "model": "food/cs_maggot_bait" },
	    { "predicate": { "custom_model_data": 2023 }, "model": "food/cs_moonveil_glider" },
	    { "predicate": { "custom_model_data": 2024 }, "model": "food/cs_neon_finned_tuna" },
	    { "predicate": { "custom_model_data": 2025 }, "model": "food/cs_pink_jellyfish" },
	    { "predicate": { "custom_model_data": 2026 }, "model": "food/cs_rainbow_trout" },
	    { "predicate": { "custom_model_data": 2027 }, "model": "food/cs_rare_clownfish" },
	    { "predicate": { "custom_model_data": 2028 }, "model": "food/cs_red_crab" },
	    { "predicate": { "custom_model_data": 2029 }, "model": "food/cs_seahorse_red" },
	    { "predicate": { "custom_model_data": 2030 }, "model": "food/cs_seahorse_yellow" },
	    { "predicate": { "custom_model_data": 2031 }, "model": "food/cs_seastar" },
	    { "predicate": { "custom_model_data": 2032 }, "model": "food/cs_shadowfin" },
	    { "predicate": { "custom_model_data": 2033 }, "model": "food/cs_shrimp" },
	    { "predicate": { "custom_model_data": 2034 }, "model": "food/cs_smelt" },
	    { "predicate": { "custom_model_data": 2035 }, "model": "food/cs_squid" },
	    { "predicate": { "custom_model_data": 2036 }, "model": "food/cs_stingray" },
	    { "predicate": { "custom_model_data": 2037 }, "model": "food/cs_stormshade_ripple" }
    ]
}