{
  "parent": "minecraft:item/generated",
  "textures": {
    "layer0": "minecraft:item/ender_eye"
  },
  "overrides": [
    {
      "predicate": {
        "custom_model_data": 1
      },
      "model": "minecraft:item/cronstein"
    },
    {
      "predicate": {
        "custom_model_data": 2
      },
      "model": "minecraft:item/cronstein_1"
    },
    {
      "predicate": {
        "custom_model_data": 3
      },
      "model": "minecraft:item/cronstein_2"
    },
    {
      "predicate": {
        "custom_model_data": 4
      },
      "model": "minecraft:item/cronstein_3"
    },
    {
      "predicate": {
        "custom_model_data": 5
      },
      "model": "minecraft:item/cronstein_4"
    },
    {
      "predicate": {
        "custom_model_data": 6
      },
      "model": "minecraft:item/cronstein_5"
    },
    {
      "predicate": {
        "custom_model_data": 7
      },
      "model": "minecraft:item/cronstein_6"
    },
    {
      "predicate": {
        "custom_model_data": 8
      },
      "model": "minecraft:item/cronstein_7"
    }
  ]
}