{
	"credit": "Made with Blockbench",
	"texture_size": [32, 32],
	"textures": {
		"1": "item/lantern"
	},
	"elements": [
		{
			"from": [5, 2, 2.5],
			"to": [11, 9, 8.5],
			"rotation": {"angle": 0, "axis": "y", "origin": [9, 1, 7.5]},
			"faces": {
				"north": {"uv": [0, 0, 3, 3.5], "texture": "#1"},
				"east": {"uv": [3, 0, 6, 3.5], "texture": "#1"},
				"south": {"uv": [0, 3.5, 3, 7], "texture": "#1"},
				"west": {"uv": [3, 3.5, 6, 7], "texture": "#1"},
				"up": {"uv": [9, 3, 6, 0], "texture": "#1"},
				"down": {"uv": [9, 3, 6, 6], "texture": "#1"}
			}
		},
		{
			"from": [6, 9, 3.6],
			"to": [10, 11, 7.6],
			"rotation": {"angle": 0, "axis": "y", "origin": [7, 9, 4.6]},
			"faces": {
				"north": {"uv": [2, 7, 4, 8], "texture": "#1"},
				"east": {"uv": [4, 7, 6, 8], "texture": "#1"},
				"south": {"uv": [2, 8, 4, 9], "texture": "#1"},
				"west": {"uv": [4, 8, 6, 9], "texture": "#1"},
				"up": {"uv": [8, 8, 6, 6], "texture": "#1"},
				"down": {"uv": [2, 7, 0, 9], "texture": "#1"}
			}
		},
		{
			"from": [8, 12, 5.1],
			"to": [9, 15, 6.1],
			"rotation": {"angle": 0, "axis": "y", "origin": [8, 12, 5.1]},
			"faces": {
				"north": {"uv": [6, 8, 6.5, 9.5], "texture": "#1"},
				"east": {"uv": [8, 6, 8.5, 7.5], "texture": "#1"},
				"south": {"uv": [6.5, 8, 7, 9.5], "texture": "#1"},
				"west": {"uv": [7, 8, 7.5, 9.5], "texture": "#1"},
				"up": {"uv": [8.5, 9, 8, 8.5], "texture": "#1"},
				"down": {"uv": [9, 8, 8.5, 8.5], "texture": "#1"}
			}
		},
		{
			"from": [7, 11, 5.1],
			"to": [8, 13, 6.1],
			"rotation": {"angle": 0, "axis": "y", "origin": [7, 11, 4.1]},
			"faces": {
				"north": {"uv": [7.5, 8, 8, 9], "texture": "#1"},
				"east": {"uv": [8, 7.5, 8.5, 8.5], "texture": "#1"},
				"south": {"uv": [8.5, 6, 9, 7], "texture": "#1"},
				"west": {"uv": [8.5, 7, 9, 8], "texture": "#1"},
				"up": {"uv": [9, 9, 8.5, 8.5], "texture": "#1"},
				"down": {"uv": [0.5, 9, 0, 9.5], "texture": "#1"}
			}
		}
	],
	"gui_light": "front",
	"display": {
		"thirdperson_righthand": {
			"rotation": [165.17, -87.72, 97.68],
			"translation": [-1.5, -2.75, -4.25],
			"scale": [0.8, 0.8, 0.8]
		},
		"thirdperson_lefthand": {
			"rotation": [165.17, -87.72, 97.68],
			"translation": [-1.5, -3.25, -4.25],
			"scale": [0.8, 0.8, 0.8]
		},
		"firstperson_righthand": {
			"rotation": [0, -126, 0],
			"translation": [-1.5, 14, -5]
		},
		"firstperson_lefthand": {
			"rotation": [0, -126, 0],
			"translation": [-1.5, 14, -4.75]
		},
		"ground": {
			"translation": [0, 1.5, 0],
			"scale": [0.7, 0.7, 0.7]
		},
		"gui": {
			"translation": [0, -0.25, 0]
		},
		"fixed": {
			"translation": [0, 0, 3]
		}
	}
}