{
	"credit": "Made with Blockbench",
	"texture_size": [32, 32],
	"textures": {
		"0": "item/akte"
	},
	"elements": [
		{
			"from": [0, 0, 0],
			"to": [5, 12, 16],
			"faces": {
				"north": {"uv": [10.5, 0, 13, 6], "texture": "#0"},
				"east": {"uv": [0, 0, 8, 6], "texture": "#0"},
				"south": {"uv": [10.5, 6, 13, 12], "texture": "#0"},
				"west": {"uv": [0, 6, 8, 12], "texture": "#0"},
				"up": {"uv": [10.5, 8, 8, 0], "texture": "#0"},
				"down": {"uv": [10.5, 8, 8, 16], "texture": "#0"}
			}
		},
		{
			"from": [1, 12, 4],
			"to": [4, 16, 5],
			"faces": {
				"north": {"uv": [3, 12, 4.5, 14], "texture": "#0"},
				"east": {"uv": [7.5, 12, 8, 14], "texture": "#0"},
				"south": {"uv": [4.5, 12, 6, 14], "texture": "#0"},
				"west": {"uv": [13, 0, 13.5, 2], "texture": "#0"},
				"up": {"uv": [14.5, 6.5, 13, 6], "texture": "#0"},
				"down": {"uv": [14.5, 6.5, 13, 7], "texture": "#0"}
			}
		},
		{
			"from": [1, 12, 11],
			"to": [4, 16, 12],
			"faces": {
				"north": {"uv": [6, 12, 7.5, 14], "texture": "#0"},
				"east": {"uv": [13, 2, 13.5, 4], "texture": "#0"},
				"south": {"uv": [10.5, 12, 12, 14], "texture": "#0"},
				"west": {"uv": [13, 4, 13.5, 6], "texture": "#0"},
				"up": {"uv": [14.5, 7.5, 13, 7], "texture": "#0"},
				"down": {"uv": [14.5, 7.5, 13, 8], "texture": "#0"}
			}
		},
		{
			"from": [1, 15, 5],
			"to": [4, 16, 11],
			"faces": {
				"north": {"uv": [13, 8, 14.5, 8.5], "texture": "#0"},
				"east": {"uv": [12, 12, 15, 12.5], "texture": "#0"},
				"south": {"uv": [13, 8.5, 14.5, 9], "texture": "#0"},
				"west": {"uv": [12, 12.5, 15, 13], "texture": "#0"},
				"up": {"uv": [1.5, 15, 0, 12], "texture": "#0"},
				"down": {"uv": [3, 12, 1.5, 15], "texture": "#0"}
			}
		}
	],
	"display": {
		"thirdperson_righthand": {
			"rotation": [90, 0, 0],
			"translation": [4.25, -2, -4.25],
			"scale": [0.75, 0.75, 0.75]
		},
		"thirdperson_lefthand": {
			"rotation": [90, 0, 0],
			"translation": [-4, -2, -4.5],
			"scale": [0.75, 0.75, 0.75]
		},
		"firstperson_righthand": {
			"translation": [8.25, -3.25, 0]
		},
		"firstperson_lefthand": {
			"translation": [0, -1.25, 0]
		},
		"ground": {
			"translation": [2.25, 1.75, 0],
			"scale": [0.5, 0.5, 0.5]
		},
		"gui": {
			"rotation": [0, -90, 0],
			"scale": [0.8, 0.8, 0.8]
		},
		"head": {
			"rotation": [2, 91, 0],
			"translation": [0, 14.25, -4.75]
		},
		"fixed": {
			"rotation": [-90, 0, 0],
			"translation": [8.25, 0, -12],
			"scale": [1.5, 1.5, 1.5]
		}
	}
}