{
	"texture_size": [64, 64],
	"textures": {
		"3": "item/anchor"
	},
	"elements": [
		{
			"from": [6.71936, 0, 6.45],
			"to": [9.71936, 1, 9.45],
			"rotation": {"angle": 0, "axis": "y", "origin": [8.71936, 0, 6.45]},
			"faces": {
				"north": {"uv": [13.25, 0.75, 14, 1], "texture": "#3"},
				"east": {"uv": [13.25, 1, 14, 1.25], "texture": "#3"},
				"south": {"uv": [13.25, 1.25, 14, 1.5], "texture": "#3"},
				"west": {"uv": [9.5, 5.25, 10.25, 5.5], "texture": "#3"},
				"up": {"uv": [10.25, 4.75, 9.5, 4], "texture": "#3"},
				"down": {"uv": [12.75, 1.5, 12, 2.25], "texture": "#3"}
			}
		},
		{
			"from": [6.71936, 2, 6.45],
			"to": [9.71936, 3, 9.45],
			"rotation": {"angle": 0, "axis": "y", "origin": [8.71936, 0, 6.45]},
			"faces": {
				"north": {"uv": [13.25, 1.5, 14, 1.75], "texture": "#3"},
				"east": {"uv": [13.25, 1.75, 14, 2], "texture": "#3"},
				"south": {"uv": [13.25, 2, 14, 2.25], "texture": "#3"},
				"west": {"uv": [10.25, 5.25, 11, 5.5], "texture": "#3"},
				"up": {"uv": [11, 4.75, 10.25, 4], "texture": "#3"},
				"down": {"uv": [12.75, 2.25, 12, 3], "texture": "#3"}
			}
		},
		{
			"from": [7.21936, 3, 6.95],
			"to": [9.21936, 17, 8.95],
			"rotation": {"angle": 0, "axis": "y", "origin": [8.71936, 0, 6.45]},
			"faces": {
				"north": {"uv": [8, 2, 8.5, 5.5], "texture": "#3"},
				"east": {"uv": [10, 0, 10.5, 3.5], "texture": "#3"},
				"south": {"uv": [8.5, 2, 9, 5.5], "texture": "#3"},
				"west": {"uv": [9, 2, 9.5, 5.5], "texture": "#3"},
				"up": {"uv": [10, 2.5, 9.5, 2], "texture": "#3"},
				"down": {"uv": [10, 2.5, 9.5, 3], "texture": "#3"}
			}
		},
		{
			"from": [0.87274, 15.60704, 6.95],
			"to": [6.67274, 17.60704, 8.95],
			"rotation": {"angle": -22.5, "axis": "z", "origin": [8.71936, 0, 6.45]},
			"faces": {
				"north": {"uv": [10.5, 0, 12, 0.5], "texture": "#3"},
				"east": {"uv": [9.5, 3, 10, 3.5], "texture": "#3"},
				"south": {"uv": [10.5, 0.5, 12, 1], "texture": "#3"},
				"west": {"uv": [12.25, 3.5, 12.75, 4], "texture": "#3"},
				"up": {"uv": [12, 1.5, 10.5, 1], "texture": "#3"},
				"down": {"uv": [10.5, 1.5, 12, 2], "texture": "#3"}
			}
		},
		{
			"from": [9.68391, 16.02998, 6.95],
			"to": [15.58391, 18.02998, 8.95],
			"rotation": {"angle": 22.5, "axis": "z", "origin": [8.71936, 0, 6.45]},
			"faces": {
				"north": {"uv": [10.5, 2, 12, 2.5], "texture": "#3"},
				"east": {"uv": [12.25, 4, 12.75, 4.5], "texture": "#3"},
				"south": {"uv": [10.5, 2.5, 12, 3], "texture": "#3"},
				"west": {"uv": [11, 4.5, 11.5, 5], "texture": "#3"},
				"up": {"uv": [12, 3.5, 10.5, 3], "texture": "#3"},
				"down": {"uv": [11, 3.5, 9.5, 4], "texture": "#3"}
			}
		},
		{
			"from": [12.32611, 13.92046, 7.45],
			"to": [17.32611, 15.92046, 8.45],
			"rotation": {"angle": 45, "axis": "z", "origin": [8.71936, 0, 6.45]},
			"faces": {
				"north": {"uv": [11, 3.5, 12.25, 4], "texture": "#3"},
				"east": {"uv": [9.25, 5.5, 9.5, 6], "texture": "#3"},
				"south": {"uv": [12, 0, 13.25, 0.5], "texture": "#3"},
				"west": {"uv": [9.5, 5.5, 9.75, 6], "texture": "#3"},
				"up": {"uv": [12.25, 4.25, 11, 4], "texture": "#3"},
				"down": {"uv": [13.25, 3, 12, 3.25], "texture": "#3"}
			}
		},
		{
			"from": [6.78391, 14.22998, 7.55],
			"to": [8.78391, 16.22998, 8.35],
			"rotation": {"angle": 22.5, "axis": "z", "origin": [8.71936, 0, 6.45]},
			"faces": {
				"north": {"uv": [11.5, 5, 12, 5.5], "texture": "#3"},
				"east": {"uv": [10.25, 5.5, 10.5, 6], "texture": "#3"},
				"south": {"uv": [12, 5, 12.5, 5.5], "texture": "#3"},
				"west": {"uv": [10.5, 5.5, 10.75, 6], "texture": "#3"},
				"up": {"uv": [11.25, 5.75, 10.75, 5.5], "texture": "#3"},
				"down": {"uv": [11.75, 5.5, 11.25, 5.75], "texture": "#3"}
			}
		},
		{
			"from": [7.36251, 12.5, 7.39315],
			"to": [8.36251, 14.5, 8.19315],
			"rotation": {"angle": 45, "axis": "y", "origin": [8.71936, 0, 6.45]},
			"faces": {
				"north": {"uv": [12.5, 5.5, 12.75, 6], "texture": "#3"},
				"east": {"uv": [13.5, 4.5, 13.75, 5], "texture": "#3"},
				"south": {"uv": [12.75, 5.5, 13, 6], "texture": "#3"},
				"west": {"uv": [13.25, 5.5, 13.5, 6], "texture": "#3"},
				"up": {"uv": [11.5, 6, 11.25, 5.75], "texture": "#3"},
				"down": {"uv": [11.75, 5.75, 11.5, 6], "texture": "#3"}
			}
		},
		{
			"from": [7.01936, 7.5, 8.35],
			"to": [8.01936, 8.5, 9.15],
			"rotation": {"angle": 0, "axis": "y", "origin": [8.71936, 0, 6.45]},
			"faces": {
				"north": {"uv": [13.75, 3.75, 14, 4], "texture": "#3"},
				"east": {"uv": [12, 5.75, 12.25, 6], "texture": "#3"},
				"south": {"uv": [13.75, 4, 14, 4.25], "texture": "#3"},
				"west": {"uv": [12.25, 5.75, 12.5, 6], "texture": "#3"},
				"up": {"uv": [14, 4.75, 13.75, 4.5], "texture": "#3"},
				"down": {"uv": [14, 4.75, 13.75, 5], "texture": "#3"}
			}
		},
		{
			"from": [-1.0011, 13.50675, 8.45],
			"to": [-0.0011, 14.50675, 9.25],
			"rotation": {"angle": -45, "axis": "z", "origin": [8.71936, 0, 6.45]},
			"faces": {
				"north": {"uv": [13.75, 5, 14, 5.25], "texture": "#3"},
				"east": {"uv": [13.5, 5.75, 13.75, 6], "texture": "#3"},
				"south": {"uv": [13.75, 5.5, 14, 5.75], "texture": "#3"},
				"west": {"uv": [13.75, 5.75, 14, 6], "texture": "#3"},
				"up": {"uv": [8.25, 6.25, 8, 6], "texture": "#3"},
				"down": {"uv": [14.25, 0, 14, 0.25], "texture": "#3"}
			}
		},
		{
			"from": [-6.0011, 9.50675, 6.75],
			"to": [-5.0011, 10.50675, 7.55],
			"rotation": {"angle": -45, "axis": "z", "origin": [8.71936, 0, 6.45]},
			"faces": {
				"north": {"uv": [8.25, 6, 8.5, 6.25], "texture": "#3"},
				"east": {"uv": [14, 0.25, 14.25, 0.5], "texture": "#3"},
				"south": {"uv": [8.5, 6, 8.75, 6.25], "texture": "#3"},
				"west": {"uv": [14, 0.5, 14.25, 0.75], "texture": "#3"},
				"up": {"uv": [14.25, 1, 14, 0.75], "texture": "#3"},
				"down": {"uv": [14.25, 1, 14, 1.25], "texture": "#3"}
			}
		},
		{
			"from": [7.27274, 13.80704, 7.55],
			"to": [9.27274, 15.80704, 8.35],
			"rotation": {"angle": -22.5, "axis": "z", "origin": [8.71936, 0, 6.45]},
			"faces": {
				"north": {"uv": [12.5, 5, 13, 5.5], "texture": "#3"},
				"east": {"uv": [11.75, 5.5, 12, 6], "texture": "#3"},
				"south": {"uv": [13, 4.5, 13.5, 5], "texture": "#3"},
				"west": {"uv": [13.5, 3.75, 13.75, 4.25], "texture": "#3"},
				"up": {"uv": [12.5, 5.75, 12, 5.5], "texture": "#3"},
				"down": {"uv": [14, 4.25, 13.5, 4.5], "texture": "#3"}
			}
		},
		{
			"from": [-1.0011, 13.00675, 7.45],
			"to": [3.9989, 15.00675, 8.45],
			"rotation": {"angle": -45, "axis": "z", "origin": [8.71936, 0, 6.45]},
			"faces": {
				"north": {"uv": [12, 0.5, 13.25, 1], "texture": "#3"},
				"east": {"uv": [9.75, 5.5, 10, 6], "texture": "#3"},
				"south": {"uv": [12, 1, 13.25, 1.5], "texture": "#3"},
				"west": {"uv": [10, 5.5, 10.25, 6], "texture": "#3"},
				"up": {"uv": [13.25, 3.5, 12, 3.25], "texture": "#3"},
				"down": {"uv": [12.25, 4.25, 11, 4.5], "texture": "#3"}
			}
		},
		{
			"from": [3.21936, 16.9, 7.95],
			"to": [11.21936, 20.9, 7.95],
			"rotation": {"angle": 0, "axis": "y", "origin": [8.71936, 0, 6.45]},
			"faces": {
				"north": {"uv": [8, 0, 10, 1], "texture": "#3"},
				"east": {"uv": [8, 0, 8, 1], "texture": "#3"},
				"south": {"uv": [8, 1, 10, 2], "texture": "#3"},
				"west": {"uv": [8, 0, 8, 1], "texture": "#3"},
				"up": {"uv": [10, 0, 8, 0], "texture": "#3"},
				"down": {"uv": [10, 0, 8, 0], "texture": "#3"}
			}
		},
		{
			"from": [3.21936, 16.9, 7.95],
			"to": [11.21936, 20.9, 7.95],
			"rotation": {"angle": 0, "axis": "y", "origin": [8.71936, 0, 6.45]},
			"faces": {
				"north": {"uv": [8, 0, 10, 1], "texture": "#3"},
				"east": {"uv": [8, 0, 8, 1], "texture": "#3"},
				"south": {"uv": [8, 1, 10, 2], "texture": "#3"},
				"west": {"uv": [8, 0, 8, 1], "texture": "#3"},
				"up": {"uv": [10, 0, 8, 0], "texture": "#3"},
				"down": {"uv": [10, 0, 8, 0], "texture": "#3"}
			}
		},
		{
			"from": [8.71936, 4, 7.45],
			"to": [11.71936, 5, 8.45],
			"rotation": {"angle": 0, "axis": "y", "origin": [8.71936, 0, 6.45]},
			"faces": {
				"north": {"uv": [13.25, 2.25, 14, 2.5], "texture": "#3"},
				"east": {"uv": [8.25, 5.75, 8.5, 6], "texture": "#3"},
				"south": {"uv": [13.25, 2.5, 14, 2.75], "texture": "#3"},
				"west": {"uv": [8.5, 5.75, 8.75, 6], "texture": "#3"},
				"up": {"uv": [14, 3, 13.25, 2.75], "texture": "#3"},
				"down": {"uv": [14, 3, 13.25, 3.25], "texture": "#3"}
			}
		},
		{
			"from": [4.71936, 4, 7.45],
			"to": [7.71936, 5, 8.45],
			"rotation": {"angle": 0, "axis": "y", "origin": [8.71936, 0, 6.45]},
			"faces": {
				"north": {"uv": [13, 5, 13.75, 5.25], "texture": "#3"},
				"east": {"uv": [13.5, 5.5, 13.75, 5.75], "texture": "#3"},
				"south": {"uv": [13.25, 0, 14, 0.25], "texture": "#3"},
				"west": {"uv": [8, 5.75, 8.25, 6], "texture": "#3"},
				"up": {"uv": [14, 0.5, 13.25, 0.25], "texture": "#3"},
				"down": {"uv": [14, 0.5, 13.25, 0.75], "texture": "#3"}
			}
		},
		{
			"from": [8.71936, 1, 6.45],
			"to": [9.71936, 2, 9.45],
			"rotation": {"angle": 0, "axis": "y", "origin": [8.71936, 0, 6.45]},
			"faces": {
				"north": {"uv": [9.25, 6, 9.5, 6.25], "texture": "#3"},
				"east": {"uv": [13.25, 5.25, 14, 5.5], "texture": "#3"},
				"south": {"uv": [14, 1.25, 14.25, 1.5], "texture": "#3"},
				"west": {"uv": [8, 5.5, 8.75, 5.75], "texture": "#3"},
				"up": {"uv": [9, 6.25, 8.75, 5.5], "texture": "#3"},
				"down": {"uv": [9.25, 5.5, 9, 6.25], "texture": "#3"}
			}
		},
		{
			"from": [6.71936, 1, 6.45],
			"to": [7.71936, 2, 9.45],
			"rotation": {"angle": 0, "axis": "y", "origin": [8.71936, 0, 6.45]},
			"faces": {
				"north": {"uv": [10.75, 5.75, 11, 6], "texture": "#3"},
				"east": {"uv": [13.25, 3.25, 14, 3.5], "texture": "#3"},
				"south": {"uv": [11, 5.75, 11.25, 6], "texture": "#3"},
				"west": {"uv": [13.25, 3.5, 14, 3.75], "texture": "#3"},
				"up": {"uv": [13.5, 4.5, 13.25, 3.75], "texture": "#3"},
				"down": {"uv": [13.25, 5.25, 13, 6], "texture": "#3"}
			}
		},
		{
			"from": [7.11936, 15, -0.35],
			"to": [9.31936, 17, 1.65],
			"rotation": {"angle": 22.5, "axis": "x", "origin": [8.71936, 0, 6.45]},
			"faces": {
				"north": {"uv": [11.5, 4.5, 12, 5], "texture": "#3"},
				"east": {"uv": [12, 4.5, 12.5, 5], "texture": "#3"},
				"south": {"uv": [12.5, 4.5, 13, 5], "texture": "#3"},
				"west": {"uv": [9.5, 4.75, 10, 5.25], "texture": "#3"},
				"up": {"uv": [13.25, 2, 12.75, 1.5], "texture": "#3"},
				"down": {"uv": [10.5, 4.75, 10, 5.25], "texture": "#3"}
			}
		},
		{
			"from": [7.11936, 13.9, 14.05],
			"to": [9.31936, 15.9, 16.05],
			"rotation": {"angle": -22.5, "axis": "x", "origin": [8.71936, 0, 6.45]},
			"faces": {
				"north": {"uv": [12.75, 2, 13.25, 2.5], "texture": "#3"},
				"east": {"uv": [10.5, 4.75, 11, 5.25], "texture": "#3"},
				"south": {"uv": [12.75, 2.5, 13.25, 3], "texture": "#3"},
				"west": {"uv": [12.75, 3.5, 13.25, 4], "texture": "#3"},
				"up": {"uv": [13.25, 4.5, 12.75, 4], "texture": "#3"},
				"down": {"uv": [11.5, 5, 11, 5.5], "texture": "#3"}
			}
		},
		{
			"from": [11.21936, 16.9, 7.95],
			"to": [15.21936, 20.9, 7.95],
			"rotation": {"angle": 0, "axis": "y", "origin": [8.71936, 0, 6.45]},
			"faces": {
				"north": {"uv": [0, 0, 2, 2], "texture": "#3"},
				"east": {"uv": [0, 0, 0, 2], "texture": "#3"},
				"south": {"uv": [0, 2, 2, 4], "texture": "#3"},
				"west": {"uv": [0, 0, 0, 2], "texture": "#3"},
				"up": {"uv": [2, 0, 0, 0], "texture": "#3"},
				"down": {"uv": [2, 0, 0, 0], "texture": "#3"}
			}
		},
		{
			"from": [9, 11, 8],
			"to": [14, 17, 8],
			"faces": {
				"north": {"uv": [2.5, 11, 0, 14], "texture": "#3"},
				"east": {"uv": [0, 8, 0, 11], "texture": "#3"},
				"south": {"uv": [2.5, 11, 5, 14], "texture": "#3"},
				"west": {"uv": [0, 8, 0, 11], "texture": "#3"},
				"up": {"uv": [2.5, 8, 0, 8], "texture": "#3"},
				"down": {"uv": [2.5, 8, 0, 8], "texture": "#3"}
			}
		},
		{
			"from": [1, 11, 8],
			"to": [6, 17, 8],
			"faces": {
				"north": {"uv": [2.5, 8, 0, 11], "texture": "#3"},
				"east": {"uv": [0, 8, 0, 11], "texture": "#3"},
				"south": {"uv": [2.5, 8, 5, 11], "texture": "#3"},
				"west": {"uv": [0, 8, 0, 11], "texture": "#3"},
				"up": {"uv": [2.5, 8, 0, 8], "texture": "#3"},
				"down": {"uv": [2.5, 8, 0, 8], "texture": "#3"}
			}
		},
		{
			"from": [7, -2, 8],
			"to": [12, 4, 8],
			"faces": {
				"north": {"uv": [7.5, 8, 5, 11], "texture": "#3"},
				"east": {"uv": [0, 8, 0, 11], "texture": "#3"},
				"south": {"uv": [5, 11, 7.5, 14], "texture": "#3"},
				"west": {"uv": [0, 8, 0, 11], "texture": "#3"},
				"up": {"uv": [2.5, 8, 0, 8], "texture": "#3"},
				"down": {"uv": [2.5, 8, 0, 8], "texture": "#3"}
			}
		}
	],
	"gui_light": "front",
	"display": {
		"thirdperson_righthand": {
			"rotation": [0, -90, 0],
			"translation": [0.25, -2.5, 0.5],
			"scale": [0.9, 0.9, 0.9]
		},
		"thirdperson_lefthand": {
			"rotation": [0, -90, 0],
			"translation": [0.75, -2.5, 0.5],
			"scale": [0.9, 0.9, 0.9]
		},
		"firstperson_righthand": {
			"rotation": [0, -90, 0],
			"translation": [2.25, -1, -2],
			"scale": [0.9, 0.9, 0.9]
		},
		"firstperson_lefthand": {
			"rotation": [0, -90, 0],
			"translation": [2.25, -1, -2],
			"scale": [0.9, 0.9, 0.9]
		},
		"ground": {
			"rotation": [135, -90, 0],
			"translation": [0, 2.25, 0],
			"scale": [0.5, 0.5, 0.5]
		},
		"gui": {
			"rotation": [0, 0, 45],
			"translation": [2.25, -1.75, 0],
			"scale": [0.75, 0.75, 0.75]
		},
		"head": {
			"rotation": [18, -2, -129],
			"translation": [-4.5, 14.25, 2]
		},
		"fixed": {
			"rotation": [-90, -4, -145],
			"translation": [-7.5, -0.25, -18.75],
			"scale": [2.01, 2.01, 2.01]
		}
	}
}