{
	"credit": "Made with Blockbench",
	"texture_size": [32, 32],
	"textures": {
		"0": "item/devil"
	},
	"elements": [
		{
			"from": [3.7, 0, -0.2],
			"to": [6.3, 2, 2.3],
			"rotation": {"angle": 22.5, "axis": "x", "origin": [0, 0, 0]},
			"faces": {
				"north": {"uv": [4, 5, 5.5, 6], "texture": "#0"},
				"east": {"uv": [5.5, 0, 7, 1], "texture": "#0"},
				"south": {"uv": [1, 5.5, 2.5, 6.5], "texture": "#0"},
				"west": {"uv": [5.5, 1, 7, 2], "texture": "#0"},
				"up": {"uv": [1.5, 1.5, 0, 0], "texture": "#0"},
				"down": {"uv": [1.5, 1.5, 0, 3], "texture": "#0"}
			}
		},
		{
			"from": [3.7, -2, -0.2],
			"to": [6.3, 0, 2.3],
			"rotation": {"angle": 22.5, "axis": "x", "origin": [0, 0, 0]},
			"faces": {
				"north": {"uv": [7, 0, 8.5, 1], "texture": "#0"},
				"east": {"uv": [7, 1, 8.5, 2], "texture": "#0"},
				"south": {"uv": [3, 7, 4.5, 8], "texture": "#0"},
				"west": {"uv": [4.5, 7, 6, 8], "texture": "#0"},
				"up": {"uv": [3, 4.5, 1.5, 3], "texture": "#0"},
				"down": {"uv": [4.5, 1.5, 3, 3], "texture": "#0"}
			}
		},
		{
			"from": [3.8, 2, -0.6],
			"to": [6.2, 4, 1.6],
			"rotation": {"angle": 45, "axis": "x", "origin": [0, 0, 0]},
			"faces": {
				"north": {"uv": [7, 5, 8, 6], "texture": "#0"},
				"east": {"uv": [6, 7, 7, 8], "texture": "#0"},
				"south": {"uv": [7, 6, 8, 7], "texture": "#0"},
				"west": {"uv": [7, 7, 8, 8], "texture": "#0"},
				"up": {"uv": [1, 8.5, 0, 7.5], "texture": "#0"},
				"down": {"uv": [2, 7.5, 1, 8.5], "texture": "#0"}
			}
		},
		{
			"from": [3.9, 0.3, 3.5],
			"to": [6.1, 1.9, 7.5],
			"rotation": {"angle": -22.5, "axis": "x", "origin": [0, 0, 0]},
			"faces": {
				"north": {"uv": [2, 7.5, 3, 8.5], "texture": "#0"},
				"east": {"uv": [3, 3, 5, 4], "texture": "#0"},
				"south": {"uv": [7.5, 3, 8.5, 4], "texture": "#0"},
				"west": {"uv": [3, 4, 5, 5], "texture": "#0"},
				"up": {"uv": [1, 6.5, 0, 4.5], "texture": "#0"},
				"down": {"uv": [5.5, 0, 4.5, 2], "texture": "#0"}
			}
		},
		{
			"from": [5.9, 2.9, 3.4],
			"to": [7.3, 4.3, 7.4],
			"rotation": {"angle": -22.5, "axis": "y", "origin": [0, 0, 0]},
			"faces": {
				"north": {"uv": [2.5, 5.5, 3, 6], "texture": "#0"},
				"east": {"uv": [7.5, 4, 9.5, 4.5], "texture": "#0"},
				"south": {"uv": [2.5, 6, 3, 6.5], "texture": "#0"},
				"west": {"uv": [7.5, 4.5, 9.5, 5], "texture": "#0"},
				"up": {"uv": [3.5, 10, 3, 8], "texture": "#0"},
				"down": {"uv": [4, 8, 3.5, 10], "texture": "#0"}
			}
		},
		{
			"from": [2, 2.9, 7.4],
			"to": [3, 3.9, 11.4],
			"rotation": {"angle": 22.5, "axis": "y", "origin": [0, 0, 0]},
			"faces": {
				"north": {"uv": [9, 1.5, 9.5, 2], "texture": "#0"},
				"east": {"uv": [8, 2, 10, 2.5], "texture": "#0"},
				"south": {"uv": [1, 9.5, 1.5, 10], "texture": "#0"},
				"west": {"uv": [8, 2.5, 10, 3], "texture": "#0"},
				"up": {"uv": [4.5, 10, 4, 8], "texture": "#0"},
				"down": {"uv": [5, 8, 4.5, 10], "texture": "#0"}
			}
		},
		{
			"from": [9.7, 0, -0.2],
			"to": [12.3, 2, 2.3],
			"rotation": {"angle": 22.5, "axis": "x", "origin": [6, 0, 0]},
			"faces": {
				"north": {"uv": [5.5, 5, 7, 6], "texture": "#0"},
				"east": {"uv": [6, 3, 7.5, 4], "texture": "#0"},
				"south": {"uv": [4, 6, 5.5, 7], "texture": "#0"},
				"west": {"uv": [6, 4, 7.5, 5], "texture": "#0"},
				"up": {"uv": [3, 1.5, 1.5, 0], "texture": "#0"},
				"down": {"uv": [3, 1.5, 1.5, 3], "texture": "#0"}
			}
		},
		{
			"from": [9.7, -2, -0.2],
			"to": [12.3, 0, 2.3],
			"rotation": {"angle": 22.5, "axis": "x", "origin": [6, 0, 0]},
			"faces": {
				"north": {"uv": [5.5, 6, 7, 7], "texture": "#0"},
				"east": {"uv": [0, 6.5, 1.5, 7.5], "texture": "#0"},
				"south": {"uv": [1.5, 6.5, 3, 7.5], "texture": "#0"},
				"west": {"uv": [6.5, 2, 8, 3], "texture": "#0"},
				"up": {"uv": [1.5, 4.5, 0, 3], "texture": "#0"},
				"down": {"uv": [4.5, 0, 3, 1.5], "texture": "#0"}
			}
		},
		{
			"from": [9.8, 2, -0.6],
			"to": [12.2, 4, 1.6],
			"rotation": {"angle": 45, "axis": "x", "origin": [6, 0, 0]},
			"faces": {
				"north": {"uv": [8.5, 3, 9.5, 4], "texture": "#0"},
				"east": {"uv": [5, 8.5, 6, 9.5], "texture": "#0"},
				"south": {"uv": [8.5, 5.5, 9.5, 6.5], "texture": "#0"},
				"west": {"uv": [6, 8.5, 7, 9.5], "texture": "#0"},
				"up": {"uv": [9.5, 7.5, 8.5, 6.5], "texture": "#0"},
				"down": {"uv": [8.5, 8.5, 7.5, 9.5], "texture": "#0"}
			}
		},
		{
			"from": [9.9, 0.3, 3.5],
			"to": [12.1, 1.9, 7.5],
			"rotation": {"angle": -22.5, "axis": "x", "origin": [6, 0, 0]},
			"faces": {
				"north": {"uv": [0.5, 8.5, 1.5, 9.5], "texture": "#0"},
				"east": {"uv": [1, 4.5, 3, 5.5], "texture": "#0"},
				"south": {"uv": [1.5, 8.5, 2.5, 9.5], "texture": "#0"},
				"west": {"uv": [4.5, 2, 6.5, 3], "texture": "#0"},
				"up": {"uv": [4, 7, 3, 5], "texture": "#0"},
				"down": {"uv": [6, 3, 5, 5], "texture": "#0"}
			}
		},
		{
			"from": [7.5, 2.9, 7.45],
			"to": [8.9, 4.3, 11.45],
			"rotation": {"angle": 22.5, "axis": "y", "origin": [6, 0, 0]},
			"faces": {
				"north": {"uv": [2, 9.5, 2.5, 10], "texture": "#0"},
				"east": {"uv": [7.5, 8, 9.5, 8.5], "texture": "#0"},
				"south": {"uv": [9.5, 3, 10, 3.5], "texture": "#0"},
				"west": {"uv": [8, 7.5, 10, 8], "texture": "#0"},
				"up": {"uv": [0.5, 10.5, 0, 8.5], "texture": "#0"},
				"down": {"uv": [9, 0, 8.5, 2], "texture": "#0"}
			}
		},
		{
			"from": [11.9, 6.1, 7.35],
			"to": [12.9, 7.1, 11.35],
			"rotation": {"angle": 22.5, "axis": "x", "origin": [6, 0, 0]},
			"faces": {
				"north": {"uv": [9.5, 3.5, 10, 4], "texture": "#0"},
				"east": {"uv": [8.5, 8.5, 10.5, 9], "texture": "#0"},
				"south": {"uv": [9.5, 4, 10, 4.5], "texture": "#0"},
				"west": {"uv": [9, 0, 11, 0.5], "texture": "#0"},
				"up": {"uv": [3, 10.5, 2.5, 8.5], "texture": "#0"},
				"down": {"uv": [9, 9, 8.5, 11], "texture": "#0"}
			}
		},
		{
			"from": [2.8, 6.1, 6.95],
			"to": [3.8, 7.1, 10.95],
			"rotation": {"angle": 22.5, "axis": "x", "origin": [7, 0, 0]},
			"faces": {
				"north": {"uv": [9.5, 4.5, 10, 5], "texture": "#0"},
				"east": {"uv": [9, 0.5, 11, 1], "texture": "#0"},
				"south": {"uv": [5, 9.5, 5.5, 10], "texture": "#0"},
				"west": {"uv": [9, 1, 11, 1.5], "texture": "#0"},
				"up": {"uv": [9.5, 11, 9, 9], "texture": "#0"},
				"down": {"uv": [1, 9.5, 0.5, 11.5], "texture": "#0"}
			}
		},
		{
			"from": [12.2, 2.9, 3.6],
			"to": [13.2, 3.9, 7.6],
			"rotation": {"angle": -22.5, "axis": "y", "origin": [6, 0, 0]},
			"faces": {
				"north": {"uv": [1.5, 9.5, 2, 10], "texture": "#0"},
				"east": {"uv": [5, 8, 7, 8.5], "texture": "#0"},
				"south": {"uv": [9.5, 1.5, 10, 2], "texture": "#0"},
				"west": {"uv": [8, 5, 10, 5.5], "texture": "#0"},
				"up": {"uv": [8.5, 7.5, 8, 5.5], "texture": "#0"},
				"down": {"uv": [7.5, 8, 7, 10], "texture": "#0"}
			}
		}
	],
	"display": {
		"thirdperson_righthand": {
			"rotation": [-24, 7, -3],
			"translation": [1.5, 6.75, 3.75],
			"scale": [0.55, 0.53, 0.55]
		},
		"firstperson_righthand": {
			"rotation": [-82, 7, 3],
			"translation": [0, 5, -8.25]
		},
		"ground": {
			"translation": [0, 6, 0],
			"scale": [0.7, 0.7, 0.7]
		},
		"head": {
			"translation": [0, 17.5, 8],
			"scale": [1.2, 1.2, 1.2]
		},
		"fixed": {
			"rotation": [68, 180, -180],
			"translation": [0.5, 2.25, -25],
			"scale": [2, 2, 2]
		}
	}
}