{
	"credit": "Made with Blockbench",
	"texture_size": [8, 8],
	"textures": {
		"0": "item/dwarven_axe_one",
		"1": "item/dwarven_axe_two",
		"2": "item/dwarven_axe_three"
	},
	"elements": [
		{
			"from": [3, -4, 7],
			"to": [5, -2, 9],
			"rotation": {"angle": -45, "axis": "z", "origin": [0, -8, 0]},
			"faces": {
				"north": {"uv": [0, 10, 1, 11], "texture": "#0"},
				"east": {"uv": [1, 10, 2, 11], "texture": "#0"},
				"south": {"uv": [2, 10, 3, 11], "texture": "#0"},
				"west": {"uv": [3, 10, 4, 11], "texture": "#0"},
				"up": {"uv": [5, 11, 4, 10], "texture": "#0"},
				"down": {"uv": [6, 10, 5, 11], "texture": "#0"}
			}
		},
		{
			"from": [2.1, -2.8, 7.2],
			"to": [3.7, -1.2, 8.8],
			"rotation": {"angle": -45, "axis": "z", "origin": [0, -8, 0]},
			"faces": {
				"north": {"uv": [10.5, 10, 11.25, 10.75], "texture": "#0"},
				"east": {"uv": [0, 11, 0.75, 11.75], "texture": "#0"},
				"south": {"uv": [11, 0, 11.75, 0.75], "texture": "#0"},
				"west": {"uv": [1, 11, 1.75, 11.75], "texture": "#0"},
				"up": {"uv": [11.75, 1.75, 11, 1], "texture": "#0"},
				"down": {"uv": [2.75, 11, 2, 11.75], "texture": "#0"}
			}
		},
		{
			"from": [5.6, -5.6, 7.3],
			"to": [7, 7.8, 8.7],
			"rotation": {"angle": 0, "axis": "y", "origin": [0, -8, 0]},
			"faces": {
				"north": {"uv": [6, 0, 6.75, 6.75], "texture": "#0"},
				"east": {"uv": [7, 0, 7.75, 6.75], "texture": "#0"},
				"south": {"uv": [6, 7, 6.75, 13.75], "texture": "#0"},
				"west": {"uv": [7, 7, 7.75, 13.75], "texture": "#0"},
				"up": {"uv": [11.75, 2.75, 11, 2], "texture": "#0"},
				"down": {"uv": [3.75, 11, 3, 11.75], "texture": "#0"}
			}
		},
		{
			"from": [5.5, -1.6, 7.2],
			"to": [7.1, 1.8, 8.8],
			"rotation": {"angle": 0, "axis": "y", "origin": [0, -8, 0]},
			"faces": {
				"north": {"uv": [9.5, 3, 10.25, 4.75], "texture": "#0"},
				"east": {"uv": [9.5, 5, 10.25, 6.75], "texture": "#0"},
				"south": {"uv": [9.5, 7, 10.25, 8.75], "texture": "#0"},
				"west": {"uv": [9.5, 9, 10.25, 10.75], "texture": "#0"},
				"up": {"uv": [10.75, 11.75, 10, 11], "texture": "#0"},
				"down": {"uv": [11.75, 11, 11, 11.75], "texture": "#0"}
			}
		},
		{
			"from": [5.1, 7.4, 6.8],
			"to": [7.5, 11.8, 9.2],
			"rotation": {"angle": 0, "axis": "y", "origin": [0, -8, 0]},
			"faces": {
				"north": {"uv": [8, 0, 9.25, 2.25], "texture": "#0"},
				"east": {"uv": [8, 2.5, 9.25, 4.75], "texture": "#0"},
				"south": {"uv": [8, 5, 9.25, 7.25], "texture": "#0"},
				"west": {"uv": [8, 7.5, 9.25, 9.75], "texture": "#0"},
				"up": {"uv": [10.75, 1.25, 9.5, 0], "texture": "#0"},
				"down": {"uv": [10.75, 1.5, 9.5, 2.75], "texture": "#0"}
			}
		},
		{
			"from": [-0.3, 5.4, 8.2],
			"to": [5.1, 14.8, 8.2],
			"rotation": {"angle": 0, "axis": "y", "origin": [0, -8, 0]},
			"faces": {
				"north": {"uv": [0, 0, 2.75, 4.75], "texture": "#0"},
				"east": {"uv": [0, 0, 0, 4.75], "texture": "#0"},
				"south": {"uv": [3, 0, 5.75, 4.75], "texture": "#0"},
				"west": {"uv": [0, 0, 0, 4.75], "texture": "#0"},
				"up": {"uv": [2.75, 0, 0, 0], "texture": "#0"},
				"down": {"uv": [2.75, 0, 0, 0], "texture": "#0"}
			}
		},
		{
			"from": [-0.3, 5.4, 8.2],
			"to": [5.1, 14.8, 8.2],
			"rotation": {"angle": 0, "axis": "y", "origin": [0, -8, 0]},
			"faces": {
				"north": {"uv": [0, 0, 2.75, 4.75], "texture": "#0"},
				"east": {"uv": [0, 0, 0, 4.75], "texture": "#0"},
				"south": {"uv": [3, 0, 5.75, 4.75], "texture": "#0"},
				"west": {"uv": [0, 0, 0, 4.75], "texture": "#0"},
				"up": {"uv": [2.75, 0, 0, 0], "texture": "#0"},
				"down": {"uv": [2.75, 0, 0, 0], "texture": "#0"}
			}
		},
		{
			"from": [7.5, 5.4, 8.2],
			"to": [12.9, 14.8, 8.2],
			"rotation": {"angle": 0, "axis": "y", "origin": [0, -8, 0]},
			"faces": {
				"north": {"uv": [0, 5, 2.75, 9.75], "texture": "#0"},
				"east": {"uv": [0, 0, 0, 4.75], "texture": "#0"},
				"south": {"uv": [3, 5, 5.75, 9.75], "texture": "#0"},
				"west": {"uv": [0, 0, 0, 4.75], "texture": "#0"},
				"up": {"uv": [2.75, 0, 0, 0], "texture": "#0"},
				"down": {"uv": [2.75, 0, 0, 0], "texture": "#0"}
			}
		},
		{
			"from": [-7.2, 6.5, 7.1],
			"to": [-5.6, 8.2, 8.9],
			"rotation": {"angle": -45, "axis": "z", "origin": [0, -8, 0]},
			"faces": {
				"north": {"uv": [4, 11, 4.75, 11.75], "texture": "#0"},
				"east": {"uv": [8, 10, 9, 10.75], "texture": "#0"},
				"south": {"uv": [5, 11, 5.75, 11.75], "texture": "#0"},
				"west": {"uv": [10.5, 3, 11.5, 3.75], "texture": "#0"},
				"up": {"uv": [11.25, 5, 10.5, 4], "texture": "#0"},
				"down": {"uv": [11.25, 5, 10.5, 6], "texture": "#0"}
			}
		},
		{
			"from": [-10, 9.4, 6.6],
			"to": [-9.5, 9.9, 7.6],
			"rotation": {"angle": -45, "axis": "z", "origin": [0, -8, 0]},
			"faces": {
				"north": {"uv": [0, 8, 1, 9], "texture": "#2"},
				"east": {"uv": [0, 0, 2, 1], "texture": "#2"},
				"south": {"uv": [8, 0, 9, 1], "texture": "#2"},
				"west": {"uv": [0, 2, 2, 3], "texture": "#2"},
				"up": {"uv": [3, 2, 2, 0], "texture": "#2"},
				"down": {"uv": [3, 2, 2, 4], "texture": "#2"}
			}
		},
		{
			"from": [-8.9, 10.3, 8.3],
			"to": [-8.4, 10.8, 9.3],
			"rotation": {"angle": -45, "axis": "z", "origin": [0, -8, 0]},
			"faces": {
				"north": {"uv": [6, 8, 7, 9], "texture": "#2"},
				"east": {"uv": [6, 2, 8, 3], "texture": "#2"},
				"south": {"uv": [8, 6, 9, 7], "texture": "#2"},
				"west": {"uv": [4, 6, 6, 7], "texture": "#2"},
				"up": {"uv": [7, 6, 6, 4], "texture": "#2"},
				"down": {"uv": [7, 6, 6, 8], "texture": "#2"}
			}
		},
		{
			"from": [-6.6, 7.9, 6.6],
			"to": [-6.1, 8.4, 7.6],
			"rotation": {"angle": -45, "axis": "z", "origin": [0, -8, 0]},
			"faces": {
				"north": {"uv": [2, 8, 3, 9], "texture": "#2"},
				"east": {"uv": [0, 4, 2, 5], "texture": "#2"},
				"south": {"uv": [8, 2, 9, 3], "texture": "#2"},
				"west": {"uv": [4, 0, 6, 1], "texture": "#2"},
				"up": {"uv": [3, 6, 2, 4], "texture": "#2"},
				"down": {"uv": [5, 2, 4, 4], "texture": "#2"}
			}
		},
		{
			"from": [-8.2, 8.1, 6.6],
			"to": [-7.2, 9.1, 7.6],
			"rotation": {"angle": -45, "axis": "z", "origin": [0, -8, 0]},
			"faces": {
				"north": {"uv": [5, 7, 6, 8], "texture": "#1"},
				"east": {"uv": [7, 6, 8, 7], "texture": "#1"},
				"south": {"uv": [7, 7, 8, 8], "texture": "#1"},
				"west": {"uv": [0, 8, 1, 9], "texture": "#1"},
				"up": {"uv": [9, 1, 8, 0], "texture": "#1"},
				"down": {"uv": [9, 1, 8, 2], "texture": "#1"}
			}
		},
		{
			"from": [5.6, 9.2, 6.5],
			"to": [7, 10.6, 7.6],
			"rotation": {"angle": 0, "axis": "y", "origin": [0, -8, 0]},
			"faces": {
				"north": {"uv": [0, 0, 1.5, 1.5], "texture": "#1"},
				"east": {"uv": [0, 6, 1, 7.5], "texture": "#1"},
				"south": {"uv": [0, 2, 1.5, 3.5], "texture": "#1"},
				"west": {"uv": [6, 0, 7, 1.5], "texture": "#1"},
				"up": {"uv": [2.5, 7, 1, 6], "texture": "#1"},
				"down": {"uv": [7.5, 2, 6, 3], "texture": "#1"}
			}
		},
		{
			"from": [8.9, 9.3, 0],
			"to": [10, 10.5, 1.4],
			"rotation": {"angle": -45, "axis": "y", "origin": [0, -8, 0]},
			"faces": {
				"north": {"uv": [7, 3, 8, 4.25], "texture": "#1"},
				"east": {"uv": [2, 4, 3.5, 5.25], "texture": "#1"},
				"south": {"uv": [4, 7, 5, 8.25], "texture": "#1"},
				"west": {"uv": [4, 2, 5.5, 3.25], "texture": "#1"},
				"up": {"uv": [5, 5.5, 4, 4], "texture": "#1"},
				"down": {"uv": [6, 4, 5, 5.5], "texture": "#1"}
			}
		},
		{
			"from": [-9.2, 9.1, 6.6],
			"to": [-8.2, 10.1, 7.6],
			"rotation": {"angle": -45, "axis": "z", "origin": [0, -8, 0]},
			"faces": {
				"north": {"uv": [8, 2, 9, 3], "texture": "#1"},
				"east": {"uv": [3, 8, 4, 9], "texture": "#1"},
				"south": {"uv": [8, 3, 9, 4], "texture": "#1"},
				"west": {"uv": [8, 4, 9, 5], "texture": "#1"},
				"up": {"uv": [6, 9, 5, 8], "texture": "#1"},
				"down": {"uv": [9, 5, 8, 6], "texture": "#1"}
			}
		},
		{
			"from": [5.6, 9.2, 8.35],
			"to": [7, 10.6, 9.45],
			"rotation": {"angle": 0, "axis": "y", "origin": [0, -8, 1.85]},
			"faces": {
				"north": {"uv": [2, 0, 3.5, 1.5], "texture": "#1"},
				"east": {"uv": [3, 6, 4, 7.5], "texture": "#1"},
				"south": {"uv": [2, 2, 3.5, 3.5], "texture": "#1"},
				"west": {"uv": [6, 3, 7, 4.5], "texture": "#1"},
				"up": {"uv": [5.5, 7, 4, 6], "texture": "#1"},
				"down": {"uv": [7.5, 5, 6, 6], "texture": "#1"}
			}
		},
		{
			"from": [-9.2, 9.1, 8.35],
			"to": [-8.2, 10.1, 9.35],
			"rotation": {"angle": -45, "axis": "z", "origin": [0, -8, 1.85]},
			"faces": {
				"north": {"uv": [6, 8, 7, 9], "texture": "#1"},
				"east": {"uv": [8, 6, 9, 7], "texture": "#1"},
				"south": {"uv": [7, 8, 8, 9], "texture": "#1"},
				"west": {"uv": [8, 7, 9, 8], "texture": "#1"},
				"up": {"uv": [9, 9, 8, 8], "texture": "#1"},
				"down": {"uv": [1, 9, 0, 10], "texture": "#1"}
			}
		},
		{
			"from": [-8.2, 8.1, 8.35],
			"to": [-7.2, 9.1, 9.35],
			"rotation": {"angle": -45, "axis": "z", "origin": [0, -8, 1.85]},
			"faces": {
				"north": {"uv": [9, 0, 10, 1], "texture": "#1"},
				"east": {"uv": [1, 9, 2, 10], "texture": "#1"},
				"south": {"uv": [9, 1, 10, 2], "texture": "#1"},
				"west": {"uv": [2, 9, 3, 10], "texture": "#1"},
				"up": {"uv": [10, 3, 9, 2], "texture": "#1"},
				"down": {"uv": [4, 9, 3, 10], "texture": "#1"}
			}
		},
		{
			"from": [8.85, 9.2, 1.5],
			"to": [9.95, 10.6, 2.9],
			"rotation": {"angle": -45, "axis": "y", "origin": [0, -8, 1.85]},
			"faces": {
				"north": {"uv": [6, 6, 7, 7.5], "texture": "#1"},
				"east": {"uv": [0, 4, 1.5, 5.5], "texture": "#1"},
				"south": {"uv": [7, 0, 8, 1.5], "texture": "#1"},
				"west": {"uv": [4, 0, 5.5, 1.5], "texture": "#1"},
				"up": {"uv": [2, 8.5, 1, 7], "texture": "#1"},
				"down": {"uv": [3, 7, 2, 8.5], "texture": "#1"}
			}
		},
		{
			"from": [-7.6, 7, 8.4],
			"to": [-7.1, 7.5, 9.4],
			"rotation": {"angle": -45, "axis": "z", "origin": [0, -8, 0]},
			"faces": {
				"north": {"uv": [4, 8, 5, 9], "texture": "#2"},
				"east": {"uv": [4, 4, 6, 5], "texture": "#2"},
				"south": {"uv": [8, 4, 9, 5], "texture": "#2"},
				"west": {"uv": [0, 6, 2, 7], "texture": "#2"},
				"up": {"uv": [7, 2, 6, 0], "texture": "#2"},
				"down": {"uv": [3, 6, 2, 8], "texture": "#2"}
			}
		},
		{
			"from": [-10.4, 9.6, 6.9],
			"to": [-8.7, 11.3, 9.1],
			"rotation": {"angle": -45, "axis": "z", "origin": [0, -8, 0]},
			"faces": {
				"north": {"uv": [8, 11, 8.75, 11.75], "texture": "#0"},
				"east": {"uv": [10.5, 6, 11.5, 6.75], "texture": "#0"},
				"south": {"uv": [9, 11, 9.75, 11.75], "texture": "#0"},
				"west": {"uv": [10.5, 7, 11.5, 7.75], "texture": "#0"},
				"up": {"uv": [11.25, 9, 10.5, 8], "texture": "#0"},
				"down": {"uv": [11.25, 9, 10.5, 10], "texture": "#0"}
			}
		}
	],
	"display": {
		"thirdperson_righthand": {
			"rotation": [0, -90, 0],
			"translation": [0, 6.5, 2]
		},
		"thirdperson_lefthand": {
			"rotation": [0, -90, 0],
			"translation": [0, 6.5, -1.25]
		},
		"firstperson_righthand": {
			"rotation": [0, -90, 0],
			"translation": [9, 5.5, -3.75]
		},
		"firstperson_lefthand": {
			"rotation": [0, -90, 0],
			"translation": [5.75, 5.5, -5.25]
		},
		"ground": {
			"rotation": [0, 0, 140],
			"translation": [0, 2, 0],
			"scale": [0.6, 0.6, 0.6]
		},
		"gui": {
			"rotation": [0, 0, 40],
			"translation": [-0.25, 2.5, 0],
			"scale": [0.7, 0.7, 0.1]
		},
		"head": {
			"translation": [1.5, 8, 0]
		},
		"fixed": {
			"translation": [2, 4, -1]
		}
	}
}