{
	"credit": "Made with Blockbench",
	"texture_size": [192, 128],
	"textures": {
		"5": "item/dwarven_pickaxe"
	},
	"elements": [
		{
			"from": [3, 4, 7],
			"to": [5, 6, 9],
			"rotation": {"angle": -45, "axis": "z", "origin": [0, 0, 0]},
			"faces": {
				"north": {"uv": [12.33333, 2.125, 12.5, 2.375], "texture": "#5"},
				"east": {"uv": [12.33333, 2.375, 12.5, 2.625], "texture": "#5"},
				"south": {"uv": [12.33333, 2.625, 12.5, 2.875], "texture": "#5"},
				"west": {"uv": [12.5, 0.375, 12.66667, 0.625], "texture": "#5"},
				"up": {"uv": [11.16667, 3, 11, 2.75], "texture": "#5"},
				"down": {"uv": [12.66667, 0.625, 12.5, 0.875], "texture": "#5"}
			}
		},
		{
			"from": [2.1, 5.2, 7.2],
			"to": [3.7, 6.8, 8.8],
			"rotation": {"angle": -45, "axis": "z", "origin": [0, 0, 0]},
			"faces": {
				"north": {"uv": [11.16667, 2.75, 11.33333, 3], "texture": "#5"},
				"east": {"uv": [12.5, 0.875, 12.66667, 1.125], "texture": "#5"},
				"south": {"uv": [11.33333, 2.75, 11.5, 3], "texture": "#5"},
				"west": {"uv": [12.5, 1.125, 12.66667, 1.375], "texture": "#5"},
				"up": {"uv": [11.66667, 3, 11.5, 2.75], "texture": "#5"},
				"down": {"uv": [11.83333, 2.75, 11.66667, 3], "texture": "#5"}
			}
		},
		{
			"from": [-5.2, 12.5, 7.1],
			"to": [-3.6, 14.2, 8.9],
			"rotation": {"angle": -45, "axis": "z", "origin": [0, 0, 0]},
			"faces": {
				"north": {"uv": [11.83333, 2.75, 12, 3], "texture": "#5"},
				"east": {"uv": [12, 2.75, 12.16667, 3], "texture": "#5"},
				"south": {"uv": [12.5, 2.125, 12.66667, 2.375], "texture": "#5"},
				"west": {"uv": [12.16667, 2.75, 12.33333, 3], "texture": "#5"},
				"up": {"uv": [12.66667, 2.625, 12.5, 2.375], "texture": "#5"},
				"down": {"uv": [12.66667, 2.625, 12.5, 2.875], "texture": "#5"}
			}
		},
		{
			"from": [-7.2, 16.8, 9.3],
			"to": [-6.2, 17.8, 10.3],
			"rotation": {"angle": -45, "axis": "z", "origin": [0, 0, 0]},
			"faces": {
				"north": {"uv": [6, 2, 6.66667, 3], "texture": "#5"},
				"east": {"uv": [6.66667, 1, 7.33333, 2], "texture": "#5"},
				"south": {"uv": [6.66667, 2, 7.33333, 3], "texture": "#5"},
				"west": {"uv": [5.33333, 3, 6, 4], "texture": "#5"},
				"up": {"uv": [8, 1, 7.33333, 0], "texture": "#5"},
				"down": {"uv": [6.66667, 3, 6, 4], "texture": "#5"}
			}
		},
		{
			"from": [-7.2, 16.8, 5.8],
			"to": [-6.2, 17.8, 6.8],
			"rotation": {"angle": -45, "axis": "z", "origin": [0, 0, 0]},
			"faces": {
				"north": {"uv": [0, 0, 0.66667, 1], "texture": "#5"},
				"east": {"uv": [0, 1, 0.66667, 2], "texture": "#5"},
				"south": {"uv": [0.66667, 0, 1.33333, 1], "texture": "#5"},
				"west": {"uv": [0.66667, 1, 1.33333, 2], "texture": "#5"},
				"up": {"uv": [0.66667, 3, 0, 2], "texture": "#5"},
				"down": {"uv": [2, 0, 1.33333, 1], "texture": "#5"}
			}
		},
		{
			"from": [-8.7, 13.8, 9.3],
			"to": [-7.7, 14.8, 10.3],
			"rotation": {"angle": -45, "axis": "z", "origin": [0, 0, 0]},
			"faces": {
				"north": {"uv": [5.33333, 0, 6, 1], "texture": "#5"},
				"east": {"uv": [5.33333, 1, 6, 2], "texture": "#5"},
				"south": {"uv": [6, 0, 6.66667, 1], "texture": "#5"},
				"west": {"uv": [6, 1, 6.66667, 2], "texture": "#5"},
				"up": {"uv": [6, 3, 5.33333, 2], "texture": "#5"},
				"down": {"uv": [7.33333, 0, 6.66667, 1], "texture": "#5"}
			}
		},
		{
			"from": [-8.7, 13.8, 5.8],
			"to": [-7.7, 14.8, 6.8],
			"rotation": {"angle": -45, "axis": "z", "origin": [0, 0, 0]},
			"faces": {
				"north": {"uv": [0.66667, 2, 1.33333, 3], "texture": "#5"},
				"east": {"uv": [1.33333, 1, 2, 2], "texture": "#5"},
				"south": {"uv": [1.33333, 2, 2, 3], "texture": "#5"},
				"west": {"uv": [0, 3, 0.66667, 4], "texture": "#5"},
				"up": {"uv": [2.66667, 1, 2, 0], "texture": "#5"},
				"down": {"uv": [1.33333, 3, 0.66667, 4], "texture": "#5"}
			}
		},
		{
			"from": [5.6, 2.4, 7.3],
			"to": [7, 19.8, 8.7],
			"faces": {
				"north": {"uv": [0, 8, 0.25, 12.375], "texture": "#5"},
				"east": {"uv": [0.33333, 8, 0.58333, 12.375], "texture": "#5"},
				"south": {"uv": [0.66667, 8, 0.91667, 12.375], "texture": "#5"},
				"west": {"uv": [1, 8, 1.25, 12.375], "texture": "#5"},
				"up": {"uv": [1.58333, 8.375, 1.33333, 8], "texture": "#5"},
				"down": {"uv": [1.58333, 8.5, 1.33333, 8.875], "texture": "#5"}
			}
		},
		{
			"from": [4.6, 12.4, 6.6],
			"to": [8, 14.8, 9.5],
			"faces": {
				"north": {"uv": [11, 2.5, 11.25, 2.75], "texture": "#5"},
				"east": {"uv": [12.33333, 1.375, 12.58333, 1.625], "texture": "#5"},
				"south": {"uv": [12.33333, 1.625, 12.58333, 1.875], "texture": "#5"},
				"west": {"uv": [12.33333, 1.875, 12.58333, 2.125], "texture": "#5"},
				"up": {"uv": [11.58333, 2.75, 11.33333, 2.375], "texture": "#5"},
				"down": {"uv": [11.83333, 2.375, 11.58333, 2.75], "texture": "#5"}
			}
		},
		{
			"from": [2.1, 14.8, 6],
			"to": [10.5, 18.7, 10],
			"faces": {
				"north": {"uv": [5.33333, 8, 6.75, 9], "texture": "#5"},
				"east": {"uv": [6.83333, 9, 7.5, 10], "texture": "#5"},
				"south": {"uv": [5.33333, 9, 6.75, 10], "texture": "#5"},
				"west": {"uv": [6.83333, 10, 7.5, 11], "texture": "#5"},
				"up": {"uv": [6.75, 11, 5.33333, 10], "texture": "#5"},
				"down": {"uv": [8.25, 8, 6.83333, 9], "texture": "#5"}
			}
		},
		{
			"from": [-11.7, 11.9, 6.1],
			"to": [-9, 14.7, 9.9],
			"rotation": {"angle": -45, "axis": "z", "origin": [0, 0, 0]},
			"faces": {
				"north": {"uv": [11.83333, 2.375, 12.08333, 2.75], "texture": "#5"},
				"east": {"uv": [12, 2, 12.33333, 2.375], "texture": "#5"},
				"south": {"uv": [12.08333, 2.375, 12.33333, 2.75], "texture": "#5"},
				"west": {"uv": [12.25, 0, 12.58333, 0.375], "texture": "#5"},
				"up": {"uv": [12.5, 0.875, 12.25, 0.375], "texture": "#5"},
				"down": {"uv": [12.5, 0.875, 12.25, 1.375], "texture": "#5"}
			}
		},
		{
			"from": [10.5, 13.8, 4.5],
			"to": [14.9, 20.2, 11.5],
			"faces": {
				"north": {"uv": [11.91667, 0, 12.25, 0.75], "texture": "#5"},
				"east": {"uv": [10.66667, 0, 11.25, 0.75], "texture": "#5"},
				"south": {"uv": [11.91667, 0.75, 12.25, 1.5], "texture": "#5"},
				"west": {"uv": [10.66667, 0.75, 11.25, 1.5], "texture": "#5"},
				"up": {"uv": [11.66667, 2.375, 11.33333, 1.5], "texture": "#5"},
				"down": {"uv": [12, 1.5, 11.66667, 2.375], "texture": "#5"}
			}
		}
	],
	"display": {
		"thirdperson_righthand": {
			"rotation": [0, 90, 0],
			"translation": [0, -1.25, -1.5]
		},
		"thirdperson_lefthand": {
			"rotation": [0, -90, 0],
			"translation": [0, -1.25, -1.5]
		},
		"firstperson_righthand": {
			"rotation": [-33, 90, 19],
			"translation": [4, -2.25, -3.5]
		},
		"firstperson_lefthand": {
			"rotation": [13, -90, 19],
			"translation": [6, -3.5, -6.25]
		},
		"ground": {
			"rotation": [-180, 0, 40],
			"translation": [0, 5.25, 0],
			"scale": [0.6, 0.6, 0.6]
		},
		"gui": {
			"rotation": [0, -180, -40],
			"translation": [1.75, -2.5, 0],
			"scale": [0.74, 0.74, 0.02]
		},
		"head": {
			"rotation": [0, 0, -119],
			"translation": [-6.25, 13.5, -0.5]
		},
		"fixed": {
			"rotation": [-10, 0, 37],
			"translation": [0, -2, -3.25],
			"scale": [1.5, 1.5, 1.5]
		}
	}
}