{
	"credit": "Made with Blockbench",
	"textures": {
		"0": "item/fisherhat",
		"1": "item/fisherhatone",
		"2": "item/fisherhattwo"
	},
	"elements": [
		{
			"from": [0, 0, 5],
			"to": [16, 1, 11],
			"faces": {
				"north": {"uv": [6.5, 0, 10.5, 0.25], "texture": "#0"},
				"east": {"uv": [6.5, 5.25, 8, 5.5], "texture": "#0"},
				"south": {"uv": [6.5, 0.25, 10.5, 0.5], "texture": "#0"},
				"west": {"uv": [5.5, 6.75, 7, 7], "texture": "#0"},
				"up": {"uv": [6.5, 1.5, 2.5, 0], "texture": "#0"},
				"down": {"uv": [6.5, 1.5, 2.5, 3], "texture": "#0"}
			}
		},
		{
			"from": [5, 0, 0],
			"to": [11, 1, 5],
			"faces": {
				"north": {"uv": [5.5, 7, 7, 7.25], "texture": "#0"},
				"east": {"uv": [7, 6.25, 8.25, 6.5], "texture": "#0"},
				"south": {"uv": [7, 5.5, 8.5, 5.75], "texture": "#0"},
				"west": {"uv": [7, 6.5, 8.25, 6.75], "texture": "#0"},
				"up": {"uv": [6.5, 5.5, 5, 4.25], "texture": "#0"},
				"down": {"uv": [4, 5.5, 2.5, 6.75], "texture": "#0"}
			}
		},
		{
			"from": [5, 0, 11],
			"to": [11, 1, 16],
			"faces": {
				"north": {"uv": [7, 5.75, 8.5, 6], "texture": "#0"},
				"east": {"uv": [7, 6.75, 8.25, 7], "texture": "#0"},
				"south": {"uv": [7, 6, 8.5, 6.25], "texture": "#0"},
				"west": {"uv": [7, 7, 8.25, 7.25], "texture": "#0"},
				"up": {"uv": [5.5, 6.75, 4, 5.5], "texture": "#0"},
				"down": {"uv": [7, 5.5, 5.5, 6.75], "texture": "#0"}
			}
		},
		{
			"from": [1, 0, 11],
			"to": [5, 1, 15],
			"faces": {
				"north": {"uv": [0, 7.25, 1, 7.5], "texture": "#0"},
				"east": {"uv": [1, 7.25, 2, 7.5], "texture": "#0"},
				"south": {"uv": [5.5, 7.25, 6.5, 7.5], "texture": "#0"},
				"west": {"uv": [6.5, 7.25, 7.5, 7.5], "texture": "#0"},
				"up": {"uv": [1, 7.25, 0, 6.25], "texture": "#0"},
				"down": {"uv": [2, 6.25, 1, 7.25], "texture": "#0"}
			}
		},
		{
			"from": [11, 0, 11],
			"to": [15, 1, 15],
			"faces": {
				"north": {"uv": [0, 7.5, 1, 7.75], "texture": "#0"},
				"east": {"uv": [7.5, 0.5, 8.5, 0.75], "texture": "#0"},
				"south": {"uv": [7.5, 0.75, 8.5, 1], "texture": "#0"},
				"west": {"uv": [1, 7.5, 2, 7.75], "texture": "#0"},
				"up": {"uv": [7.5, 1.5, 6.5, 0.5], "texture": "#0"},
				"down": {"uv": [7.5, 1.5, 6.5, 2.5], "texture": "#0"}
			}
		},
		{
			"from": [11, 0, 1],
			"to": [15, 1, 5],
			"faces": {
				"north": {"uv": [7.5, 1, 8.5, 1.25], "texture": "#0"},
				"east": {"uv": [7.5, 1.25, 8.5, 1.5], "texture": "#0"},
				"south": {"uv": [7.5, 1.5, 8.5, 1.75], "texture": "#0"},
				"west": {"uv": [7.5, 1.75, 8.5, 2], "texture": "#0"},
				"up": {"uv": [7.5, 5.25, 6.5, 4.25], "texture": "#0"},
				"down": {"uv": [3, 6.75, 2, 7.75], "texture": "#0"}
			}
		},
		{
			"from": [1, 0, 1],
			"to": [5, 1, 5],
			"faces": {
				"north": {"uv": [7.5, 2, 8.5, 2.25], "texture": "#0"},
				"east": {"uv": [7.5, 2.25, 8.5, 2.5], "texture": "#0"},
				"south": {"uv": [7.5, 3, 8.5, 3.25], "texture": "#0"},
				"west": {"uv": [7.5, 3.25, 8.5, 3.5], "texture": "#0"},
				"up": {"uv": [4, 7.75, 3, 6.75], "texture": "#0"},
				"down": {"uv": [5, 6.75, 4, 7.75], "texture": "#0"}
			}
		},
		{
			"from": [3, 1, 3],
			"to": [13, 6, 13],
			"faces": {
				"north": {"uv": [2.5, 3, 5, 4.25], "texture": "#0"},
				"east": {"uv": [2.5, 4.25, 5, 5.5], "texture": "#0"},
				"south": {"uv": [0, 5, 2.5, 6.25], "texture": "#0"},
				"west": {"uv": [5, 3, 7.5, 4.25], "texture": "#0"},
				"up": {"uv": [2.5, 2.5, 0, 0], "texture": "#0"},
				"down": {"uv": [2.5, 2.5, 0, 5], "texture": "#0"}
			}
		},
		{
			"from": [13, 0, 6],
			"to": [14, 1, 13],
			"rotation": {"angle": -22.5, "axis": "x", "origin": [0, 0, 0]},
			"faces": {
				"north": {"uv": [7.5, 5, 7.75, 5.25], "texture": "#0"},
				"east": {"uv": [6.5, 2.5, 8.25, 2.75], "texture": "#0"},
				"south": {"uv": [7.5, 7.25, 7.75, 7.5], "texture": "#0"},
				"west": {"uv": [6.5, 2.75, 8.25, 3], "texture": "#0"},
				"up": {"uv": [5.25, 8.5, 5, 6.75], "texture": "#0"},
				"down": {"uv": [5.5, 6.75, 5.25, 8.5], "texture": "#0"}
			}
		},
		{
			"from": [13, -2, 10],
			"to": [14, -1, 14],
			"rotation": {"angle": -22.5, "axis": "x", "origin": [0, 0, 0]},
			"faces": {
				"north": {"uv": [7.5, 5, 7.75, 5.25], "texture": "#0"},
				"east": {"uv": [6.5, 2.5, 8.25, 2.75], "texture": "#0"},
				"south": {"uv": [7.5, 7.25, 7.75, 7.5], "texture": "#0"},
				"west": {"uv": [6.5, 2.75, 8.25, 3], "texture": "#0"},
				"up": {"uv": [5.25, 8.5, 5, 6.75], "texture": "#0"},
				"down": {"uv": [5.5, 6.75, 5.25, 8.5], "texture": "#0"}
			}
		},
		{
			"from": [2, -1.5, 10],
			"to": [2, 0.5, 12],
			"rotation": {"angle": -22.5, "axis": "x", "origin": [0, 0, 0]},
			"faces": {
				"north": {"uv": [0, 0, 0, 0.5], "texture": "#0"},
				"east": {"uv": [6.5, 7.5, 7, 8], "texture": "#0"},
				"south": {"uv": [0, 0, 0, 0.5], "texture": "#0"},
				"west": {"uv": [7, 7.5, 7.5, 8], "texture": "#0"},
				"up": {"uv": [0, 0.5, 0, 0], "texture": "#0"},
				"down": {"uv": [0, 0, 0, 0.5], "texture": "#0"}
			}
		},
		{
			"from": [1, -1, 7],
			"to": [4, 1, 10],
			"rotation": {"angle": -22.5, "axis": "x", "origin": [0, 0, 0]},
			"faces": {
				"north": {"uv": [8, 2, 5, 4], "rotation": 180, "texture": "#1"},
				"east": {"uv": [3, 0, 5, 3], "rotation": 270, "texture": "#1"},
				"south": {"uv": [8, 2, 5, 0], "texture": "#1"},
				"west": {"uv": [3, 3, 5, 6], "rotation": 90, "texture": "#1"},
				"up": {"uv": [0, 0, 3, 3], "rotation": 180, "texture": "#1"},
				"down": {"uv": [0, 3, 3, 6], "texture": "#1"}
			}
		},
		{
			"from": [15.8, -4, 6],
			"to": [15.8, 1, 11],
			"faces": {
				"north": {"uv": [0, 0, 0, 5], "texture": "#2"},
				"east": {"uv": [0, 0, 5, 5], "texture": "#2"},
				"south": {"uv": [0, 0, 0, 5], "texture": "#2"},
				"west": {"uv": [0, 5, 5, 10], "texture": "#2"},
				"up": {"uv": [0, 5, 0, 0], "texture": "#2"},
				"down": {"uv": [0, 0, 0, 5], "texture": "#2"}
			}
		}
	],
	"display": {
		"head": {
			"rotation": [5, 0, 0],
			"translation": [0, 13.25, 1],
			"scale": [1.4, 1.4, 1.4]
		}
	}
}