{
	"credit": "Made with Blockbench",
	"texture_size": [128, 128],
	"textures": {
		"0": "item/flowering"
	},
	"elements": [
		{
			"from": [1, -4, -15],
			"to": [17, 0, 1],
			"rotation": {"angle": 0, "axis": "y", "origin": [1, -4, -15]},
			"faces": {
				"north": {"uv": [3.125, 0, 5.125, 0.5], "texture": "#0"},
				"east": {"uv": [3.125, 0.5, 5.125, 1], "texture": "#0"},
				"south": {"uv": [3.125, 1, 5.125, 1.5], "texture": "#0"},
				"west": {"uv": [3.125, 1.5, 5.125, 2], "texture": "#0"},
				"up": {"uv": [2, 2, 0, 0], "texture": "#0"},
				"down": {"uv": [2, 2, 0, 4], "texture": "#0"}
			}
		},
		{
			"from": [0, 0, -16],
			"to": [2, 2, 2],
			"rotation": {"angle": 0, "axis": "y", "origin": [1, -4, -15]},
			"faces": {
				"north": {"uv": [5.125, 1.75, 5.375, 2], "texture": "#0"},
				"east": {"uv": [5.125, 0.75, 7.375, 1], "texture": "#0"},
				"south": {"uv": [2, 5.375, 2.25, 5.625], "texture": "#0"},
				"west": {"uv": [5.125, 1, 7.375, 1.25], "texture": "#0"},
				"up": {"uv": [2.875, 7.125, 2.625, 4.875], "texture": "#0"},
				"down": {"uv": [3.125, 4.875, 2.875, 7.125], "texture": "#0"}
			}
		},
		{
			"from": [16, 0, -16],
			"to": [18, 2, 2],
			"rotation": {"angle": 0, "axis": "y", "origin": [1, -4, -15]},
			"faces": {
				"north": {"uv": [5.375, 4.25, 5.625, 4.5], "texture": "#0"},
				"east": {"uv": [5.125, 1.25, 7.375, 1.5], "texture": "#0"},
				"south": {"uv": [4.25, 5.5, 4.5, 5.75], "texture": "#0"},
				"west": {"uv": [5.125, 1.5, 7.375, 1.75], "texture": "#0"},
				"up": {"uv": [3.375, 7.125, 3.125, 4.875], "texture": "#0"},
				"down": {"uv": [4.25, 4.875, 4, 7.125], "texture": "#0"}
			}
		},
		{
			"from": [2, 0, -16],
			"to": [16, 2, -14],
			"rotation": {"angle": 0, "axis": "y", "origin": [1, -4, -15]},
			"faces": {
				"north": {"uv": [5.375, 2.5, 7.125, 2.75], "texture": "#0"},
				"east": {"uv": [5.625, 4.25, 5.875, 4.5], "texture": "#0"},
				"south": {"uv": [5.875, 4.875, 7.625, 5.125], "texture": "#0"},
				"west": {"uv": [2.125, 7.125, 2.375, 7.375], "texture": "#0"},
				"up": {"uv": [7.625, 5.375, 5.875, 5.125], "texture": "#0"},
				"down": {"uv": [7.625, 5.375, 5.875, 5.625], "texture": "#0"}
			}
		},
		{
			"from": [2, 0, 0],
			"to": [16, 2, 2],
			"rotation": {"angle": 0, "axis": "y", "origin": [1, -4, 0]},
			"faces": {
				"north": {"uv": [5.875, 5.625, 7.625, 5.875], "texture": "#0"},
				"east": {"uv": [4, 7.125, 4.25, 7.375], "texture": "#0"},
				"south": {"uv": [5.875, 5.875, 7.625, 6.125], "texture": "#0"},
				"west": {"uv": [6.75, 7.125, 7, 7.375], "texture": "#0"},
				"up": {"uv": [7.75, 3, 6, 2.75], "texture": "#0"},
				"down": {"uv": [7.75, 3, 6, 3.25], "texture": "#0"}
			}
		},
		{
			"from": [9, 3, -5],
			"to": [10, 13, -4],
			"rotation": {"angle": -22.5, "axis": "z", "origin": [1, -4, -15]},
			"faces": {
				"north": {"uv": [1.25, 6.5, 1.375, 7.75], "texture": "#0"},
				"east": {"uv": [1.375, 6.5, 1.5, 7.75], "texture": "#0"},
				"south": {"uv": [2.5, 6.5, 2.625, 7.75], "texture": "#0"},
				"west": {"uv": [0.75, 6.875, 0.875, 8.125], "texture": "#0"},
				"up": {"uv": [5.375, 3.625, 5.25, 3.5], "texture": "#0"},
				"down": {"uv": [2.25, 6.375, 2.125, 6.5], "texture": "#0"}
			}
		},
		{
			"from": [11, 4.3, -12],
			"to": [12, 8.3, -11],
			"rotation": {"angle": -22.5, "axis": "z", "origin": [1, -4, -15]},
			"faces": {
				"north": {"uv": [3.375, 4.875, 3.5, 5.375], "texture": "#0"},
				"east": {"uv": [2.375, 7.125, 2.5, 7.625], "texture": "#0"},
				"south": {"uv": [3.25, 7.125, 3.375, 7.625], "texture": "#0"},
				"west": {"uv": [7, 7.125, 7.125, 7.625], "texture": "#0"},
				"up": {"uv": [5, 7.375, 4.875, 7.25], "texture": "#0"},
				"down": {"uv": [5.125, 7.25, 5, 7.375], "texture": "#0"}
			}
		},
		{
			"from": [6, 0, -8],
			"to": [7, 3, -7],
			"rotation": {"angle": 0, "axis": "y", "origin": [1, -4, -15]},
			"faces": {
				"north": {"uv": [2.75, 7.25, 2.875, 7.625], "texture": "#0"},
				"east": {"uv": [2.875, 7.25, 3, 7.625], "texture": "#0"},
				"south": {"uv": [3, 7.25, 3.125, 7.625], "texture": "#0"},
				"west": {"uv": [3.125, 7.25, 3.25, 7.625], "texture": "#0"},
				"up": {"uv": [5.625, 6.75, 5.5, 6.625], "texture": "#0"},
				"down": {"uv": [7.375, 4.5, 7.25, 4.625], "texture": "#0"}
			}
		},
		{
			"from": [3, 3, -9],
			"to": [8, 4, -6],
			"rotation": {"angle": 0, "axis": "y", "origin": [1, -4, -15]},
			"faces": {
				"north": {"uv": [4.875, 7, 5.5, 7.125], "texture": "#0"},
				"east": {"uv": [7.25, 2.25, 7.625, 2.375], "texture": "#0"},
				"south": {"uv": [2.625, 7.125, 3.25, 7.25], "texture": "#0"},
				"west": {"uv": [7.25, 2.375, 7.625, 2.5], "texture": "#0"},
				"up": {"uv": [7.25, 4.625, 6.625, 4.25], "texture": "#0"},
				"down": {"uv": [5.5, 6.625, 4.875, 7], "texture": "#0"}
			}
		},
		{
			"from": [10, 8.2, -13],
			"to": [15, 9.2, -10],
			"rotation": {"angle": -22.5, "axis": "z", "origin": [1, -4, -15]},
			"faces": {
				"north": {"uv": [5.5, 7.125, 6.125, 7.25], "texture": "#0"},
				"east": {"uv": [3.375, 7.25, 3.75, 7.375], "texture": "#0"},
				"south": {"uv": [6.125, 7.125, 6.75, 7.25], "texture": "#0"},
				"west": {"uv": [4.25, 7.25, 4.625, 7.375], "texture": "#0"},
				"up": {"uv": [7.375, 0.375, 6.75, 0], "texture": "#0"},
				"down": {"uv": [7.375, 0.375, 6.75, 0.75], "texture": "#0"}
			}
		},
		{
			"from": [13, 8, -7],
			"to": [19, 9, -2],
			"rotation": {"angle": 0, "axis": "y", "origin": [1, -4, -15]},
			"faces": {
				"north": {"uv": [6.875, 6.375, 7.625, 6.5], "texture": "#0"},
				"east": {"uv": [7.125, 2.625, 7.75, 2.75], "texture": "#0"},
				"south": {"uv": [6.875, 6.5, 7.625, 6.625], "texture": "#0"},
				"west": {"uv": [4.875, 7.125, 5.5, 7.25], "texture": "#0"},
				"up": {"uv": [5, 6.375, 4.25, 5.75], "texture": "#0"},
				"down": {"uv": [6.625, 4.25, 5.875, 4.875], "texture": "#0"}
			}
		},
		{
			"from": [6.8, -11, 5.3],
			"to": [11.3, -1, 9.2],
			"rotation": {"angle": 0, "axis": "y", "origin": [0, -4, -13]},
			"faces": {
				"north": {"uv": [4, 3.625, 4.625, 4.875], "texture": "#0"},
				"east": {"uv": [3.5, 4.125, 4, 5.375], "texture": "#0"},
				"south": {"uv": [2, 4.125, 2.625, 5.375], "texture": "#0"},
				"west": {"uv": [4.625, 4.5, 5.125, 5.75], "texture": "#0"},
				"up": {"uv": [2.125, 6.875, 1.5, 6.375], "texture": "#0"},
				"down": {"uv": [4.875, 6.375, 4.25, 6.875], "texture": "#0"}
			}
		},
		{
			"from": [8, 15.5, -13],
			"to": [10, 19.5, -11.5],
			"rotation": {"angle": 22.5, "axis": "x", "origin": [0, -8.5, -14]},
			"faces": {
				"north": {"uv": [3.75, 5.375, 4, 5.875], "texture": "#0"},
				"east": {"uv": [3.75, 5.875, 4, 6.375], "texture": "#0"},
				"south": {"uv": [1.875, 6.875, 2.125, 7.375], "texture": "#0"},
				"west": {"uv": [3.75, 6.875, 4, 7.375], "texture": "#0"},
				"up": {"uv": [7.375, 7.375, 7.125, 7.125], "texture": "#0"},
				"down": {"uv": [0.25, 7.25, 0, 7.5], "texture": "#0"}
			}
		},
		{
			"from": [8, 14.5, -13],
			"to": [10, 15.5, -11.5],
			"rotation": {"angle": 22.5, "axis": "x", "origin": [0, -8.5, -14]},
			"faces": {
				"north": {"uv": [5.625, 6, 5.875, 6.125], "texture": "#0"},
				"east": {"uv": [3.75, 6.375, 4, 6.5], "texture": "#0"},
				"south": {"uv": [7.25, 4.25, 7.5, 4.375], "texture": "#0"},
				"west": {"uv": [7.25, 4.375, 7.5, 4.5], "texture": "#0"},
				"up": {"uv": [0.5, 7.5, 0.25, 7.25], "texture": "#0"},
				"down": {"uv": [0.75, 7.25, 0.5, 7.5], "texture": "#0"}
			}
		},
		{
			"from": [8.5, 26.5, -6.5],
			"to": [9.5, 30, -5.5],
			"rotation": {"angle": 22.5, "axis": "x", "origin": [0, 6, -13]},
			"faces": {
				"north": {"uv": [0.875, 7.25, 1, 7.75], "texture": "#0"},
				"east": {"uv": [1, 7.25, 1.125, 7.75], "texture": "#0"},
				"south": {"uv": [1.125, 7.25, 1.25, 7.75], "texture": "#0"},
				"west": {"uv": [1.5, 7.25, 1.625, 7.75], "texture": "#0"},
				"up": {"uv": [5.25, 7.375, 5.125, 7.25], "texture": "#0"},
				"down": {"uv": [5.375, 7.25, 5.25, 7.375], "texture": "#0"}
			}
		},
		{
			"from": [8.5, 30, -12],
			"to": [9.5, 31.1, -5.5],
			"rotation": {"angle": 22.5, "axis": "x", "origin": [0, 6, -13]},
			"faces": {
				"north": {"uv": [5.875, 7.25, 6, 7.375], "texture": "#0"},
				"east": {"uv": [6.875, 6.125, 7.75, 6.25], "texture": "#0"},
				"south": {"uv": [6, 7.25, 6.125, 7.375], "texture": "#0"},
				"west": {"uv": [6.875, 6.25, 7.75, 6.375], "texture": "#0"},
				"up": {"uv": [4.75, 7.75, 4.625, 6.875], "texture": "#0"},
				"down": {"uv": [4.875, 6.875, 4.75, 7.75], "texture": "#0"}
			}
		},
		{
			"from": [8.5, 26.5, -12],
			"to": [9.5, 30, -11],
			"rotation": {"angle": 22.5, "axis": "x", "origin": [0, 6, -13]},
			"faces": {
				"north": {"uv": [1.625, 7.25, 1.75, 7.75], "texture": "#0"},
				"east": {"uv": [1.75, 7.25, 1.875, 7.75], "texture": "#0"},
				"south": {"uv": [7.25, 1.75, 7.375, 2.25], "texture": "#0"},
				"west": {"uv": [2.625, 7.25, 2.75, 7.75], "texture": "#0"},
				"up": {"uv": [5.75, 7.375, 5.625, 7.25], "texture": "#0"},
				"down": {"uv": [5.875, 7.25, 5.75, 7.375], "texture": "#0"}
			}
		},
		{
			"from": [8.5, 26.5, -11],
			"to": [9.5, 28, -10.5],
			"rotation": {"angle": 22.5, "axis": "x", "origin": [0, 6, -13]},
			"faces": {
				"north": {"uv": [4.5, 5.5, 4.625, 5.75], "texture": "#0"},
				"east": {"uv": [5, 5.75, 5.125, 6], "texture": "#0"},
				"south": {"uv": [6, 3.25, 6.125, 3.5], "texture": "#0"},
				"west": {"uv": [4.875, 6.375, 5, 6.625], "texture": "#0"},
				"up": {"uv": [5.5, 7.375, 5.375, 7.25], "texture": "#0"},
				"down": {"uv": [5.625, 7.25, 5.5, 7.375], "texture": "#0"}
			}
		},
		{
			"from": [6, 2.5, -1],
			"to": [12, 3.5, 4.5],
			"rotation": {"angle": 45, "axis": "x", "origin": [0, 14.5, 10]},
			"faces": {
				"north": {"uv": [6.875, 6.625, 7.625, 6.75], "texture": "#0"},
				"east": {"uv": [6.5, 7, 7.25, 7.125], "texture": "#0"},
				"south": {"uv": [0, 7.125, 0.75, 7.25], "texture": "#0"},
				"west": {"uv": [7.125, 2.5, 7.875, 2.625], "texture": "#0"},
				"up": {"uv": [5.875, 5.25, 5.125, 4.5], "texture": "#0"},
				"down": {"uv": [6, 2.75, 5.25, 3.5], "texture": "#0"}
			}
		},
		{
			"from": [7.5, 2, 10],
			"to": [10.5, 22.3, 13],
			"rotation": {"angle": 22.5, "axis": "x", "origin": [0, 13, -1]},
			"faces": {
				"north": {"uv": [0, 4, 0.375, 6.5], "texture": "#0"},
				"east": {"uv": [0.375, 4, 0.75, 6.5], "texture": "#0"},
				"south": {"uv": [0.75, 4, 1.125, 6.5], "texture": "#0"},
				"west": {"uv": [1.125, 4, 1.5, 6.5], "texture": "#0"},
				"up": {"uv": [1.25, 7.25, 0.875, 6.875], "texture": "#0"},
				"down": {"uv": [1.875, 6.875, 1.5, 7.25], "texture": "#0"}
			}
		},
		{
			"from": [7, -11, -4],
			"to": [11, -8, 9],
			"rotation": {"angle": 0, "axis": "y", "origin": [0, -4, -13]},
			"faces": {
				"north": {"uv": [5.5, 6.75, 6, 7.125], "texture": "#0"},
				"east": {"uv": [5.125, 0, 6.75, 0.375], "texture": "#0"},
				"south": {"uv": [6, 6.75, 6.5, 7.125], "texture": "#0"},
				"west": {"uv": [5.125, 0.375, 6.75, 0.75], "texture": "#0"},
				"up": {"uv": [2, 5.625, 1.5, 4], "texture": "#0"},
				"down": {"uv": [4.5, 2, 4, 3.625], "texture": "#0"}
			}
		},
		{
			"from": [5.8, -8, 4],
			"to": [12.3, -6, 10],
			"rotation": {"angle": 0, "axis": "y", "origin": [0, -4, -13]},
			"faces": {
				"north": {"uv": [6.625, 4.625, 7.375, 4.875], "texture": "#0"},
				"east": {"uv": [6.75, 4, 7.5, 4.25], "texture": "#0"},
				"south": {"uv": [6.5, 6.75, 7.25, 7], "texture": "#0"},
				"west": {"uv": [0, 6.875, 0.75, 7.125], "texture": "#0"},
				"up": {"uv": [6.125, 4.25, 5.375, 3.5], "texture": "#0"},
				"down": {"uv": [2.25, 5.625, 1.5, 6.375], "texture": "#0"}
			}
		},
		{
			"from": [6.5, 13.5, 7],
			"to": [11.5, 18.5, 9.6],
			"rotation": {"angle": 22.5, "axis": "x", "origin": [0, 9.5, 11]},
			"faces": {
				"north": {"uv": [5.625, 6.125, 6.25, 6.75], "texture": "#0"},
				"east": {"uv": [4.25, 4.875, 4.625, 5.5], "texture": "#0"},
				"south": {"uv": [6.25, 6.125, 6.875, 6.75], "texture": "#0"},
				"west": {"uv": [2.125, 6.5, 2.5, 7.125], "texture": "#0"},
				"up": {"uv": [7.375, 3.625, 6.75, 3.25], "texture": "#0"},
				"down": {"uv": [7.375, 3.625, 6.75, 4], "texture": "#0"}
			}
		},
		{
			"from": [6.5, -1.5, 4.7],
			"to": [11.6, 1.1, 9.7],
			"rotation": {"angle": 0, "axis": "y", "origin": [0, 9.5, 11]},
			"faces": {
				"north": {"uv": [6.125, 3.875, 6.75, 4.25], "texture": "#0"},
				"east": {"uv": [0, 6.5, 0.625, 6.875], "texture": "#0"},
				"south": {"uv": [0.625, 6.5, 1.25, 6.875], "texture": "#0"},
				"west": {"uv": [3.375, 6.5, 4, 6.875], "texture": "#0"},
				"up": {"uv": [5.625, 6.625, 5, 6], "texture": "#0"},
				"down": {"uv": [6.75, 3.25, 6.125, 3.875], "texture": "#0"}
			}
		},
		{
			"from": [7.5, 14.5, 1],
			"to": [10.5, 17.5, 9.6],
			"rotation": {"angle": 22.5, "axis": "x", "origin": [0, 9.5, 11]},
			"faces": {
				"north": {"uv": [3.375, 6.875, 3.75, 7.25], "texture": "#0"},
				"east": {"uv": [6.125, 1.75, 7.25, 2.125], "texture": "#0"},
				"south": {"uv": [4.25, 6.875, 4.625, 7.25], "texture": "#0"},
				"west": {"uv": [6.125, 2.125, 7.25, 2.5], "texture": "#0"},
				"up": {"uv": [2.625, 6.5, 2.25, 5.375], "texture": "#0"},
				"down": {"uv": [3.75, 5.375, 3.375, 6.5], "texture": "#0"}
			}
		},
		{
			"from": [4.9, 10.5, -7.9],
			"to": [12.9, 18.5, 1],
			"rotation": {"angle": 22.5, "axis": "x", "origin": [0, 9.5, 11]},
			"faces": {
				"north": {"uv": [2, 3.125, 3, 4.125], "texture": "#0"},
				"east": {"uv": [2, 0, 3.125, 1], "texture": "#0"},
				"south": {"uv": [3, 3.125, 4, 4.125], "texture": "#0"},
				"west": {"uv": [2, 1, 3.125, 2], "texture": "#0"},
				"up": {"uv": [3, 3.125, 2, 2], "texture": "#0"},
				"down": {"uv": [4, 2, 3, 3.125], "texture": "#0"}
			}
		},
		{
			"from": [5, 17.5, -7.8],
			"to": [12.7, 18.4, 0.6],
			"rotation": {"angle": 22.5, "axis": "x", "origin": [0, 9.5, 11]},
			"faces": {
				"north": {"uv": [2, 3.125, 3, 4.125], "texture": "#0"},
				"east": {"uv": [2, 0, 3.125, 1], "texture": "#0"},
				"south": {"uv": [3, 3.125, 4, 4.125], "texture": "#0"},
				"west": {"uv": [2, 1, 3.125, 2], "texture": "#0"},
				"up": {"uv": [3, 3.125, 2, 2], "texture": "#0"},
				"down": {"uv": [4, 2, 3, 3.125], "texture": "#0"}
			}
		},
		{
			"from": [5, 10.6, -7.8],
			"to": [12.7, 11.5, 0.6],
			"rotation": {"angle": 22.5, "axis": "x", "origin": [0, 9.5, 11]},
			"faces": {
				"north": {"uv": [2, 3.125, 3, 4.125], "texture": "#0"},
				"east": {"uv": [2, 0, 3.125, 1], "texture": "#0"},
				"south": {"uv": [3, 3.125, 4, 4.125], "texture": "#0"},
				"west": {"uv": [2, 1, 3.125, 2], "texture": "#0"},
				"up": {"uv": [3, 3.125, 2, 2], "texture": "#0"},
				"down": {"uv": [4, 2, 3, 3.125], "texture": "#0"}
			}
		},
		{
			"from": [11.9, 10.6, -7.9],
			"to": [12.8, 18.4, 0.9],
			"rotation": {"angle": 22.5, "axis": "x", "origin": [0, 9.5, 11]},
			"faces": {
				"north": {"uv": [2, 3.125, 3, 4.125], "texture": "#0"},
				"east": {"uv": [2, 0, 3.125, 1], "texture": "#0"},
				"south": {"uv": [3, 3.125, 4, 4.125], "texture": "#0"},
				"west": {"uv": [2, 1, 3.125, 2], "texture": "#0"},
				"up": {"uv": [3, 3.125, 2, 2], "texture": "#0"},
				"down": {"uv": [4, 2, 3, 3.125], "texture": "#0"}
			}
		},
		{
			"from": [5, 10.7, -7.9],
			"to": [5.8, 18.4, 0.9],
			"rotation": {"angle": 22.5, "axis": "x", "origin": [0, 9.5, 11]},
			"faces": {
				"north": {"uv": [2, 3.125, 3, 4.125], "texture": "#0"},
				"east": {"uv": [2, 0, 3.125, 1], "texture": "#0"},
				"south": {"uv": [3, 3.125, 4, 4.125], "texture": "#0"},
				"west": {"uv": [2, 1, 3.125, 2], "texture": "#0"},
				"up": {"uv": [3, 3.125, 2, 2], "texture": "#0"},
				"down": {"uv": [4, 2, 3, 3.125], "texture": "#0"}
			}
		},
		{
			"from": [5.9, 11.5, -6],
			"to": [11.9, 17.5, 0.8],
			"rotation": {"angle": 22.5, "axis": "x", "origin": [0, 9.5, 11]},
			"faces": {
				"north": {"uv": [5.125, 5.25, 5.875, 6], "texture": "#0"},
				"east": {"uv": [2.625, 4.125, 3.5, 4.875], "texture": "#0"},
				"south": {"uv": [5.375, 1.75, 6.125, 2.5], "texture": "#0"},
				"west": {"uv": [4.5, 2, 5.375, 2.75], "texture": "#0"},
				"up": {"uv": [5.25, 3.625, 4.5, 2.75], "texture": "#0"},
				"down": {"uv": [5.375, 3.625, 4.625, 4.5], "texture": "#0"}
			}
		}
	],
	"display": {
		"head": {
			"translation": [-1, 14.75, 15]
		}
	}
}