{
	"credit": "Made with Blockbench",
	"texture_size": [32, 32],
	"textures": {
		"0": "minecraft:item/grappling_bow"
	},
	"elements": [
		{
			"from": [5, 0, 5],
			"to": [12, 4, 9],
			"rotation": {"angle": 0, "axis": "y", "origin": [5, 0, 5]},
			"faces": {
				"north": {"uv": [0, 0, 3.5, 2], "texture": "#0"},
				"east": {"uv": [0, 4, 2, 6], "texture": "#0"},
				"south": {"uv": [0, 2, 3.5, 4], "texture": "#0"},
				"west": {"uv": [2, 4, 4, 6], "texture": "#0"},
				"up": {"uv": [7, 2, 3.5, 0], "texture": "#0"},
				"down": {"uv": [7, 2, 3.5, 4], "texture": "#0"}
			}
		},
		{
			"from": [7, -1.5, 6],
			"to": [10, 1, 8],
			"rotation": {"angle": 0, "axis": "y", "origin": [7, -1, 6]},
			"faces": {
				"north": {"uv": [4, 4, 5.5, 5.5], "texture": "#0"},
				"east": {"uv": [7, 3, 8, 4.5], "texture": "#0"},
				"south": {"uv": [4, 5.5, 5.5, 7], "texture": "#0"},
				"west": {"uv": [4, 7, 5, 8.5], "texture": "#0"},
				"up": {"uv": [8.5, 5.5, 7, 4.5], "texture": "#0"},
				"down": {"uv": [6.5, 7, 5, 8], "texture": "#0"}
			}
		},
		{
			"from": [2, 0.5, 5.5],
			"to": [5, 3.5, 8.5],
			"rotation": {"angle": 0, "axis": "y", "origin": [3, 1.5, 5.5]},
			"faces": {
				"north": {"uv": [5.5, 4, 7, 5.5], "texture": "#0"},
				"east": {"uv": [5.5, 5.5, 7, 7], "texture": "#0"},
				"south": {"uv": [0, 6, 1.5, 7.5], "texture": "#0"},
				"west": {"uv": [1.5, 6, 3, 7.5], "texture": "#0"},
				"up": {"uv": [8.5, 1.5, 7, 0], "texture": "#0"},
				"down": {"uv": [8.5, 1.5, 7, 3], "texture": "#0"}
			}
		},
		{
			"from": [3, 1, 3],
			"to": [5, 2, 6],
			"rotation": {"angle": 0, "axis": "y", "origin": [2, 0, 4]},
			"faces": {
				"north": {"uv": [8.5, 5, 9.5, 5.5], "texture": "#0"},
				"east": {"uv": [1, 8.5, 2.5, 9], "texture": "#0"},
				"south": {"uv": [6.5, 8.5, 7.5, 9], "texture": "#0"},
				"west": {"uv": [8.5, 1, 10, 1.5], "texture": "#0"},
				"up": {"uv": [8, 7, 7, 5.5], "texture": "#0"},
				"down": {"uv": [7.5, 7, 6.5, 8.5], "texture": "#0"}
			}
		},
		{
			"from": [4, 1, 1],
			"to": [6, 2, 3],
			"rotation": {"angle": 0, "axis": "y", "origin": [3, 0, 2]},
			"faces": {
				"north": {"uv": [8.5, 7, 9.5, 7.5], "texture": "#0"},
				"east": {"uv": [8.5, 7.5, 9.5, 8], "texture": "#0"},
				"south": {"uv": [8.5, 8, 9.5, 8.5], "texture": "#0"},
				"west": {"uv": [8.5, 8.5, 9.5, 9], "texture": "#0"},
				"up": {"uv": [1, 8.5, 0, 7.5], "texture": "#0"},
				"down": {"uv": [2, 7.5, 1, 8.5], "texture": "#0"}
			}
		},
		{
			"from": [5, 1, -1],
			"to": [7, 2, 1],
			"rotation": {"angle": 0, "axis": "y", "origin": [4, 0, 0]},
			"faces": {
				"north": {"uv": [1, 9, 2, 9.5], "texture": "#0"},
				"east": {"uv": [9, 3, 10, 3.5], "texture": "#0"},
				"south": {"uv": [9, 3.5, 10, 4], "texture": "#0"},
				"west": {"uv": [5, 9, 6, 9.5], "texture": "#0"},
				"up": {"uv": [3, 8.5, 2, 7.5], "texture": "#0"},
				"down": {"uv": [8.5, 7, 7.5, 8], "texture": "#0"}
			}
		},
		{
			"from": [7, 1.5, 0],
			"to": [8, 1.5, 2],
			"rotation": {"angle": 0, "axis": "y", "origin": [6, 0.5, 0]},
			"faces": {
				"north": {"uv": [0, 0, 0.5, 0], "texture": "#0"},
				"east": {"uv": [0, 0, 1, 0], "texture": "#0"},
				"south": {"uv": [0, 0, 0.5, 0], "texture": "#0"},
				"west": {"uv": [0, 0, 1, 0], "texture": "#0"},
				"up": {"uv": [2.5, 10, 2, 9], "texture": "#0"},
				"down": {"uv": [7.5, 9.5, 7, 10.5], "texture": "#0"}
			}
		},
		{
			"from": [7, 1.5, 13],
			"to": [8, 1.5, 14],
			"rotation": {"angle": 0, "axis": "y", "origin": [6, 0.5, 13]},
			"faces": {
				"north": {"uv": [0, 0, 0.5, 0], "texture": "#0"},
				"east": {"uv": [0, 0, 0.5, 0], "texture": "#0"},
				"south": {"uv": [0, 0, 0.5, 0], "texture": "#0"},
				"west": {"uv": [0, 0, 0.5, 0], "texture": "#0"},
				"up": {"uv": [10, 8.5, 9.5, 8], "texture": "#0"},
				"down": {"uv": [9, 9.5, 8.5, 10], "texture": "#0"}
			}
		},
		{
			"from": [7, 1.5, 12],
			"to": [8, 1.5, 13],
			"rotation": {"angle": 0, "axis": "y", "origin": [6, 0.5, 12]},
			"faces": {
				"north": {"uv": [0, 0, 0.5, 0], "texture": "#0"},
				"east": {"uv": [0, 0, 0.5, 0], "texture": "#0"},
				"south": {"uv": [0, 0, 0.5, 0], "texture": "#0"},
				"west": {"uv": [0, 0, 0.5, 0], "texture": "#0"},
				"up": {"uv": [10, 9, 9.5, 8.5], "texture": "#0"},
				"down": {"uv": [9.5, 9.5, 9, 10], "texture": "#0"}
			}
		},
		{
			"from": [8, 1.5, 1],
			"to": [9, 1.5, 2],
			"rotation": {"angle": 0, "axis": "y", "origin": [6, 0.5, 1]},
			"faces": {
				"north": {"uv": [0, 0, 0.5, 0], "texture": "#0"},
				"east": {"uv": [0, 0, 0.5, 0], "texture": "#0"},
				"south": {"uv": [0, 0, 0.5, 0], "texture": "#0"},
				"west": {"uv": [0, 0, 0.5, 0], "texture": "#0"},
				"up": {"uv": [10, 7.5, 9.5, 7], "texture": "#0"},
				"down": {"uv": [8, 9.5, 7.5, 10], "texture": "#0"}
			}
		},
		{
			"from": [8, 1.5, 12],
			"to": [9, 1.5, 13],
			"rotation": {"angle": 0, "axis": "y", "origin": [7, 0.5, 12]},
			"faces": {
				"north": {"uv": [0, 0, 0.5, 0], "texture": "#0"},
				"east": {"uv": [0, 0, 0.5, 0], "texture": "#0"},
				"south": {"uv": [0, 0, 0.5, 0], "texture": "#0"},
				"west": {"uv": [0, 0, 0.5, 0], "texture": "#0"},
				"up": {"uv": [10, 8, 9.5, 7.5], "texture": "#0"},
				"down": {"uv": [8.5, 9.5, 8, 10], "texture": "#0"}
			}
		},
		{
			"from": [8, 1.5, 2],
			"to": [9, 1.5, 12],
			"rotation": {"angle": 0, "axis": "y", "origin": [8, 0.5, 2]},
			"faces": {
				"north": {"uv": [0, 0, 0.5, 0], "texture": "#0"},
				"east": {"uv": [0, 0, 4.5, 0], "texture": "#0"},
				"south": {"uv": [0, 0, 0.5, 0], "texture": "#0"},
				"west": {"uv": [0, 0, 4.5, 0], "texture": "#0"},
				"up": {"uv": [3.5, 10.5, 3, 6], "texture": "#0"},
				"down": {"uv": [4, 6, 3.5, 10.5], "texture": "#0"}
			}
		},
		{
			"from": [-1, -1, 8.5],
			"to": [2, -1, 9.5],
			"rotation": {"angle": -45, "axis": "x", "origin": [1, -2, 4.5]},
			"faces": {
				"north": {"uv": [0, 0, 1.5, 0], "texture": "#0"},
				"east": {"uv": [0, 0, 0.5, 0], "texture": "#0"},
				"south": {"uv": [0, 0, 1.5, 0], "texture": "#0"},
				"west": {"uv": [0, 0, 0.5, 0], "texture": "#0"},
				"up": {"uv": [10, 2, 8.5, 1.5], "texture": "#0"},
				"down": {"uv": [10, 2, 8.5, 2.5], "texture": "#0"}
			}
		},
		{
			"from": [-1, 5.4, 7],
			"to": [2, 5.4, 8],
			"rotation": {"angle": 45, "axis": "x", "origin": [1, 4.4, 3]},
			"faces": {
				"north": {"uv": [0, 0, 1.5, 0], "texture": "#0"},
				"east": {"uv": [0, 0, 0.5, 0], "texture": "#0"},
				"south": {"uv": [0, 0, 1.5, 0], "texture": "#0"},
				"west": {"uv": [0, 0, 0.5, 0], "texture": "#0"},
				"up": {"uv": [10, 3, 8.5, 2.5], "texture": "#0"},
				"down": {"uv": [10, 4.5, 8.5, 5], "texture": "#0"}
			}
		},
		{
			"from": [-2, 5.4, 6],
			"to": [-1, 5.4, 9],
			"rotation": {"angle": 45, "axis": "x", "origin": [1, 4.4, 3]},
			"faces": {
				"north": {"uv": [0, 0, 0.5, 0], "texture": "#0"},
				"east": {"uv": [0, 0, 1.5, 0], "texture": "#0"},
				"south": {"uv": [0, 0, 0.5, 0], "texture": "#0"},
				"west": {"uv": [0, 0, 1.5, 0], "texture": "#0"},
				"up": {"uv": [6.5, 9.5, 6, 8], "texture": "#0"},
				"down": {"uv": [3, 8.5, 2.5, 10], "texture": "#0"}
			}
		},
		{
			"from": [-1, 6.6, 5.8],
			"to": [0, 6.6, 6.8],
			"rotation": {"angle": 45, "axis": "x", "origin": [2, 5.6, 1.8]},
			"faces": {
				"north": {"uv": [0, 0, 0.5, 0], "texture": "#0"},
				"east": {"uv": [0, 0, 0.5, 0], "texture": "#0"},
				"south": {"uv": [0, 0, 0.5, 0], "texture": "#0"},
				"west": {"uv": [0, 0, 0.5, 0], "texture": "#0"},
				"up": {"uv": [10, 9.5, 9.5, 9], "texture": "#0"},
				"down": {"uv": [10, 9.5, 9.5, 10], "texture": "#0"}
			}
		},
		{
			"from": [0, 7.1, 5.3],
			"to": [1, 7.1, 6.3],
			"rotation": {"angle": 45, "axis": "x", "origin": [3, 6.1, 1.3]},
			"faces": {
				"north": {"uv": [0, 0, 0.5, 0], "texture": "#0"},
				"east": {"uv": [0, 0, 0.5, 0], "texture": "#0"},
				"south": {"uv": [0, 0, 0.5, 0], "texture": "#0"},
				"west": {"uv": [0, 0, 0.5, 0], "texture": "#0"},
				"up": {"uv": [1.5, 10.5, 1, 10], "texture": "#0"},
				"down": {"uv": [10.5, 1, 10, 1.5], "texture": "#0"}
			}
		},
		{
			"from": [0, 3.7, 8.7],
			"to": [1, 3.7, 9.7],
			"rotation": {"angle": 45, "axis": "x", "origin": [3, 2.7, 4.7]},
			"faces": {
				"north": {"uv": [0, 0, 0.5, 0], "texture": "#0"},
				"east": {"uv": [0, 0, 0.5, 0], "texture": "#0"},
				"south": {"uv": [0, 0, 0.5, 0], "texture": "#0"},
				"west": {"uv": [0, 0, 0.5, 0], "texture": "#0"},
				"up": {"uv": [2, 10.5, 1.5, 10], "texture": "#0"},
				"down": {"uv": [10.5, 1.5, 10, 2], "texture": "#0"}
			}
		},
		{
			"from": [-1, 4.2, 8.2],
			"to": [0, 4.2, 9.2],
			"rotation": {"angle": 45, "axis": "x", "origin": [2, 3.2, 4.2]},
			"faces": {
				"north": {"uv": [0, 0, 0.5, 0], "texture": "#0"},
				"east": {"uv": [0, 0, 0.5, 0], "texture": "#0"},
				"south": {"uv": [0, 0, 0.5, 0], "texture": "#0"},
				"west": {"uv": [0, 0, 0.5, 0], "texture": "#0"},
				"up": {"uv": [0.5, 10.5, 0, 10], "texture": "#0"},
				"down": {"uv": [1, 10, 0.5, 10.5], "texture": "#0"}
			}
		},
		{
			"from": [0, 0.6, 10.1],
			"to": [1, 0.6, 11.1],
			"rotation": {"angle": -45, "axis": "x", "origin": [3, -0.4, 6.1]},
			"faces": {
				"north": {"uv": [0, 0, 0.5, 0], "texture": "#0"},
				"east": {"uv": [0, 0, 0.5, 0], "texture": "#0"},
				"south": {"uv": [0, 0, 0.5, 0], "texture": "#0"},
				"west": {"uv": [0, 0, 0.5, 0], "texture": "#0"},
				"up": {"uv": [3, 10.5, 2.5, 10], "texture": "#0"},
				"down": {"uv": [10.5, 2.5, 10, 3], "texture": "#0"}
			}
		},
		{
			"from": [0, -2.8, 6.7],
			"to": [1, -2.8, 7.7],
			"rotation": {"angle": -45, "axis": "x", "origin": [3, -3.8, 2.7]},
			"faces": {
				"north": {"uv": [0, 0, 0.5, 0], "texture": "#0"},
				"east": {"uv": [0, 0, 0.5, 0], "texture": "#0"},
				"south": {"uv": [0, 0, 0.5, 0], "texture": "#0"},
				"west": {"uv": [0, 0, 0.5, 0], "texture": "#0"},
				"up": {"uv": [4.5, 10.5, 4, 10], "texture": "#0"},
				"down": {"uv": [10.5, 4, 10, 4.5], "texture": "#0"}
			}
		},
		{
			"from": [-1, 0.1, 9.6],
			"to": [0, 0.1, 10.6],
			"rotation": {"angle": -45, "axis": "x", "origin": [2, -0.9, 5.6]},
			"faces": {
				"north": {"uv": [0, 0, 0.5, 0], "texture": "#0"},
				"east": {"uv": [0, 0, 0.5, 0], "texture": "#0"},
				"south": {"uv": [0, 0, 0.5, 0], "texture": "#0"},
				"west": {"uv": [0, 0, 0.5, 0], "texture": "#0"},
				"up": {"uv": [2.5, 10.5, 2, 10], "texture": "#0"},
				"down": {"uv": [10.5, 2, 10, 2.5], "texture": "#0"}
			}
		},
		{
			"from": [-1, -2.3, 7.2],
			"to": [0, -2.3, 8.2],
			"rotation": {"angle": -45, "axis": "x", "origin": [2, -3.3, 3.2]},
			"faces": {
				"north": {"uv": [0, 0, 0.5, 0], "texture": "#0"},
				"east": {"uv": [0, 0, 0.5, 0], "texture": "#0"},
				"south": {"uv": [0, 0, 0.5, 0], "texture": "#0"},
				"west": {"uv": [0, 0, 0.5, 0], "texture": "#0"},
				"up": {"uv": [10.5, 3.5, 10, 3], "texture": "#0"},
				"down": {"uv": [10.5, 3.5, 10, 4], "texture": "#0"}
			}
		},
		{
			"from": [-2, -2.5, 8],
			"to": [-1, -2.5, 11],
			"rotation": {"angle": -45, "axis": "x", "origin": [1, -3.5, 3]},
			"faces": {
				"north": {"uv": [0, 0, 0.5, 0], "texture": "#0"},
				"east": {"uv": [0, 0, 1.5, 0], "texture": "#0"},
				"south": {"uv": [0, 0, 0.5, 0], "texture": "#0"},
				"west": {"uv": [0, 0, 1.5, 0], "texture": "#0"},
				"up": {"uv": [4.5, 10, 4, 8.5], "texture": "#0"},
				"down": {"uv": [5, 8.5, 4.5, 10], "texture": "#0"}
			}
		},
		{
			"from": [3, 1, 8.2],
			"to": [5, 2, 11.2],
			"rotation": {"angle": 0, "axis": "y", "origin": [2, 0, 10.2]},
			"faces": {
				"north": {"uv": [1, 9.5, 2, 10], "texture": "#0"},
				"east": {"uv": [5, 9.5, 6, 10], "texture": "#0"},
				"south": {"uv": [9.5, 5, 10.5, 5.5], "texture": "#0"},
				"west": {"uv": [6, 9.5, 7, 10], "texture": "#0"},
				"up": {"uv": [1, 9.5, 0, 8.5], "texture": "#0"},
				"down": {"uv": [9.5, 0, 8.5, 1], "texture": "#0"}
			}
		},
		{
			"from": [5, 1, 13.2],
			"to": [7, 2, 15.2],
			"rotation": {"angle": 0, "axis": "y", "origin": [4, 0, 14.2]},
			"faces": {
				"north": {"uv": [8.5, 9, 9.5, 9.5], "texture": "#0"},
				"east": {"uv": [0, 9.5, 1, 10], "texture": "#0"},
				"south": {"uv": [9.5, 0, 10.5, 0.5], "texture": "#0"},
				"west": {"uv": [9.5, 0.5, 10.5, 1], "texture": "#0"},
				"up": {"uv": [9, 6.5, 8, 5.5], "texture": "#0"},
				"down": {"uv": [8.5, 8, 7.5, 9], "texture": "#0"}
			}
		},
		{
			"from": [4, 1, 11.2],
			"to": [6, 2, 13.2],
			"rotation": {"angle": 0, "axis": "y", "origin": [3, 0, 12.2]},
			"faces": {
				"north": {"uv": [9, 5.5, 10, 6], "texture": "#0"},
				"east": {"uv": [9, 6, 10, 6.5], "texture": "#0"},
				"south": {"uv": [6.5, 9, 7.5, 9.5], "texture": "#0"},
				"west": {"uv": [7.5, 9, 8.5, 9.5], "texture": "#0"},
				"up": {"uv": [9, 4, 8, 3], "texture": "#0"},
				"down": {"uv": [6, 8, 5, 9], "texture": "#0"}
			}
		}
	],
	"display": {
		"thirdperson_righthand": {
			"rotation": [84.46, -84.08, 77.21],
			"translation": [-2, 8.5, 1]
		},
		"thirdperson_lefthand": {
			"rotation": [179.83, 84.25, -179.75],
			"translation": [0.75, 8.5, 0]
		},
		"firstperson_righthand": {
			"rotation": [0, -98, 0],
			"translation": [0, 8.5, 0]
		},
		"firstperson_lefthand": {
			"rotation": [-10, 92, -3],
			"translation": [1.25, 8.5, -1.5]
		},
		"ground": {
			"translation": [0, 5, 0],
			"scale": [0.8, 0.8, 0.8]
		},
		"gui": {
			"rotation": [-90, -139, 180],
			"translation": [0.75, -2, 0]
		},
		"fixed": {
			"rotation": [-90, -37, 0],
			"translation": [1, 2, -6.25]
		}
	}
}