{
	"credit": "Made with Blockbench",
	"texture_size": [64, 64],
	"textures": {
		"0": "item/helmet"
	},
	"elements": [
		{
			"from": [1, 0, 1],
			"to": [15, 14, 15],
			"faces": {
				"north": {"uv": [0, 0, 3.5, 3.5], "texture": "#0"},
				"east": {"uv": [0, 3.5, 3.5, 7], "texture": "#0"},
				"south": {"uv": [3.5, 0, 7, 3.5], "texture": "#0"},
				"west": {"uv": [3.5, 3.5, 7, 7], "texture": "#0"},
				"up": {"uv": [3.5, 10.5, 0, 7], "texture": "#0"},
				"down": {"uv": [10.5, 0, 7, 3.5], "texture": "#0"}
			}
		},
		{
			"from": [2.4, 13, 2.4],
			"to": [13.6, 15.4, 13.6],
			"faces": {
				"north": {"uv": [10.5, 2.5, 13.25, 3], "texture": "#0"},
				"east": {"uv": [10.5, 3, 13.25, 3.5], "texture": "#0"},
				"south": {"uv": [6.75, 11.75, 9.5, 12.25], "texture": "#0"},
				"west": {"uv": [9.5, 11.75, 12.25, 12.25], "texture": "#0"},
				"up": {"uv": [9.75, 9, 7, 6.25], "texture": "#0"},
				"down": {"uv": [9.25, 9, 6.5, 11.75], "texture": "#0"}
			}
		},
		{
			"from": [-0.8, 2, 2.4],
			"to": [1.6, 12.2, 13.6],
			"faces": {
				"north": {"uv": [12, 8.75, 12.5, 11.5], "texture": "#0"},
				"east": {"uv": [9.25, 9, 12, 11.75], "texture": "#0"},
				"south": {"uv": [12.25, 6, 12.75, 8.75], "texture": "#0"},
				"west": {"uv": [3.5, 9.75, 6.25, 12.5], "texture": "#0"},
				"up": {"uv": [7.25, 15, 6.75, 12.25], "texture": "#0"},
				"down": {"uv": [7.75, 12.25, 7.25, 15], "texture": "#0"}
			}
		},
		{
			"from": [14.6, 2, 2.4],
			"to": [17, 12.2, 13.6],
			"faces": {
				"north": {"uv": [8.75, 12.25, 9.25, 14.75], "texture": "#0"},
				"east": {"uv": [9.75, 6.25, 12.25, 8.75], "texture": "#0"},
				"south": {"uv": [9.25, 12.25, 9.75, 14.75], "texture": "#0"},
				"west": {"uv": [10, 3.5, 12.5, 6], "texture": "#0"},
				"up": {"uv": [10.25, 14.75, 9.75, 12.25], "texture": "#0"},
				"down": {"uv": [10.75, 12.25, 10.25, 14.75], "texture": "#0"}
			}
		},
		{
			"from": [2, 1, 1.4],
			"to": [14, 12, 3.4],
			"faces": {
				"north": {"uv": [3.5, 7, 6.5, 9.75], "texture": "#0"},
				"east": {"uv": [7.75, 12.25, 8.25, 15], "texture": "#0"},
				"south": {"uv": [7, 3.5, 10, 6.25], "texture": "#0"},
				"west": {"uv": [8.25, 12.25, 8.75, 15], "texture": "#0"},
				"up": {"uv": [13.5, 2, 10.5, 1.5], "texture": "#0"},
				"down": {"uv": [13.5, 2, 10.5, 2.5], "texture": "#0"}
			}
		},
		{
			"from": [1.1, 0.1, 1.1],
			"to": [14.9, 1.2, 3],
			"faces": {
				"north": {"uv": [12, 11.5, 15.5, 11.75], "texture": "#0"},
				"east": {"uv": [9.75, 8.75, 10.25, 9], "texture": "#0"},
				"south": {"uv": [10.75, 12.25, 14.25, 12.5], "texture": "#0"},
				"west": {"uv": [10, 6, 10.5, 6.25], "texture": "#0"},
				"up": {"uv": [3.5, 11, 0, 10.5], "texture": "#0"},
				"down": {"uv": [14, 0, 10.5, 0.5], "texture": "#0"}
			}
		},
		{
			"from": [1.1, 11.1, 1.1],
			"to": [14.9, 12.2, 3],
			"faces": {
				"north": {"uv": [12.25, 11.75, 15.75, 12], "texture": "#0"},
				"east": {"uv": [10.25, 8.75, 10.75, 9], "texture": "#0"},
				"south": {"uv": [12.25, 12, 15.75, 12.25], "texture": "#0"},
				"west": {"uv": [10.5, 6, 11, 6.25], "texture": "#0"},
				"up": {"uv": [14, 1, 10.5, 0.5], "texture": "#0"},
				"down": {"uv": [14, 1, 10.5, 1.5], "texture": "#0"}
			}
		},
		{
			"from": [1.1, 0.1, 1.1],
			"to": [3, 13.7, 3.1],
			"faces": {
				"north": {"uv": [0, 11, 0.5, 14.5], "texture": "#0"},
				"east": {"uv": [0.5, 11, 1, 14.5], "texture": "#0"},
				"south": {"uv": [1, 11, 1.5, 14.5], "texture": "#0"},
				"west": {"uv": [1.5, 11, 2, 14.5], "texture": "#0"},
				"up": {"uv": [7, 7.5, 6.5, 7], "texture": "#0"},
				"down": {"uv": [7, 7.5, 6.5, 8], "texture": "#0"}
			}
		},
		{
			"from": [13.1, 0.1, 1.2],
			"to": [14.8, 13.7, 3],
			"faces": {
				"north": {"uv": [2, 11, 2.5, 14.5], "texture": "#0"},
				"east": {"uv": [2.5, 11, 3, 14.5], "texture": "#0"},
				"south": {"uv": [3, 11, 3.5, 14.5], "texture": "#0"},
				"west": {"uv": [6.25, 11.75, 6.75, 15.25], "texture": "#0"},
				"up": {"uv": [7, 8.5, 6.5, 8], "texture": "#0"},
				"down": {"uv": [7, 8.5, 6.5, 9], "texture": "#0"}
			}
		}
	],
	"display": {
		"thirdperson_righthand": {
			"rotation": [20, 180, 0],
			"translation": [0.75, 3.75, -1.5],
			"scale": [0.49, 0.49, 0.49]
		},
		"firstperson_righthand": {
			"rotation": [0, 122, 0],
			"translation": [1.5, 3, -1.25],
			"scale": [0.51, 0.53, 0.49]
		},
		"ground": {
			"translation": [0, 1, 0],
			"scale": [0.49, 0.49, 0.49]
		},
		"gui": {
			"rotation": [0, 180, 0],
			"scale": [0.72, 0.72, 0.72]
		},
		"head": {
			"translation": [-0.25, 2.25, 0],
			"scale": [1.2, 1.2, 1.2]
		}
	}
}