{
	"credit": "Made with Blockbench",
	"texture_size": [128, 128],
	"textures": {
		"62": "item/custom/stiched_texture"
	},
	"elements": [
		{
			"from": [9, 10, 10],
			"to": [11, 12, 11],
			"rotation": {"angle": 22.5, "axis": "x", "origin": [0, 3, 0]},
			"faces": {
				"north": {"uv": [0, 2, 0.25, 2.25], "texture": "#62"},
				"east": {"uv": [0.25, 2, 0.375, 2.25], "texture": "#62"},
				"south": {"uv": [0, 2.25, 0.25, 2.5], "texture": "#62"},
				"west": {"uv": [0.25, 2.25, 0.375, 2.5], "texture": "#62"},
				"up": {"uv": [0.625, 2.125, 0.375, 2], "texture": "#62"},
				"down": {"uv": [0.625, 2.125, 0.375, 2.25], "texture": "#62"}
			}
		},
		{
			"from": [6, 10, 10],
			"to": [8, 12, 11],
			"rotation": {"angle": 22.5, "axis": "x", "origin": [0, 3, 0]},
			"faces": {
				"north": {"uv": [14, 0, 14.25, 0.25], "texture": "#62"},
				"east": {"uv": [14.25, 0, 14.375, 0.25], "texture": "#62"},
				"south": {"uv": [14, 0.25, 14.25, 0.5], "texture": "#62"},
				"west": {"uv": [14.25, 0.25, 14.375, 0.5], "texture": "#62"},
				"up": {"uv": [14.625, 0.125, 14.375, 0], "texture": "#62"},
				"down": {"uv": [14.625, 0.125, 14.375, 0.25], "texture": "#62"}
			}
		},
		{
			"from": [5.2, 9, 8],
			"to": [11.8, 13, 10],
			"rotation": {"angle": 22.5, "axis": "x", "origin": [0, 3, 0]},
			"faces": {
				"north": {"uv": [12, 2, 12.875, 2.5], "texture": "#62"},
				"east": {"uv": [12.875, 2.5, 13.125, 3], "texture": "#62"},
				"south": {"uv": [12, 2.5, 12.875, 3], "texture": "#62"},
				"west": {"uv": [12, 3, 12.25, 3.5], "texture": "#62"},
				"up": {"uv": [13.75, 2.25, 12.875, 2], "texture": "#62"},
				"down": {"uv": [13.75, 2.25, 12.875, 2.5], "texture": "#62"}
			}
		},
		{
			"from": [5.7, 11.9, 2.1],
			"to": [11.3, 14.9, 5.6],
			"rotation": {"angle": 45, "axis": "x", "origin": [0, 3, 0]},
			"faces": {
				"north": {"uv": [14.75, 2, 15.5, 2.375], "texture": "#62"},
				"east": {"uv": [14.75, 2.75, 15.25, 3.125], "texture": "#62"},
				"south": {"uv": [14.75, 2.375, 15.5, 2.75], "texture": "#62"},
				"west": {"uv": [14, 3, 14.5, 3.375], "texture": "#62"},
				"up": {"uv": [14.75, 2.5, 14, 2], "texture": "#62"},
				"down": {"uv": [14.75, 2.5, 14, 3], "texture": "#62"}
			}
		},
		{
			"from": [6.5, 4.5, 9.4],
			"to": [10.5, 8, 11.3],
			"rotation": {"angle": -22.5, "axis": "x", "origin": [0, 3, 0]},
			"faces": {
				"north": {"uv": [0, 4, 0.5, 4.5], "texture": "#62"},
				"east": {"uv": [0.5, 4, 0.75, 4.5], "texture": "#62"},
				"south": {"uv": [0, 4.5, 0.5, 5], "texture": "#62"},
				"west": {"uv": [0.5, 4.5, 0.75, 5], "texture": "#62"},
				"up": {"uv": [1.25, 4.25, 0.75, 4], "texture": "#62"},
				"down": {"uv": [1.25, 4.25, 0.75, 4.5], "texture": "#62"}
			}
		},
		{
			"from": [5.8, 7.8, 8.8],
			"to": [11.3, 8.4, 12.8],
			"rotation": {"angle": -22.5, "axis": "x", "origin": [0, 3, 0]},
			"faces": {
				"north": {"uv": [0.625, 6, 1.25, 6.125], "texture": "#62"},
				"east": {"uv": [0.625, 6.25, 1.125, 6.375], "texture": "#62"},
				"south": {"uv": [0.625, 6.125, 1.25, 6.25], "texture": "#62"},
				"west": {"uv": [0.625, 6.375, 1.125, 6.5], "texture": "#62"},
				"up": {"uv": [0.625, 6.5, 0, 6], "texture": "#62"},
				"down": {"uv": [0.625, 6.5, 0, 7], "texture": "#62"}
			}
		},
		{
			"from": [5.8, 13.5, 8.8],
			"to": [11.3, 13.5, 12.8],
			"rotation": {"angle": -22.5, "axis": "x", "origin": [0, 3, 0]},
			"faces": {
				"north": {"uv": [10, 4, 10.625, 4], "texture": "#62"},
				"east": {"uv": [10, 4, 10.5, 4], "texture": "#62"},
				"south": {"uv": [10, 4, 10.625, 4], "texture": "#62"},
				"west": {"uv": [10, 4, 10.5, 4], "texture": "#62"},
				"up": {"uv": [10.625, 4.5, 10, 4], "texture": "#62"},
				"down": {"uv": [10.625, 4.5, 10, 5], "texture": "#62"}
			}
		},
		{
			"from": [5.8, 8.4, 8.8],
			"to": [5.8, 13.5, 12.8],
			"rotation": {"angle": -22.5, "axis": "x", "origin": [0, 3, 0]},
			"faces": {
				"north": {"uv": [10, 0, 10, 0.625], "texture": "#62"},
				"east": {"uv": [10, 0, 10.5, 0.625], "texture": "#62"},
				"south": {"uv": [10, 0, 10, 0.625], "texture": "#62"},
				"west": {"uv": [10.5, 0, 11, 0.625], "texture": "#62"},
				"up": {"uv": [10, 0.5, 10, 0], "texture": "#62"},
				"down": {"uv": [10, 0, 10, 0.5], "texture": "#62"}
			}
		},
		{
			"from": [11.3, 8.4, 8.8],
			"to": [11.3, 13.5, 12.8],
			"rotation": {"angle": -22.5, "axis": "x", "origin": [0, 3, 0]},
			"faces": {
				"north": {"uv": [12, 4, 12, 4.625], "texture": "#62"},
				"east": {"uv": [12, 4, 12.5, 4.625], "texture": "#62"},
				"south": {"uv": [12, 4, 12, 4.625], "texture": "#62"},
				"west": {"uv": [12.5, 4, 13, 4.625], "texture": "#62"},
				"up": {"uv": [12, 4.5, 12, 4], "texture": "#62"},
				"down": {"uv": [12, 4, 12, 4.5], "texture": "#62"}
			}
		},
		{
			"from": [5.8, 8.4, 12.8],
			"to": [11.3, 13.5, 12.8],
			"rotation": {"angle": -22.5, "axis": "x", "origin": [0, 3, 0]},
			"faces": {
				"north": {"uv": [14, 4, 14.75, 4.625], "texture": "#62"},
				"east": {"uv": [14, 4, 14, 4.625], "texture": "#62"},
				"south": {"uv": [14, 4.625, 14.75, 5.25], "texture": "#62"},
				"west": {"uv": [14, 4, 14, 4.625], "texture": "#62"},
				"up": {"uv": [14.75, 4, 14, 4], "texture": "#62"},
				"down": {"uv": [14.75, 4, 14, 4], "texture": "#62"}
			}
		},
		{
			"from": [12.5, 0.4, 6.5],
			"to": [13.8, 1.7, 8.5],
			"rotation": {"angle": 45, "axis": "z", "origin": [0, 0, 0]},
			"faces": {
				"north": {"uv": [2, 7, 2.375, 7.375], "texture": "#62"},
				"east": {"uv": [2, 6, 2.5, 6.375], "texture": "#62"},
				"south": {"uv": [3, 6, 3.375, 6.375], "texture": "#62"},
				"west": {"uv": [2, 6.5, 2.5, 6.875], "texture": "#62"},
				"up": {"uv": [2.875, 6.5, 2.5, 6], "texture": "#62"},
				"down": {"uv": [2.875, 6.5, 2.5, 7], "texture": "#62"}
			}
		},
		{
			"from": [7.1, 9.3, 7],
			"to": [8.1, 10.3, 7],
			"rotation": {"angle": -45, "axis": "z", "origin": [7.1, 9.3, 7]},
			"faces": {
				"north": {"uv": [12, 6, 12.125, 6.125], "texture": "#62"},
				"east": {"uv": [12, 6, 12, 6.125], "texture": "#62"},
				"south": {"uv": [12, 6.125, 12.125, 6.25], "texture": "#62"},
				"west": {"uv": [12, 6, 12, 6.125], "texture": "#62"},
				"up": {"uv": [12.125, 6, 12, 6], "texture": "#62"},
				"down": {"uv": [12.125, 6, 12, 6], "texture": "#62"}
			}
		},
		{
			"from": [8.7, 9.3, 7],
			"to": [9.7, 10.3, 7],
			"rotation": {"angle": -45, "axis": "z", "origin": [8.7, 9.3, 7]},
			"faces": {
				"north": {"uv": [4, 6, 4.125, 6.125], "texture": "#62"},
				"east": {"uv": [4, 6, 4, 6.125], "texture": "#62"},
				"south": {"uv": [4, 6.125, 4.125, 6.25], "texture": "#62"},
				"west": {"uv": [4, 6, 4, 6.125], "texture": "#62"},
				"up": {"uv": [4.125, 6, 4, 6], "texture": "#62"},
				"down": {"uv": [4.125, 6, 4, 6], "texture": "#62"}
			}
		},
		{
			"from": [8.9, 8.2, 7],
			"to": [9.9, 9.2, 7],
			"rotation": {"angle": -22.5, "axis": "x", "origin": [8.9, 9.2, 7]},
			"faces": {
				"north": {"uv": [6, 6, 6.125, 6.125], "texture": "#62"},
				"east": {"uv": [6, 6, 6, 6.125], "texture": "#62"},
				"south": {"uv": [6, 6.125, 6.125, 6.25], "texture": "#62"},
				"west": {"uv": [6, 6, 6, 6.125], "texture": "#62"},
				"up": {"uv": [6.125, 6, 6, 6], "texture": "#62"},
				"down": {"uv": [6.125, 6, 6, 6], "texture": "#62"}
			}
		},
		{
			"from": [7.3, 8.2, 7],
			"to": [8.3, 9.2, 7],
			"rotation": {"angle": -22.5, "axis": "x", "origin": [7.3, 9.2, 7]},
			"faces": {
				"north": {"uv": [14, 6, 14.125, 6.125], "texture": "#62"},
				"east": {"uv": [14, 6, 14, 6.125], "texture": "#62"},
				"south": {"uv": [14, 6.125, 14.125, 6.25], "texture": "#62"},
				"west": {"uv": [14, 6, 14, 6.125], "texture": "#62"},
				"up": {"uv": [14.125, 6, 14, 6], "texture": "#62"},
				"down": {"uv": [14.125, 6, 14, 6], "texture": "#62"}
			}
		},
		{
			"from": [7.3, 7.3, 7.4],
			"to": [8.3, 8.3, 7.4],
			"rotation": {"angle": 0, "axis": "y", "origin": [7.3, 8.3, 7.4]},
			"faces": {
				"north": {"uv": [0, 8, 0.125, 8.125], "texture": "#62"},
				"east": {"uv": [0, 8, 0, 8.125], "texture": "#62"},
				"south": {"uv": [0, 8.125, 0.125, 8.25], "texture": "#62"},
				"west": {"uv": [0, 8, 0, 8.125], "texture": "#62"},
				"up": {"uv": [0.125, 8, 0, 8], "texture": "#62"},
				"down": {"uv": [0.125, 8, 0, 8], "texture": "#62"}
			}
		},
		{
			"from": [8.9, 7.3, 7.4],
			"to": [9.9, 8.3, 7.4],
			"rotation": {"angle": 0, "axis": "y", "origin": [8.9, 8.3, 7.4]},
			"faces": {
				"north": {"uv": [8, 6, 8.125, 6.125], "texture": "#62"},
				"east": {"uv": [8, 6, 8, 6.125], "texture": "#62"},
				"south": {"uv": [8, 6.125, 8.125, 6.25], "texture": "#62"},
				"west": {"uv": [8, 6, 8, 6.125], "texture": "#62"},
				"up": {"uv": [8.125, 6, 8, 6], "texture": "#62"},
				"down": {"uv": [8.125, 6, 8, 6], "texture": "#62"}
			}
		},
		{
			"from": [8.9, 6.3, 7.4],
			"to": [9.9, 7.3, 7.4],
			"rotation": {"angle": 0, "axis": "y", "origin": [8.9, 7.3, 7.4]},
			"faces": {
				"north": {"uv": [10, 6, 10.125, 6.125], "texture": "#62"},
				"east": {"uv": [10, 6, 10, 6.125], "texture": "#62"},
				"south": {"uv": [10, 6.125, 10.125, 6.25], "texture": "#62"},
				"west": {"uv": [10, 6, 10, 6.125], "texture": "#62"},
				"up": {"uv": [10.125, 6, 10, 6], "texture": "#62"},
				"down": {"uv": [10.125, 6, 10, 6], "texture": "#62"}
			}
		},
		{
			"from": [7.3, 6.3, 7.4],
			"to": [8.3, 7.3, 7.4],
			"rotation": {"angle": 0, "axis": "y", "origin": [7.3, 7.3, 7.4]},
			"faces": {
				"north": {"uv": [2, 8, 2.125, 8.125], "texture": "#62"},
				"east": {"uv": [2, 8, 2, 8.125], "texture": "#62"},
				"south": {"uv": [2, 8.125, 2.125, 8.25], "texture": "#62"},
				"west": {"uv": [2, 8, 2, 8.125], "texture": "#62"},
				"up": {"uv": [2.125, 8, 2, 8], "texture": "#62"},
				"down": {"uv": [2.125, 8, 2, 8], "texture": "#62"}
			}
		},
		{
			"from": [7.3, 5.3, 7.4],
			"to": [8.3, 6.3, 7.4],
			"rotation": {"angle": 0, "axis": "y", "origin": [7.3, 6.3, 7.4]},
			"faces": {
				"north": {"uv": [4, 8, 4.125, 8.125], "texture": "#62"},
				"east": {"uv": [4, 8, 4, 8.125], "texture": "#62"},
				"south": {"uv": [4, 8.125, 4.125, 8.25], "texture": "#62"},
				"west": {"uv": [4, 8, 4, 8.125], "texture": "#62"},
				"up": {"uv": [4.125, 8, 4, 8], "texture": "#62"},
				"down": {"uv": [4.125, 8, 4, 8], "texture": "#62"}
			}
		},
		{
			"from": [6.6, 15.9, -4.5],
			"to": [10.5, 16.9, -4.5],
			"rotation": {"angle": 45, "axis": "x", "origin": [0, 3, 0]},
			"faces": {
				"north": {"uv": [4, 0, 4.5, 0.125], "texture": "#62"},
				"east": {"uv": [4, 0, 4, 0.125], "texture": "#62"},
				"south": {"uv": [4, 0.125, 4.5, 0.25], "texture": "#62"},
				"west": {"uv": [4, 0, 4, 0.125], "texture": "#62"},
				"up": {"uv": [4.5, 0, 4, 0], "texture": "#62"},
				"down": {"uv": [4.5, 0, 4, 0], "texture": "#62"}
			}
		},
		{
			"from": [8.5, 17.9, -4.5],
			"to": [9.4, 18.9, -4.5],
			"rotation": {"angle": 45, "axis": "x", "origin": [0, 3, 0]},
			"faces": {
				"north": {"uv": [6, 0, 6.125, 0.125], "texture": "#62"},
				"east": {"uv": [6, 0, 6, 0.125], "texture": "#62"},
				"south": {"uv": [6, 0.125, 6.125, 0.25], "texture": "#62"},
				"west": {"uv": [6, 0, 6, 0.125], "texture": "#62"},
				"up": {"uv": [6.125, 0, 6, 0], "texture": "#62"},
				"down": {"uv": [6.125, 0, 6, 0], "texture": "#62"}
			}
		},
		{
			"from": [6.6, 17.9, -4.5],
			"to": [7.6, 18.9, -4.5],
			"rotation": {"angle": 45, "axis": "x", "origin": [0, 3, 0]},
			"faces": {
				"north": {"uv": [8, 0, 8.125, 0.125], "texture": "#62"},
				"east": {"uv": [8, 0, 8, 0.125], "texture": "#62"},
				"south": {"uv": [8, 0.125, 8.125, 0.25], "texture": "#62"},
				"west": {"uv": [8, 0, 8, 0.125], "texture": "#62"},
				"up": {"uv": [8.125, 0, 8, 0], "texture": "#62"},
				"down": {"uv": [8.125, 0, 8, 0], "texture": "#62"}
			}
		},
		{
			"from": [7.6, 16.9, -4.5],
			"to": [10.5, 17.9, -4.5],
			"rotation": {"angle": 45, "axis": "x", "origin": [0, 3, 0]},
			"faces": {
				"north": {"uv": [2, 0, 2.375, 0.125], "texture": "#62"},
				"east": {"uv": [2, 0, 2, 0.125], "texture": "#62"},
				"south": {"uv": [2, 0.125, 2.375, 0.25], "texture": "#62"},
				"west": {"uv": [2, 0, 2, 0.125], "texture": "#62"},
				"up": {"uv": [2.375, 0, 2, 0], "texture": "#62"},
				"down": {"uv": [2.375, 0, 2, 0], "texture": "#62"}
			}
		},
		{
			"from": [6.8, 12.8, 8],
			"to": [10.4, 17, 11.2],
			"faces": {
				"north": {"uv": [2, 2, 2.5, 2.5], "texture": "#62"},
				"east": {"uv": [2.5, 2, 2.875, 2.5], "texture": "#62"},
				"south": {"uv": [2, 2.5, 2.5, 3], "texture": "#62"},
				"west": {"uv": [2.5, 2.5, 2.875, 3], "texture": "#62"},
				"up": {"uv": [3.375, 2.375, 2.875, 2], "texture": "#62"},
				"down": {"uv": [3.375, 2.375, 2.875, 2.75], "texture": "#62"}
			}
		},
		{
			"from": [7.4, 16.5, 3.8],
			"to": [9.8, 19.4, 7],
			"rotation": {"angle": 22.5, "axis": "x", "origin": [0, 0, 0]},
			"faces": {
				"north": {"uv": [4.375, 2, 4.625, 2.375], "texture": "#62"},
				"east": {"uv": [4, 2, 4.375, 2.375], "texture": "#62"},
				"south": {"uv": [4.375, 2.375, 4.625, 2.75], "texture": "#62"},
				"west": {"uv": [4, 2.375, 4.375, 2.75], "texture": "#62"},
				"up": {"uv": [4.875, 2.375, 4.625, 2], "texture": "#62"},
				"down": {"uv": [4.875, 2.375, 4.625, 2.75], "texture": "#62"}
			}
		},
		{
			"from": [7.9, 18.4, -2.2],
			"to": [9.3, 20.1, 1],
			"rotation": {"angle": 45, "axis": "x", "origin": [0, 0, 0]},
			"faces": {
				"north": {"uv": [6, 2.5, 6.125, 2.75], "texture": "#62"},
				"east": {"uv": [6, 2, 6.375, 2.25], "texture": "#62"},
				"south": {"uv": [6.5, 2, 6.625, 2.25], "texture": "#62"},
				"west": {"uv": [6, 2.25, 6.375, 2.5], "texture": "#62"},
				"up": {"uv": [6.5, 2.375, 6.375, 2], "texture": "#62"},
				"down": {"uv": [6.5, 2.375, 6.375, 2.75], "texture": "#62"}
			}
		},
		{
			"from": [8.6, 18.8, -0.2],
			"to": [8.6, 19.5, 1.7],
			"rotation": {"angle": 45, "axis": "x", "origin": [0, 0, 0]},
			"faces": {
				"north": {"uv": [8, 2, 8, 2.125], "texture": "#62"},
				"east": {"uv": [8, 2, 8.25, 2.125], "texture": "#62"},
				"south": {"uv": [8, 2, 8, 2.125], "texture": "#62"},
				"west": {"uv": [8, 2.125, 8.25, 2.25], "texture": "#62"},
				"up": {"uv": [8, 2.25, 8, 2], "texture": "#62"},
				"down": {"uv": [8, 2, 8, 2.25], "texture": "#62"}
			}
		},
		{
			"from": [8.2, 11.4, 14.3],
			"to": [9, 12.2, 15.1],
			"faces": {
				"north": {"uv": [10, 2, 10.125, 2.125], "texture": "#62"},
				"east": {"uv": [10, 2.125, 10.125, 2.25], "texture": "#62"},
				"south": {"uv": [10.125, 2, 10.25, 2.125], "texture": "#62"},
				"west": {"uv": [10.125, 2.125, 10.25, 2.25], "texture": "#62"},
				"up": {"uv": [10.125, 2.375, 10, 2.25], "texture": "#62"},
				"down": {"uv": [10.375, 2, 10.25, 2.125], "texture": "#62"}
			}
		},
		{
			"from": [6.4, 11.3, 5.9],
			"to": [10.6, 15.3, 8.4],
			"rotation": {"angle": 0, "axis": "y", "origin": [0, 3, 0]},
			"faces": {
				"north": {"uv": [0, 0, 0.5, 0.5], "texture": "#62"},
				"east": {"uv": [0.5, 0, 0.75, 0.5], "texture": "#62"},
				"south": {"uv": [0, 0.5, 0.5, 1], "texture": "#62"},
				"west": {"uv": [0.5, 0.5, 0.75, 1], "texture": "#62"},
				"up": {"uv": [1.25, 0.25, 0.75, 0], "texture": "#62"},
				"down": {"uv": [1.25, 0.25, 0.75, 0.5], "texture": "#62"}
			}
		},
		{
			"from": [5.5, 9.3, 7.2],
			"to": [7.3, 11.4, 9.5],
			"rotation": {"angle": -22.5, "axis": "x", "origin": [5.5, 10, 8]},
			"faces": {
				"north": {"uv": [2, 4, 2.25, 4.25], "texture": "#62"},
				"east": {"uv": [2, 4.25, 2.25, 4.5], "texture": "#62"},
				"south": {"uv": [2.25, 4, 2.5, 4.25], "texture": "#62"},
				"west": {"uv": [2.25, 4.25, 2.5, 4.5], "texture": "#62"},
				"up": {"uv": [2.25, 4.75, 2, 4.5], "texture": "#62"},
				"down": {"uv": [2.75, 4, 2.5, 4.25], "texture": "#62"}
			}
		},
		{
			"from": [4.6, 5.7, 7.6],
			"to": [5.6, 10.7, 8.8],
			"rotation": {"angle": -45, "axis": "z", "origin": [5.6, 9.7, 7.6]},
			"faces": {
				"north": {"uv": [12, 0, 12.25, 1.25], "texture": "#62"},
				"east": {"uv": [12.25, 0, 12.5, 1.25], "texture": "#62"},
				"south": {"uv": [12.5, 0, 12.75, 1.25], "texture": "#62"},
				"west": {"uv": [12.75, 0, 13, 1.25], "texture": "#62"},
				"up": {"uv": [13.25, 0.25, 13, 0], "texture": "#62"},
				"down": {"uv": [13.25, 0.25, 13, 0.5], "texture": "#62"}
			}
		},
		{
			"from": [4.2, 6.7, 7.3],
			"to": [5.9, 10.7, 9.1],
			"rotation": {"angle": -45, "axis": "z", "origin": [5.6, 9.7, 7.6]},
			"faces": {
				"north": {"uv": [6, 4, 6.25, 4.5], "texture": "#62"},
				"east": {"uv": [6.25, 4, 6.5, 4.5], "texture": "#62"},
				"south": {"uv": [6, 4.5, 6.25, 5], "texture": "#62"},
				"west": {"uv": [6.5, 4, 6.75, 4.5], "texture": "#62"},
				"up": {"uv": [6.5, 4.75, 6.25, 4.5], "texture": "#62"},
				"down": {"uv": [6.75, 4.5, 6.5, 4.75], "texture": "#62"}
			}
		},
		{
			"from": [11.2, 9.3, 4.8],
			"to": [12.9, 11.1, 8.8],
			"rotation": {"angle": -22.5, "axis": "y", "origin": [11.5, 10.8, 7.8]},
			"faces": {
				"north": {"uv": [8.25, 4.5, 8.5, 4.75], "texture": "#62"},
				"east": {"uv": [8, 4, 8.5, 4.25], "texture": "#62"},
				"south": {"uv": [8.5, 4.5, 8.75, 4.75], "texture": "#62"},
				"west": {"uv": [8, 4.25, 8.5, 4.5], "texture": "#62"},
				"up": {"uv": [8.25, 5, 8, 4.5], "texture": "#62"},
				"down": {"uv": [8.75, 4, 8.5, 4.5], "texture": "#62"}
			}
		},
		{
			"from": [11.5, 9.6, 3.8],
			"to": [12.5, 10.8, 8.7],
			"rotation": {"angle": -22.5, "axis": "y", "origin": [11.5, 10.8, 7.8]},
			"faces": {
				"north": {"uv": [10.25, 14.25, 10.375, 14.375], "texture": "#62"},
				"east": {"uv": [10, 14, 10.625, 14.125], "texture": "#62"},
				"south": {"uv": [10.25, 14.375, 10.375, 14.5], "texture": "#62"},
				"west": {"uv": [10, 14.125, 10.625, 14.25], "texture": "#62"},
				"up": {"uv": [10.125, 14.875, 10, 14.25], "texture": "#62"},
				"down": {"uv": [10.25, 14.25, 10.125, 14.875], "texture": "#62"}
			}
		},
		{
			"from": [9.9, 9.3, 7.2],
			"to": [11.7, 11.4, 9.5],
			"rotation": {"angle": -22.5, "axis": "x", "origin": [9.9, 10, 8]},
			"faces": {
				"north": {"uv": [4, 4, 4.25, 4.25], "texture": "#62"},
				"east": {"uv": [4, 4.25, 4.25, 4.5], "texture": "#62"},
				"south": {"uv": [4.25, 4, 4.5, 4.25], "texture": "#62"},
				"west": {"uv": [4.25, 4.25, 4.5, 4.5], "texture": "#62"},
				"up": {"uv": [4.25, 4.75, 4, 4.5], "texture": "#62"},
				"down": {"uv": [4.75, 4, 4.5, 4.25], "texture": "#62"}
			}
		},
		{
			"from": [13.1, 3, 3.2],
			"to": [13.8, 10.7, 3.9],
			"rotation": {"angle": -45, "axis": "x", "origin": [13, 10, 3]},
			"faces": {
				"north": {"uv": [6, 8, 6.125, 9], "texture": "#62"},
				"east": {"uv": [6.125, 8, 6.25, 9], "texture": "#62"},
				"south": {"uv": [6.25, 8, 6.375, 9], "texture": "#62"},
				"west": {"uv": [6.375, 8, 6.5, 9], "texture": "#62"},
				"up": {"uv": [6.625, 8.125, 6.5, 8], "texture": "#62"},
				"down": {"uv": [6.625, 8.125, 6.5, 8.25], "texture": "#62"}
			}
		},
		{
			"from": [13.1, 10, -0.1],
			"to": [13.8, 15, 0.6],
			"rotation": {"angle": -22.5, "axis": "x", "origin": [13, 17.3, -0.3]},
			"faces": {
				"north": {"uv": [8, 8, 8.125, 8.625], "texture": "#62"},
				"east": {"uv": [8.125, 8, 8.25, 8.625], "texture": "#62"},
				"south": {"uv": [8.25, 8, 8.375, 8.625], "texture": "#62"},
				"west": {"uv": [8.375, 8, 8.5, 8.625], "texture": "#62"},
				"up": {"uv": [8.625, 8.125, 8.5, 8], "texture": "#62"},
				"down": {"uv": [8.625, 8.125, 8.5, 8.25], "texture": "#62"}
			}
		},
		{
			"from": [13.1, 12.7, -4.2],
			"to": [13.8, 14.3, -3.5],
			"rotation": {"angle": -45, "axis": "x", "origin": [13, 20, -4.4]},
			"faces": {
				"north": {"uv": [14, 8, 14.125, 8.25], "texture": "#62"},
				"east": {"uv": [14.125, 8, 14.25, 8.25], "texture": "#62"},
				"south": {"uv": [14, 8.25, 14.125, 8.5], "texture": "#62"},
				"west": {"uv": [14.25, 8, 14.375, 8.25], "texture": "#62"},
				"up": {"uv": [14.25, 8.375, 14.125, 8.25], "texture": "#62"},
				"down": {"uv": [14.375, 8.25, 14.25, 8.375], "texture": "#62"}
			}
		},
		{
			"from": [13.1, 15.9, -1.3],
			"to": [13.8, 16.6, 0.3],
			"rotation": {"angle": 0, "axis": "y", "origin": [13, 15.7, -7]},
			"faces": {
				"north": {"uv": [0.125, 10.25, 0.25, 10.375], "texture": "#62"},
				"east": {"uv": [0, 10, 0.25, 10.125], "texture": "#62"},
				"south": {"uv": [0.25, 10.25, 0.375, 10.375], "texture": "#62"},
				"west": {"uv": [0, 10.125, 0.25, 10.25], "texture": "#62"},
				"up": {"uv": [0.125, 10.5, 0, 10.25], "texture": "#62"},
				"down": {"uv": [0.375, 10, 0.25, 10.25], "texture": "#62"}
			}
		},
		{
			"from": [15.5, 11.8, -3.4],
			"to": [16, 12.8, -2.9],
			"rotation": {"angle": -22.5, "axis": "x", "origin": [15.3, 19.3, -3.7]},
			"faces": {
				"north": {"uv": [6, 10, 6.125, 10.125], "texture": "#62"},
				"east": {"uv": [6, 10.125, 6.125, 10.25], "texture": "#62"},
				"south": {"uv": [6.125, 10, 6.25, 10.125], "texture": "#62"},
				"west": {"uv": [6.125, 10.125, 6.25, 10.25], "texture": "#62"},
				"up": {"uv": [6.125, 10.375, 6, 10.25], "texture": "#62"},
				"down": {"uv": [6.375, 10, 6.25, 10.125], "texture": "#62"}
			}
		},
		{
			"from": [14.9, 12.7, -4.4],
			"to": [16.6, 12.7, -2.7],
			"rotation": {"angle": -22.5, "axis": "x", "origin": [15.3, 20.2, -4.1]},
			"faces": {
				"north": {"uv": [8, 10, 8.25, 10], "texture": "#62"},
				"east": {"uv": [8, 10, 8.25, 10], "texture": "#62"},
				"south": {"uv": [8, 10, 8.25, 10], "texture": "#62"},
				"west": {"uv": [8, 10, 8.25, 10], "texture": "#62"},
				"up": {"uv": [8.25, 10.25, 8, 10], "texture": "#62"},
				"down": {"uv": [8.25, 10.25, 8, 10.5], "texture": "#62"}
			}
		},
		{
			"from": [15.1, 12.7, -4.2],
			"to": [16.4, 14.5, -2.9],
			"rotation": {"angle": -22.5, "axis": "x", "origin": [15.3, 20.2, -4.1]},
			"faces": {
				"north": {"uv": [4, 12, 4.375, 12.5], "texture": "#62"},
				"east": {"uv": [4, 12.5, 4.375, 13], "texture": "#62"},
				"south": {"uv": [4.5, 12, 4.875, 12.5], "texture": "#62"},
				"west": {"uv": [4.5, 12.5, 4.875, 13], "texture": "#62"},
				"up": {"uv": [4.375, 13.375, 4, 13], "texture": "#62"},
				"down": {"uv": [5.375, 12, 5, 12.375], "texture": "#62"}
			}
		},
		{
			"from": [15.8, 14.1, -4.4],
			"to": [15.8, 14.8, -3.9],
			"rotation": {"angle": -22.5, "axis": "x", "origin": [16, 21.6, -5]},
			"faces": {
				"north": {"uv": [8, 14, 8, 14.125], "texture": "#62"},
				"east": {"uv": [8, 14, 8.125, 14.125], "texture": "#62"},
				"south": {"uv": [8, 14, 8, 14.125], "texture": "#62"},
				"west": {"uv": [8, 14.125, 8.125, 14.25], "texture": "#62"},
				"up": {"uv": [8, 14.125, 8, 14], "texture": "#62"},
				"down": {"uv": [8, 14, 8, 14.125], "texture": "#62"}
			}
		},
		{
			"from": [13.5, 11.7, -1],
			"to": [13.5, 16.1, -0.6],
			"rotation": {"angle": 0, "axis": "y", "origin": [13.7, 22.9, -1.6]},
			"faces": {
				"north": {"uv": [12, 12, 12, 12.5], "texture": "#62"},
				"east": {"uv": [12, 12, 12.125, 12.5], "texture": "#62"},
				"south": {"uv": [12, 12, 12, 12.5], "texture": "#62"},
				"west": {"uv": [12.125, 12, 12.25, 12.5], "texture": "#62"},
				"up": {"uv": [12, 12.125, 12, 12], "texture": "#62"},
				"down": {"uv": [12, 12, 12, 12.125], "texture": "#62"}
			}
		},
		{
			"from": [13.3, 11.7, -0.8],
			"to": [13.7, 16.1, -0.8],
			"rotation": {"angle": 0, "axis": "y", "origin": [14.3, 22.9, -0.6]},
			"faces": {
				"north": {"uv": [10, 12, 10.125, 12.5], "texture": "#62"},
				"east": {"uv": [10, 12, 10, 12.5], "texture": "#62"},
				"south": {"uv": [10.125, 12, 10.25, 12.5], "texture": "#62"},
				"west": {"uv": [10, 12, 10, 12.5], "texture": "#62"},
				"up": {"uv": [10.125, 12, 10, 12], "texture": "#62"},
				"down": {"uv": [10.125, 12, 10, 12], "texture": "#62"}
			}
		},
		{
			"from": [7.5, 15, 0],
			"to": [7.5, 15.7, 0.5],
			"rotation": {"angle": 22.5, "axis": "z", "origin": [7.7, 22.5, -0.6]},
			"faces": {
				"north": {"uv": [8, 12, 8, 12.125], "texture": "#62"},
				"east": {"uv": [8, 12, 8.125, 12.125], "texture": "#62"},
				"south": {"uv": [8, 12, 8, 12.125], "texture": "#62"},
				"west": {"uv": [8, 12.125, 8.125, 12.25], "texture": "#62"},
				"up": {"uv": [8, 12.125, 8, 12], "texture": "#62"},
				"down": {"uv": [8, 12, 8, 12.125], "texture": "#62"}
			}
		},
		{
			"from": [7.5, 13.2, -0.5],
			"to": [8.8, 15, 0.8],
			"rotation": {"angle": 22.5, "axis": "z", "origin": [7.7, 20.7, -0.4]},
			"faces": {
				"north": {"uv": [6, 12, 6.375, 12.5], "texture": "#62"},
				"east": {"uv": [6, 12.5, 6.375, 13], "texture": "#62"},
				"south": {"uv": [6.5, 12, 6.875, 12.5], "texture": "#62"},
				"west": {"uv": [6.5, 12.5, 6.875, 13], "texture": "#62"},
				"up": {"uv": [6.375, 13.375, 6, 13], "texture": "#62"},
				"down": {"uv": [7.375, 12, 7, 12.375], "texture": "#62"}
			}
		},
		{
			"from": [7.3, 13.2, -0.7],
			"to": [9, 13.2, 1],
			"rotation": {"angle": 22.5, "axis": "z", "origin": [7.7, 20.7, -0.4]},
			"faces": {
				"north": {"uv": [12, 10, 12.25, 10], "texture": "#62"},
				"east": {"uv": [12, 10, 12.25, 10], "texture": "#62"},
				"south": {"uv": [12, 10, 12.25, 10], "texture": "#62"},
				"west": {"uv": [12, 10, 12.25, 10], "texture": "#62"},
				"up": {"uv": [12.25, 10.25, 12, 10], "texture": "#62"},
				"down": {"uv": [12.25, 10.25, 12, 10.5], "texture": "#62"}
			}
		},
		{
			"from": [12.8, 16.6, -2.4],
			"to": [14.5, 16.6, -0.7],
			"rotation": {"angle": -22.5, "axis": "y", "origin": [13.2, 24.1, -2.1]},
			"faces": {
				"north": {"uv": [10, 10, 10.25, 10], "texture": "#62"},
				"east": {"uv": [10, 10, 10.25, 10], "texture": "#62"},
				"south": {"uv": [10, 10, 10.25, 10], "texture": "#62"},
				"west": {"uv": [10, 10, 10.25, 10], "texture": "#62"},
				"up": {"uv": [10.25, 10.25, 10, 10], "texture": "#62"},
				"down": {"uv": [10.25, 10.25, 10, 10.5], "texture": "#62"}
			}
		},
		{
			"from": [13, 16.6, -2.2],
			"to": [14.3, 19, -0.9],
			"rotation": {"angle": -22.5, "axis": "y", "origin": [13.2, 24.1, -2.1]},
			"faces": {
				"north": {"uv": [2, 12, 2.375, 12.625], "texture": "#62"},
				"east": {"uv": [2.5, 12, 2.875, 12.625], "texture": "#62"},
				"south": {"uv": [2, 12.75, 2.375, 13.375], "texture": "#62"},
				"west": {"uv": [2.5, 12.75, 2.875, 13.375], "texture": "#62"},
				"up": {"uv": [3.375, 12.375, 3, 12], "texture": "#62"},
				"down": {"uv": [3.375, 12.5, 3, 12.875], "texture": "#62"}
			}
		},
		{
			"from": [13, 18.8, -2.1],
			"to": [13.5, 19.5, -2.1],
			"rotation": {"angle": 45, "axis": "y", "origin": [14.1, 26.3, -1.9]},
			"faces": {
				"north": {"uv": [6, 14, 6.125, 14.125], "texture": "#62"},
				"east": {"uv": [6, 14, 6, 14.125], "texture": "#62"},
				"south": {"uv": [6, 14.125, 6.125, 14.25], "texture": "#62"},
				"west": {"uv": [6, 14, 6, 14.125], "texture": "#62"},
				"up": {"uv": [6.125, 14, 6, 14], "texture": "#62"},
				"down": {"uv": [6.125, 14, 6, 14], "texture": "#62"}
			}
		},
		{
			"from": [12.5, 13.47878, 0.53284],
			"to": [13.2, 14.17878, 2.23284],
			"rotation": {"angle": 45, "axis": "y", "origin": [12.4, 10.6, 1.2]},
			"faces": {
				"north": {"uv": [14.125, 10.25, 14.25, 10.375], "texture": "#62"},
				"east": {"uv": [14, 10, 14.25, 10.125], "texture": "#62"},
				"south": {"uv": [14.25, 10.25, 14.375, 10.375], "texture": "#62"},
				"west": {"uv": [14, 10.125, 14.25, 10.25], "texture": "#62"},
				"up": {"uv": [14.125, 10.5, 14, 10.25], "texture": "#62"},
				"down": {"uv": [14.375, 10, 14.25, 10.25], "texture": "#62"}
			}
		},
		{
			"from": [10.63284, 13.47878, -0.2],
			"to": [12.33284, 14.17878, 0.5],
			"rotation": {"angle": -22.5, "axis": "y", "origin": [11.3, 10.6, 0.6]},
			"faces": {
				"north": {"uv": [0, 12, 0.25, 12.125], "texture": "#62"},
				"east": {"uv": [0.25, 12.125, 0.375, 12.25], "texture": "#62"},
				"south": {"uv": [0, 12.125, 0.25, 12.25], "texture": "#62"},
				"west": {"uv": [0.25, 12.25, 0.375, 12.375], "texture": "#62"},
				"up": {"uv": [0.25, 12.375, 0, 12.25], "texture": "#62"},
				"down": {"uv": [0.5, 12, 0.25, 12.125], "texture": "#62"}
			}
		},
		{
			"from": [17.3, 12.3, -0.7],
			"to": [18, 13, 2],
			"rotation": {"angle": -22.5, "axis": "y", "origin": [17.1, 13.1, -5.3], "rescale": true},
			"faces": {
				"north": {"uv": [4.25, 10.25, 4.375, 10.375], "texture": "#62"},
				"east": {"uv": [4, 10, 4.375, 10.125], "texture": "#62"},
				"south": {"uv": [4.375, 10, 4.5, 10.125], "texture": "#62"},
				"west": {"uv": [4, 10.125, 4.375, 10.25], "texture": "#62"},
				"up": {"uv": [4.125, 10.625, 4, 10.25], "texture": "#62"},
				"down": {"uv": [4.25, 10.25, 4.125, 10.625], "texture": "#62"}
			}
		},
		{
			"from": [11.5, 12.3, -0.3],
			"to": [12.6, 13, 0.5],
			"rotation": {"angle": 22.5, "axis": "y", "origin": [17.1, 13.1, -5.3], "rescale": true},
			"faces": {
				"north": {"uv": [2, 10, 2.125, 10.125], "texture": "#62"},
				"east": {"uv": [2, 10.125, 2.125, 10.25], "texture": "#62"},
				"south": {"uv": [2.125, 10, 2.25, 10.125], "texture": "#62"},
				"west": {"uv": [2.125, 10.125, 2.25, 10.25], "texture": "#62"},
				"up": {"uv": [2.125, 10.375, 2, 10.25], "texture": "#62"},
				"down": {"uv": [2.375, 10, 2.25, 10.125], "texture": "#62"}
			}
		},
		{
			"from": [12.9, 4.9, 8],
			"to": [14.1, 6.2, 9.6],
			"rotation": {"angle": 45, "axis": "x", "origin": [13, 5, 8]},
			"faces": {
				"north": {"uv": [10.125, 8.25, 10.25, 8.375], "texture": "#62"},
				"east": {"uv": [10, 8, 10.25, 8.125], "texture": "#62"},
				"south": {"uv": [10.25, 8.25, 10.375, 8.375], "texture": "#62"},
				"west": {"uv": [10, 8.125, 10.25, 8.25], "texture": "#62"},
				"up": {"uv": [10.125, 8.5, 10, 8.25], "texture": "#62"},
				"down": {"uv": [10.375, 8, 10.25, 8.25], "texture": "#62"}
			}
		},
		{
			"from": [13.7, 4, 8.5],
			"to": [14.8, 5.1, 9.8],
			"rotation": {"angle": 45, "axis": "x", "origin": [13.8, 3.8, 8.5]},
			"faces": {
				"north": {"uv": [12, 8, 12.125, 8.125], "texture": "#62"},
				"east": {"uv": [12, 8.125, 12.125, 8.25], "texture": "#62"},
				"south": {"uv": [12.125, 8, 12.25, 8.125], "texture": "#62"},
				"west": {"uv": [12.125, 8.125, 12.25, 8.25], "texture": "#62"},
				"up": {"uv": [12.125, 8.375, 12, 8.25], "texture": "#62"},
				"down": {"uv": [12.375, 8, 12.25, 8.125], "texture": "#62"}
			}
		},
		{
			"from": [13, 11, -1.3],
			"to": [14, 12, -0.3],
			"faces": {
				"north": {"uv": [14, 12, 14.25, 12.25], "texture": "#62"},
				"east": {"uv": [14, 12.25, 14.25, 12.5], "texture": "#62"},
				"south": {"uv": [14.25, 12, 14.5, 12.25], "texture": "#62"},
				"west": {"uv": [14.25, 12.25, 14.5, 12.5], "texture": "#62"},
				"up": {"uv": [14.25, 12.75, 14, 12.5], "texture": "#62"},
				"down": {"uv": [14.75, 12, 14.5, 12.25], "texture": "#62"}
			}
		},
		{
			"from": [12.8, 8.9, -1.5],
			"to": [14.2, 11, -0.1],
			"faces": {
				"north": {"uv": [2, 14, 2.375, 14.5], "texture": "#62"},
				"east": {"uv": [2, 14.5, 2.375, 15], "texture": "#62"},
				"south": {"uv": [2.5, 14, 2.875, 14.5], "texture": "#62"},
				"west": {"uv": [2.5, 14.5, 2.875, 15], "texture": "#62"},
				"up": {"uv": [2.375, 15.375, 2, 15], "texture": "#62"},
				"down": {"uv": [3.375, 14, 3, 14.375], "texture": "#62"}
			}
		},
		{
			"from": [12.5, 11, -1.8],
			"to": [14.5, 11.5, 0.2],
			"faces": {
				"north": {"uv": [0.25, 14, 0.5, 14.125], "texture": "#62"},
				"east": {"uv": [0.25, 14.125, 0.5, 14.25], "texture": "#62"},
				"south": {"uv": [0.25, 14.25, 0.5, 14.375], "texture": "#62"},
				"west": {"uv": [0.25, 14.375, 0.5, 14.5], "texture": "#62"},
				"up": {"uv": [0.25, 14.25, 0, 14], "texture": "#62"},
				"down": {"uv": [0.25, 14.25, 0, 14.5], "texture": "#62"}
			}
		},
		{
			"from": [12.5, 8.4, -1.8],
			"to": [14.5, 8.9, 0.2],
			"faces": {
				"north": {"uv": [4.5, 14, 5, 14.125], "texture": "#62"},
				"east": {"uv": [4.5, 14.25, 5, 14.375], "texture": "#62"},
				"south": {"uv": [4.5, 14.5, 5, 14.625], "texture": "#62"},
				"west": {"uv": [4.5, 14.75, 5, 14.875], "texture": "#62"},
				"up": {"uv": [4.5, 14.5, 4, 14], "texture": "#62"},
				"down": {"uv": [4.5, 14.5, 4, 15], "texture": "#62"}
			}
		}
	],
	"display": {
		"thirdperson_righthand": {
			"rotation": [89, 0, 0],
			"scale": [2.57, 2.57, 2.57]
		},
		"thirdperson_lefthand": {
			"rotation": [66, 0, 0]
		},
		"head": {
			"translation": [-0.25, 0, 0],
			"scale": [4, 4, 4]
		},
		"fixed": {
			"rotation": [-90, 0, 0],
			"translation": [-2, 0, -21.5],
			"scale": [3.01367, 3.01563, 3.00195]
		}
	},
	"groups": [
		{
			"name": "Irrlichtgeist",
			"origin": [0, 0, 0],
			"color": 0,
			"children": [
				0,
				1,
				2,
				3,
				4,
				5,
				6,
				7,
				8,
				9,
				{
					"name": "schnalle",
					"origin": [0, 3, 0],
					"color": 0,
					"children": [10, 11, 12, 13, 14, 15, 16, 17, 18, 19]
				}
			]
		},
		{
			"name": "Kopf",
			"origin": [8, 8, 8],
			"color": 0,
			"children": [20, 21, 22, 23, 24, 25, 26, 27, 28, 29]
		},
		{
			"name": "arm_links",
			"origin": [8, 8, 8],
			"color": 0,
			"children": [30, 31, 32]
		},
		{
			"name": "arm_rechts",
			"origin": [8, 8, 8],
			"color": 0,
			"children": [33, 34, 35]
		},
		{
			"name": "laternenstab",
			"origin": [8, 8, 8],
			"color": 0,
			"children": [36, 37, 38, 39, 40, 41, 42, 43, 44, 45, 46, 47, 48, 49, 50, 51, 52, 53, 54, 55, 56, 57]
		},
		{
			"name": "kerzen/laterne",
			"origin": [8, 8, 8],
			"color": 0,
			"children": []
		},
		58,
		59,
		60,
		61
	]
}