{
	"credit": "Made with Blockbench",
	"texture_size": [64, 64],
	"textures": {
		"0": "item/custom/sign_pvp",
		"particle": "item/custom/sign_pvp"
	},
	"elements": [
		{
			"from": [0.62975, 9.75, 6.43306],
			"to": [13.12975, 17.25, 7.93306],
			"rotation": {"angle": 0, "axis": "y", "origin": [11.58916, 10.96841, 10.28075]},
			"faces": {
				"north": {"uv": [3.25, 14.25, 6.25, 16], "texture": "#0"},
				"east": {"uv": [3, 14.25, 3.25, 16], "texture": "#0"},
				"south": {"uv": [0, 14.25, 3, 16], "texture": "#0"},
				"west": {"uv": [6.25, 14.25, 6.5, 16], "texture": "#0"},
				"up": {"uv": [3.25, 14.25, 3, 11.25], "rotation": 90, "texture": "#0"},
				"down": {"uv": [3.5, 11.25, 3.25, 14.25], "rotation": 270, "texture": "#0"}
			}
		},
		{
			"from": [6.12975, -0.25, 7.43306],
			"to": [8.62975, 19.25, 9.93306],
			"rotation": {"angle": 0, "axis": "y", "origin": [11.58916, 10.96841, 10.28075]},
			"faces": {
				"north": {"uv": [14.25, 6.25, 14.75, 11], "texture": "#0"},
				"east": {"uv": [13.75, 6.25, 14.25, 11], "texture": "#0"},
				"south": {"uv": [13.25, 6.25, 13.75, 11], "texture": "#0"},
				"west": {"uv": [14.75, 6.25, 15.25, 11], "texture": "#0"},
				"up": {"uv": [14.25, 6.25, 13.75, 5.75], "rotation": 90, "texture": "#0"},
				"down": {"uv": [14.75, 5.75, 14.25, 6.25], "rotation": 270, "texture": "#0"}
			}
		},
		{
			"from": [6.37975, 0, 7.68306],
			"to": [8.37975, 19, 9.68306],
			"rotation": {"angle": 0, "axis": "y", "origin": [11.58916, 10.96841, 10.28075]},
			"faces": {
				"north": {"uv": [1, 5.5, 1.5, 10.25], "texture": "#0"},
				"east": {"uv": [0.5, 5.5, 1, 10.25], "texture": "#0"},
				"south": {"uv": [0, 5.5, 0.5, 10.25], "texture": "#0"},
				"west": {"uv": [1.5, 5.5, 2, 10.25], "texture": "#0"},
				"up": {"uv": [1, 5.5, 0.5, 5], "rotation": 90, "texture": "#0"},
				"down": {"uv": [1.5, 5, 1, 5.5], "rotation": 270, "texture": "#0"}
			}
		},
		{
			"from": [0.87975, 10, 6.68306],
			"to": [12.87975, 17, 7.68306],
			"rotation": {"angle": 0, "axis": "y", "origin": [11.58916, 10.96841, 10.28075]},
			"faces": {
				"north": {"uv": [12.75, 14.25, 15.75, 16], "texture": "#0"},
				"east": {"uv": [12.5, 14.25, 12.75, 16], "texture": "#0"},
				"south": {"uv": [9.5, 14.25, 12.5, 16], "texture": "#0"},
				"west": {"uv": [15.75, 14.25, 16, 16], "texture": "#0"},
				"up": {"uv": [13.25, 14.25, 13, 11.25], "rotation": 90, "texture": "#0"},
				"down": {"uv": [13.5, 11.25, 13.25, 14.25], "rotation": 270, "texture": "#0"}
			}
		},
		{
			"from": [8.24677, 11.20623, 6.69306],
			"to": [13.22677, 16.18623, 7.67306],
			"rotation": {"angle": -45, "axis": "z", "origin": [11.58916, 10.96841, 10.28075]},
			"faces": {
				"north": {"uv": [1.5, 11.5, 2.75, 12.75], "texture": "#0"},
				"east": {"uv": [1.25, 11.5, 1.5, 12.75], "texture": "#0"},
				"south": {"uv": [0, 11.5, 1.25, 12.75], "texture": "#0"},
				"west": {"uv": [2.75, 11.5, 3, 12.75], "texture": "#0"},
				"up": {"uv": [1.5, 11.5, 1.25, 10.25], "rotation": 90, "texture": "#0"},
				"down": {"uv": [1.75, 10.25, 1.5, 11.5], "rotation": 270, "texture": "#0"}
			}
		},
		{
			"from": [3.44311, 0, 5.7539],
			"to": [7.44311, 2, 8.7539],
			"rotation": {"angle": -22.5, "axis": "y", "origin": [11.58916, 10.96841, 10.28075]},
			"faces": {
				"north": {"uv": [8, 8.25, 9, 8.75], "texture": "#0"},
				"east": {"uv": [7.25, 8.25, 8, 8.75], "texture": "#0"},
				"south": {"uv": [9.75, 8.25, 10.75, 8.75], "texture": "#0"},
				"west": {"uv": [9, 8.25, 9.75, 8.75], "texture": "#0"},
				"up": {"uv": [9, 8.25, 8, 7.5], "texture": "#0"},
				"down": {"uv": [10, 7.5, 9, 8.25], "texture": "#0"}
			}
		},
		{
			"from": [5.09055, 0, 8.96336],
			"to": [9.09055, 2, 11.96336],
			"rotation": {"angle": 22.5, "axis": "y", "origin": [11.58916, 10.96841, 10.28075]},
			"faces": {
				"north": {"uv": [6.25, 7.75, 7.25, 8.25], "texture": "#0"},
				"east": {"uv": [5.5, 7.75, 6.25, 8.25], "texture": "#0"},
				"south": {"uv": [4.5, 7.75, 5.5, 8.25], "texture": "#0"},
				"west": {"uv": [7.25, 7.75, 8, 8.25], "texture": "#0"},
				"up": {"uv": [6.25, 7.75, 5.5, 6.75], "rotation": 90, "texture": "#0"},
				"down": {"uv": [7, 6.75, 6.25, 7.75], "rotation": 270, "texture": "#0"}
			}
		},
		{
			"from": [1.48291, 0, 12.12752],
			"to": [13.48291, 8, 12.12752],
			"rotation": {"angle": -45, "axis": "y", "origin": [11.58916, 10.96841, 10.28075]},
			"faces": {
				"north": {"uv": [3, 3, 6, 5], "texture": "#0"},
				"east": {"uv": [3, 3, 3, 5], "texture": "#0"},
				"south": {"uv": [6, 3, 3, 5], "texture": "#0"},
				"west": {"uv": [6, 3, 6, 5], "texture": "#0"},
				"up": {"uv": [3, 3, 3, 0], "rotation": 90, "texture": "#0"},
				"down": {"uv": [3, 0, 3, 3], "rotation": 270, "texture": "#0"}
			}
		},
		{
			"from": [7.48291, 0, 6.12752],
			"to": [7.48291, 8, 18.12752],
			"rotation": {"angle": -45, "axis": "y", "origin": [11.58916, 10.96841, 10.28075]},
			"faces": {
				"north": {"uv": [3, 0, 3, 2], "texture": "#0"},
				"east": {"uv": [6, 0, 3, 2], "texture": "#0"},
				"south": {"uv": [0, 0, 0, 2], "texture": "#0"},
				"west": {"uv": [3, 0, 6, 2], "texture": "#0"},
				"up": {"uv": [3, 0, 0, 0], "rotation": 90, "texture": "#0"},
				"down": {"uv": [6, 0, 3, 0], "rotation": 270, "texture": "#0"}
			}
		},
		{
			"from": [10.59676, 0, 7.53002],
			"to": [13.59676, 1, 9.53002],
			"rotation": {"angle": 45, "axis": "y", "origin": [11.58916, 10.96841, 10.28075]},
			"faces": {
				"north": {"uv": [5.5, 9.5, 4.75, 9.75], "texture": "#0"},
				"east": {"uv": [6, 9.5, 5.5, 9.75], "texture": "#0"},
				"south": {"uv": [6.75, 9.5, 6, 9.75], "texture": "#0"},
				"west": {"uv": [7.25, 9.5, 6.75, 9.75], "texture": "#0"},
				"up": {"uv": [5.5, 9.5, 6, 8.75], "rotation": 90, "texture": "#0"},
				"down": {"uv": [6, 8.75, 6.5, 9.5], "rotation": 270, "texture": "#0"}
			}
		},
		{
			"from": [12.10988, 17.42739, 4.68306],
			"to": [12.10988, 29.42739, 9.68306],
			"rotation": {"angle": 45, "axis": "z", "origin": [11.58916, 10.96841, 10.28075]},
			"faces": {
				"north": {"uv": [7.75, 2.5, 7.75, 5.5], "texture": "#0"},
				"east": {"uv": [14.75, 2.75, 16, 5.75], "texture": "#0"},
				"south": {"uv": [6.5, 2.5, 6.5, 5.5], "texture": "#0"},
				"west": {"uv": [16, 2.75, 14.75, 5.75], "texture": "#0"},
				"up": {"uv": [7.75, 2.5, 6.5, 2.5], "rotation": 90, "texture": "#0"},
				"down": {"uv": [9, 2.5, 7.75, 2.5], "rotation": 270, "texture": "#0"}
			}
		},
		{
			"from": [9.60988, 17.42739, 7.18306],
			"to": [14.60988, 29.42739, 7.18306],
			"rotation": {"angle": 45, "axis": "z", "origin": [11.58916, 10.96841, 10.28075]},
			"faces": {
				"north": {"uv": [13, 2.75, 14.25, 5.75], "texture": "#0"},
				"east": {"uv": [3.25, 6.75, 3.25, 9.75], "texture": "#0"},
				"south": {"uv": [14.25, 2.75, 13, 5.75], "texture": "#0"},
				"west": {"uv": [4.5, 6.75, 4.5, 9.75], "texture": "#0"},
				"up": {"uv": [3.25, 6.75, 3.25, 5.5], "rotation": 90, "texture": "#0"},
				"down": {"uv": [3.25, 5.5, 3.25, 6.75], "rotation": 270, "texture": "#0"}
			}
		},
		{
			"from": [14.38211, 17.4361, 14.42918],
			"to": [16.38211, 23.4361, 16.42918],
			"rotation": {"angle": -22.5, "axis": "z", "origin": [11.58916, 10.96841, 10.28075]},
			"faces": {
				"north": {"uv": [11.25, 4.5, 9.75, 5], "rotation": 90, "texture": "#0"},
				"east": {"uv": [8.25, 5, 9.75, 5.5], "rotation": 270, "texture": "#0"},
				"south": {"uv": [9.75, 5, 8.25, 4.5], "rotation": 90, "texture": "#0"},
				"west": {"uv": [10.25, 5, 11.75, 5.5], "rotation": 90, "texture": "#0"},
				"up": {"uv": [9.75, 5, 10.25, 5.5], "rotation": 180, "texture": "#0"},
				"down": {"uv": [7.75, 5, 8.25, 5.5], "texture": "#0"}
			}
		},
		{
			"from": [22.38429, 16.39948, 14.41918],
			"to": [24.40429, 18.41948, 16.43918],
			"rotation": {"angle": 22.5, "axis": "z", "origin": [11.58916, 10.96841, 10.28075]},
			"faces": {
				"north": {"uv": [6.75, 10.25, 6.25, 10.75], "rotation": 90, "texture": "#0"},
				"east": {"uv": [5.75, 10.75, 6.25, 11.25], "rotation": 270, "texture": "#0"},
				"south": {"uv": [6.25, 10.75, 5.75, 10.25], "rotation": 90, "texture": "#0"},
				"west": {"uv": [6.75, 10.75, 7.25, 11.25], "rotation": 90, "texture": "#0"},
				"up": {"uv": [6.25, 10.75, 6.75, 11.25], "rotation": 180, "texture": "#0"},
				"down": {"uv": [5.25, 10.75, 5.75, 11.25], "texture": "#0"}
			}
		},
		{
			"from": [12.38211, 15.4361, 14.42918],
			"to": [18.38211, 17.4361, 16.42918],
			"rotation": {"angle": -22.5, "axis": "z", "origin": [11.58916, 10.96841, 10.28075]},
			"faces": {
				"north": {"uv": [11.75, 8, 11.25, 9.5], "rotation": 90, "texture": "#0"},
				"east": {"uv": [10.75, 9.5, 11.25, 10], "rotation": 270, "texture": "#0"},
				"south": {"uv": [11.25, 9.5, 10.75, 8], "rotation": 90, "texture": "#0"},
				"west": {"uv": [12.75, 9.5, 13.25, 10], "rotation": 90, "texture": "#0"},
				"up": {"uv": [11.25, 9.5, 12.75, 10], "rotation": 180, "texture": "#0"},
				"down": {"uv": [9.25, 9.5, 10.75, 10], "texture": "#0"}
			}
		},
		{
			"from": [12.13211, 15.1861, 14.17918],
			"to": [18.63211, 17.6861, 16.67918],
			"rotation": {"angle": -22.5, "axis": "z", "origin": [11.58916, 10.96841, 10.28075]},
			"faces": {
				"north": {"uv": [11.5, 5.5, 11, 7], "rotation": 90, "texture": "#0"},
				"east": {"uv": [10.5, 7, 11, 7.5], "rotation": 270, "texture": "#0"},
				"south": {"uv": [11, 7, 10.5, 5.5], "rotation": 90, "texture": "#0"},
				"west": {"uv": [12.5, 7, 13, 7.5], "rotation": 90, "texture": "#0"},
				"up": {"uv": [11, 7, 12.5, 7.5], "rotation": 180, "texture": "#0"},
				"down": {"uv": [9, 7, 10.5, 7.5], "texture": "#0"}
			}
		},
		{
			"from": [14.13211, 17.1861, 14.17918],
			"to": [16.63211, 23.6861, 16.67918],
			"rotation": {"angle": -22.5, "axis": "z", "origin": [11.58916, 10.96841, 10.28075]},
			"faces": {
				"north": {"uv": [10, 5.75, 8.5, 6.25], "rotation": 90, "texture": "#0"},
				"east": {"uv": [7, 6.25, 8.5, 6.75], "rotation": 270, "texture": "#0"},
				"south": {"uv": [8.5, 6.25, 7, 5.75], "rotation": 90, "texture": "#0"},
				"west": {"uv": [9, 6.25, 10.5, 6.75], "rotation": 90, "texture": "#0"},
				"up": {"uv": [8.5, 6.25, 9, 6.75], "rotation": 180, "texture": "#0"},
				"down": {"uv": [6.5, 6.25, 7, 6.75], "texture": "#0"}
			}
		},
		{
			"from": [14.38211, 6.4361, 14.92918],
			"to": [16.38211, 15.4361, 15.92918],
			"rotation": {"angle": -22.5, "axis": "z", "origin": [11.58916, 10.96841, 10.28075]},
			"faces": {
				"north": {"uv": [11.75, 10.25, 9.5, 10.75], "rotation": 90, "texture": "#0"},
				"east": {"uv": [7.25, 11.25, 9.5, 11.5], "rotation": 270, "texture": "#0"},
				"south": {"uv": [9.5, 10.75, 7.25, 10.25], "rotation": 90, "texture": "#0"},
				"west": {"uv": [10.5, 11.25, 12.75, 11.5], "rotation": 90, "texture": "#0"},
				"up": {"uv": [9.5, 11.25, 10, 11.5], "rotation": 180, "texture": "#0"},
				"down": {"uv": [6.25, 11.25, 6.75, 11.5], "texture": "#0"}
			}
		},
		{
			"from": [11.38211, 0.4361, 15.42918],
			"to": [19.38211, 19.4361, 15.42918],
			"rotation": {"angle": -22.5, "axis": "z", "origin": [11.58916, 10.96841, 10.28075]},
			"faces": {
				"north": {"uv": [8.25, 12.25, 3.5, 14.25], "rotation": 90, "texture": "#0"},
				"south": {"uv": [8.25, 14.25, 3.5, 12.25], "rotation": 90, "texture": "#0"}
			}
		},
		{
			"from": [7.58976, 0, 12.67858],
			"to": [16.58976, 3, 18.67858],
			"rotation": {"angle": 22.5, "axis": "y", "origin": [11.58916, 10.96841, 10.28075]},
			"faces": {
				"north": {"uv": [10, 1.5, 12.25, 2.25], "texture": "#0"},
				"east": {"uv": [8.5, 1.5, 10, 2.25], "texture": "#0"},
				"south": {"uv": [13.75, 1.5, 16, 2.25], "texture": "#0"},
				"west": {"uv": [12.25, 1.5, 13.75, 2.25], "texture": "#0"},
				"up": {"uv": [12.25, 1.5, 10, 0], "texture": "#0"},
				"down": {"uv": [14.5, 0, 12.25, 1.5], "texture": "#0"}
			}
		},
		{
			"from": [16.03183, 0, 12.90605],
			"to": [19.03183, 2, 16.90605],
			"rotation": {"angle": 45, "axis": "y", "origin": [11.58916, 10.96841, 10.28075]},
			"faces": {
				"north": {"uv": [7.25, 8.25, 8, 8.75], "texture": "#0"},
				"east": {"uv": [9.75, 8.25, 10.75, 8.75], "texture": "#0"},
				"south": {"uv": [9, 8.25, 9.75, 8.75], "texture": "#0"},
				"west": {"uv": [8, 8.25, 9, 8.75], "texture": "#0"},
				"up": {"uv": [9, 8.25, 8, 7.5], "rotation": 270, "texture": "#0"},
				"down": {"uv": [10, 7.5, 9, 8.25], "rotation": 90, "texture": "#0"}
			}
		}
	],
	"display": {
		"fixed": {
			"rotation": [-90, -10, 0],
			"translation": [0, 0, -16],
			"scale": [2, 2, 2]
		}
	},
	"groups": [
		{
			"name": "group",
			"origin": [8.70791, 1, 3.25541],
			"color": 0,
			"children": [
				0,
				1,
				2,
				3,
				4,
				5,
				6,
				7,
				8,
				9,
				{
					"name": "group",
					"origin": [7.83465, 10.32322, 7.34835],
					"color": 0,
					"children": [10, 11]
				},
				{
					"name": "sword",
					"origin": [17.18198, 1, 4.18198],
					"color": 0,
					"children": [12, 13, 14, 15, 16, 17, 18, 19, 20]
				}
			]
		}
	]
}