{
	"credit": "Made with Blockbench",
	"texture_size": [128, 128],
	"textures": {
		"0": "item/custom/sign_shop",
		"particle": "item/custom/sign_shop"
	},
	"elements": [
		{
			"from": [6, -16, 6],
			"to": [10, 32, 10],
			"rotation": {"angle": 0, "axis": "y", "origin": [14.24738, 6, 8.7039]},
			"faces": {
				"north": {"uv": [0.5, 4, 1, 10], "texture": "#0"},
				"east": {"uv": [0, 4, 0.5, 10], "texture": "#0"},
				"south": {"uv": [1.5, 4, 2, 10], "texture": "#0"},
				"west": {"uv": [1, 4, 1.5, 10], "texture": "#0"},
				"up": {"uv": [1, 4, 0.5, 3.5], "texture": "#0"},
				"down": {"uv": [1.5, 3.5, 1, 4], "texture": "#0"}
			}
		},
		{
			"from": [5.75, -15.25, 5.75],
			"to": [10.25, 31.25, 10.25],
			"rotation": {"angle": 0, "axis": "y", "origin": [14.24738, 6, 8.7039]},
			"faces": {
				"north": {"uv": [2.5, 4, 3, 9.75], "texture": "#0"},
				"east": {"uv": [2, 4, 2.5, 9.75], "texture": "#0"},
				"south": {"uv": [3.5, 4, 4, 9.75], "texture": "#0"},
				"west": {"uv": [3, 4, 3.5, 9.75], "texture": "#0"},
				"up": {"uv": [3, 4, 2.5, 3.5], "texture": "#0"},
				"down": {"uv": [3.5, 3.5, 3, 4], "texture": "#0"}
			}
		},
		{
			"from": [9.33208, -16, 2.62374],
			"to": [9.33208, -8, 22.62374],
			"rotation": {"angle": -45, "axis": "y", "origin": [14.24738, 6, 8.7039]},
			"faces": {
				"north": {"uv": [2.5, 2.5, 2.5, 3.5], "texture": "#0"},
				"east": {"uv": [0, 2.5, 2.5, 3.5], "texture": "#0"},
				"south": {"uv": [5, 2.5, 5, 3.5], "texture": "#0"},
				"west": {"uv": [2.5, 2.5, 0, 3.5], "texture": "#0"},
				"up": {"uv": [2.5, 2.5, 2.5, 0], "texture": "#0"},
				"down": {"uv": [2.5, 0, 2.5, 2.5], "texture": "#0"}
			}
		},
		{
			"from": [-0.66792, -16, 12.62374],
			"to": [19.33208, -8, 12.62374],
			"rotation": {"angle": -45, "axis": "y", "origin": [14.24738, 6, 8.7039]},
			"faces": {
				"north": {"uv": [0, 1.5, 2.5, 2.5], "texture": "#0"},
				"east": {"uv": [0, 1.5, 0, 2.5], "texture": "#0"},
				"south": {"uv": [2.5, 1.5, 0, 2.5], "texture": "#0"},
				"west": {"uv": [2.5, 1.5, 2.5, 2.5], "texture": "#0"},
				"up": {"uv": [2.5, 1.5, 0, 1.5], "texture": "#0"},
				"down": {"uv": [5, 1.5, 2.5, 1.5], "texture": "#0"}
			}
		},
		{
			"from": [2, 25, 7],
			"to": [31, 29, 9],
			"rotation": {"angle": 0, "axis": "y", "origin": [14.24738, 6, 8.7039]},
			"faces": {
				"north": {"uv": [0.25, 1, 3.875, 1.5], "texture": "#0"},
				"east": {"uv": [0, 1, 0.25, 1.5], "texture": "#0"},
				"south": {"uv": [4.125, 1, 7.75, 1.5], "texture": "#0"},
				"west": {"uv": [3.875, 1, 4.125, 1.5], "texture": "#0"},
				"up": {"uv": [3.875, 1, 0.25, 0.75], "texture": "#0"},
				"down": {"uv": [7.5, 0.75, 3.875, 1], "texture": "#0"}
			}
		},
		{
			"from": [1.75, 24.75, 6.75],
			"to": [31.25, 29.25, 9.25],
			"rotation": {"angle": 0, "axis": "y", "origin": [14.24738, 6, 8.7039]},
			"faces": {
				"north": {"uv": [0.25, 0.25, 3.875, 0.75], "texture": "#0"},
				"east": {"uv": [0, 0.25, 0.25, 0.75], "texture": "#0"},
				"south": {"uv": [4.125, 0.25, 7.75, 0.75], "texture": "#0"},
				"west": {"uv": [3.875, 0.25, 4.125, 0.75], "texture": "#0"},
				"up": {"uv": [3.875, 0.25, 0.25, 0], "texture": "#0"},
				"down": {"uv": [7.5, 0, 3.875, 0.25], "texture": "#0"}
			}
		},
		{
			"from": [13, 13, 7.5],
			"to": [30, 22, 8.5],
			"rotation": {"angle": 0, "axis": "y", "origin": [14.24738, 6, 8.7039]},
			"faces": {
				"north": {"uv": [4.125, 3.625, 6.25, 4.75], "texture": "#0"},
				"east": {"uv": [4, 3.625, 4.125, 4.75], "texture": "#0"},
				"south": {"uv": [6.375, 3.625, 8.5, 4.75], "texture": "#0"},
				"west": {"uv": [6.25, 3.625, 6.375, 4.75], "texture": "#0"},
				"up": {"uv": [6.25, 3.625, 4.125, 3.5], "texture": "#0"},
				"down": {"uv": [8.375, 3.5, 6.25, 3.625], "texture": "#0"}
			}
		},
		{
			"from": [14.14645, 1, 8],
			"to": [17.14645, 25, 8],
			"rotation": {"angle": 45, "axis": "y", "origin": [15.64645, 13, 8]},
			"faces": {
				"north": {"uv": [4.375, 5.5, 4, 8.5], "texture": "#0"},
				"south": {"uv": [4, 5.5, 4.375, 8.5], "texture": "#0"}
			}
		},
		{
			"from": [14.15355, 1, 8],
			"to": [17.15355, 25, 8],
			"rotation": {"angle": -45, "axis": "y", "origin": [15.65355, 13, 8]},
			"faces": {
				"north": {"uv": [6, 5.5, 6.375, 8.5], "texture": "#0"},
				"south": {"uv": [6.375, 5.5, 6, 8.5], "texture": "#0"}
			}
		},
		{
			"from": [26.15355, 1, 8],
			"to": [29.15355, 25, 8],
			"rotation": {"angle": 45, "axis": "y", "origin": [27.65, 13, 8]},
			"faces": {
				"north": {"uv": [6, 5.5, 6.375, 8.5], "texture": "#0"},
				"south": {"uv": [6.375, 5.5, 6, 8.5], "texture": "#0"}
			}
		},
		{
			"from": [26.14645, 1, 8],
			"to": [29.14645, 25, 8],
			"rotation": {"angle": -45, "axis": "y", "origin": [27.65, 13, 8]},
			"faces": {
				"north": {"uv": [4.375, 5.5, 4, 8.5], "texture": "#0"},
				"south": {"uv": [4, 5.5, 4.375, 8.5], "texture": "#0"}
			}
		},
		{
			"from": [13, 5, 7.5],
			"to": [30, 10, 8.5],
			"rotation": {"angle": 0, "axis": "y", "origin": [14.24738, 6, 8.7039]},
			"faces": {
				"north": {"uv": [4.125, 4.875, 6.25, 5.5], "texture": "#0"},
				"east": {"uv": [4, 4.875, 4.125, 5.5], "texture": "#0"},
				"south": {"uv": [6.375, 4.875, 8.5, 5.5], "texture": "#0"},
				"west": {"uv": [6.25, 4.875, 6.375, 5.5], "texture": "#0"},
				"up": {"uv": [6.25, 4.875, 4.125, 4.75], "texture": "#0"},
				"down": {"uv": [8.375, 4.75, 6.25, 4.875], "texture": "#0"}
			}
		},
		{
			"from": [12.75, 4.75, 7.25],
			"to": [30.25, 10.25, 8.75],
			"rotation": {"angle": 0, "axis": "y", "origin": [14.24738, 6, 8.7039]},
			"faces": {
				"north": {"uv": [11, 2.5, 13.125, 3.125], "texture": "#0"},
				"east": {"uv": [10.875, 2.5, 11, 3.125], "texture": "#0"},
				"south": {"uv": [13.25, 2.5, 15.375, 3.125], "texture": "#0"},
				"west": {"uv": [13.125, 2.5, 13.25, 3.125], "texture": "#0"},
				"up": {"uv": [13.125, 2.5, 11, 2.375], "texture": "#0"},
				"down": {"uv": [15.25, 2.375, 13.125, 2.5], "texture": "#0"}
			}
		},
		{
			"from": [12.75, 12.75, 7.25],
			"to": [30.25, 22.25, 8.75],
			"rotation": {"angle": 0, "axis": "y", "origin": [14.24738, 6, 8.7039]},
			"faces": {
				"north": {"uv": [11.125, 0.75, 13.25, 1.875], "texture": "#0"},
				"east": {"uv": [11, 0.75, 11.125, 1.875], "texture": "#0"},
				"south": {"uv": [13.375, 0.75, 15.5, 1.875], "texture": "#0"},
				"west": {"uv": [13.25, 0.75, 13.375, 1.875], "texture": "#0"},
				"up": {"uv": [13.25, 0.75, 11.125, 0.625], "texture": "#0"},
				"down": {"uv": [15.375, 0.625, 13.25, 0.75], "texture": "#0"}
			}
		},
		{
			"from": [1.04313, -16, 1.13627],
			"to": [4.04313, -14, 6.13627],
			"rotation": {"angle": 22.5, "axis": "y", "origin": [14.24738, 6, 8.7039]},
			"faces": {
				"north": {"uv": [8, 8.5, 8.375, 8.75], "texture": "#0"},
				"east": {"uv": [7.375, 8.5, 8, 8.75], "texture": "#0"},
				"south": {"uv": [9, 8.5, 9.375, 8.75], "texture": "#0"},
				"west": {"uv": [8.375, 8.5, 9, 8.75], "texture": "#0"},
				"up": {"uv": [8.375, 8.5, 8, 7.875], "texture": "#0"},
				"down": {"uv": [8.75, 7.875, 8.375, 8.5], "texture": "#0"}
			}
		},
		{
			"from": [6.19913, -16, -2.43626],
			"to": [12.19913, -14, 1.56374],
			"rotation": {"angle": 0, "axis": "y", "origin": [14.24738, 6, 8.7039]},
			"faces": {
				"north": {"uv": [8, 2.75, 8.75, 3], "texture": "#0"},
				"east": {"uv": [7.5, 2.75, 8, 3], "texture": "#0"},
				"south": {"uv": [9.25, 2.75, 10, 3], "texture": "#0"},
				"west": {"uv": [8.75, 2.75, 9.25, 3], "texture": "#0"},
				"up": {"uv": [8.75, 2.75, 8, 2.25], "texture": "#0"},
				"down": {"uv": [9.5, 2.25, 8.75, 2.75], "texture": "#0"}
			}
		},
		{
			"from": [14.72152, -16, 5.24519],
			"to": [18.72152, -14, 11.24519],
			"rotation": {"angle": 22.5, "axis": "y", "origin": [14.24738, 6, 8.7039]},
			"faces": {
				"north": {"uv": [8.25, 0.75, 8.75, 1], "texture": "#0"},
				"east": {"uv": [7.5, 0.75, 8.25, 1], "texture": "#0"},
				"south": {"uv": [9.5, 0.75, 10, 1], "texture": "#0"},
				"west": {"uv": [8.75, 0.75, 9.5, 1], "texture": "#0"},
				"up": {"uv": [8.75, 0.75, 8.25, 0], "texture": "#0"},
				"down": {"uv": [9.25, 0, 8.75, 0.75], "texture": "#0"}
			}
		},
		{
			"from": [2.40846, -16, 8.79112],
			"to": [7.40846, -13, 15.79112],
			"rotation": {"angle": 45, "axis": "y", "origin": [14.24738, 6, 8.7039]},
			"faces": {
				"north": {"uv": [5.875, 2.375, 6.5, 2.75], "texture": "#0"},
				"east": {"uv": [5, 2.375, 5.875, 2.75], "texture": "#0"},
				"south": {"uv": [7.375, 2.375, 8, 2.75], "texture": "#0"},
				"west": {"uv": [6.5, 2.375, 7.375, 2.75], "texture": "#0"},
				"up": {"uv": [6.5, 2.375, 5.875, 1.5], "texture": "#0"},
				"down": {"uv": [7.125, 1.5, 6.5, 2.375], "texture": "#0"}
			}
		},
		{
			"from": [10.71699, -15.65, 14.6873],
			"to": [18.71699, -12.65, 17.6873],
			"rotation": {"angle": 45, "axis": "y", "origin": [14.24738, 6, 8.7039]},
			"faces": {
				"north": {"uv": [7.5, 1.875, 8.5, 2.25], "texture": "#0"},
				"east": {"uv": [7.125, 1.875, 7.5, 2.25], "texture": "#0"},
				"south": {"uv": [8.875, 1.875, 9.875, 2.25], "texture": "#0"},
				"west": {"uv": [8.5, 1.875, 8.875, 2.25], "texture": "#0"},
				"up": {"uv": [8.5, 1.875, 7.5, 1.5], "texture": "#0"},
				"down": {"uv": [9.5, 1.5, 8.5, 1.875], "texture": "#0"}
			}
		},
		{
			"from": [18.71699, -15.15, 15.1873],
			"to": [21.71699, -13.15, 17.1873],
			"rotation": {"angle": 45, "axis": "y", "origin": [14.24738, 6, 8.7039]},
			"faces": {
				"north": {"uv": [8, 3.25, 8.375, 3.5], "texture": "#0"},
				"east": {"uv": [7.75, 3.25, 8, 3.5], "texture": "#0"},
				"south": {"uv": [8.625, 3.25, 9, 3.5], "texture": "#0"},
				"west": {"uv": [8.375, 3.25, 8.625, 3.5], "texture": "#0"},
				"up": {"uv": [8.375, 3.25, 8, 3], "texture": "#0"},
				"down": {"uv": [8.75, 3, 8.375, 3.25], "texture": "#0"}
			}
		},
		{
			"from": [10.46699, -15.9, 14.4373],
			"to": [18.96699, -12.4, 17.9373],
			"rotation": {"angle": 45, "axis": "y", "origin": [14.24738, 6, 8.7039]},
			"faces": {
				"north": {"uv": [5.375, 3.125, 6.375, 3.5], "texture": "#0"},
				"east": {"uv": [5, 3.125, 5.375, 3.5], "texture": "#0"},
				"south": {"uv": [6.75, 3.125, 7.75, 3.5], "texture": "#0"},
				"west": {"uv": [6.375, 3.125, 6.75, 3.5], "texture": "#0"},
				"up": {"uv": [6.375, 3.125, 5.375, 2.75], "texture": "#0"},
				"down": {"uv": [7.375, 2.75, 6.375, 3.125], "texture": "#0"}
			}
		},
		{
			"from": [18.46699, -15.4, 14.9373],
			"to": [21.96699, -12.9, 17.4373],
			"rotation": {"angle": 45, "axis": "y", "origin": [14.24738, 6, 8.7039]},
			"faces": {
				"north": {"uv": [8, 1.25, 8.375, 1.5], "texture": "#0"},
				"east": {"uv": [7.75, 1.25, 8, 1.5], "texture": "#0"},
				"south": {"uv": [8.625, 1.25, 9, 1.5], "texture": "#0"},
				"west": {"uv": [8.375, 1.25, 8.625, 1.5], "texture": "#0"},
				"up": {"uv": [8.375, 1.25, 8, 1], "texture": "#0"},
				"down": {"uv": [8.75, 1, 8.375, 1.25], "texture": "#0"}
			}
		}
	],
	"display": {
		"fixed": {
			"rotation": [-90, 0, 0],
			"translation": [0, 1, -48],
			"scale": [2, 2, 2]
		}
	},
	"groups": [
		{
			"name": "group",
			"origin": [10.18032, -15, 18.55117],
			"color": 0,
			"children": [
				0,
				1,
				2,
				3,
				4,
				5,
				6,
				7,
				8,
				9,
				10,
				11,
				12,
				13,
				14,
				15,
				16,
				17,
				{
					"name": "bottle",
					"origin": [22.73943, -9.25, 11.33617],
					"color": 0,
					"children": [18, 19, 20, 21]
				}
			]
		}
	]
}