{
	"credit": "Made with Blockbench",
	"texture_size": [64, 64],
	"textures": {
		"3": "item/timberaxt"
	},
	"elements": [
		{
			"from": [0, 3, 1],
			"to": [2, 13, 2],
			"faces": {
				"north": {"uv": [2.25, 10, 2.75, 12.5], "texture": "#3"},
				"east": {"uv": [4.5, 10, 4.75, 12.5], "texture": "#3"},
				"south": {"uv": [2.75, 10, 3.25, 12.5], "texture": "#3"},
				"west": {"uv": [2.75, 12.5, 3, 15], "texture": "#3"},
				"up": {"uv": [4.5, 13.75, 4, 13.5], "texture": "#3"},
				"down": {"uv": [6, 13.5, 5.5, 13.75], "texture": "#3"}
			}
		},
		{
			"from": [-0.3, 0, 0.7],
			"to": [2.3, 3, 2.3],
			"faces": {
				"north": {"uv": [4.75, 9.5, 5.5, 10.25], "texture": "#3"},
				"east": {"uv": [4.75, 11, 5.25, 11.75], "texture": "#3"},
				"south": {"uv": [4.75, 10.25, 5.5, 11], "texture": "#3"},
				"west": {"uv": [4.75, 11.75, 5.25, 12.5], "texture": "#3"},
				"up": {"uv": [3.75, 13.5, 3, 13], "texture": "#3"},
				"down": {"uv": [4.5, 13, 3.75, 13.5], "texture": "#3"}
			}
		},
		{
			"from": [3.2, 11, 0.7],
			"to": [8.2, 12, 2.3],
			"rotation": {"angle": 22.5, "axis": "z", "origin": [0, 0, 0]},
			"faces": {
				"north": {"uv": [0, 13.5, 1.25, 13.75], "texture": "#3"},
				"east": {"uv": [0, 13.75, 0.5, 14], "texture": "#3"},
				"south": {"uv": [1.25, 13.5, 2.5, 13.75], "texture": "#3"},
				"west": {"uv": [0.5, 13.75, 1, 14], "texture": "#3"},
				"up": {"uv": [5.75, 13, 4.5, 12.5], "texture": "#3"},
				"down": {"uv": [6, 8, 4.75, 8.5], "texture": "#3"}
			}
		},
		{
			"from": [3.2, 15, 0.7],
			"to": [8.2, 16, 2.3],
			"rotation": {"angle": 22.5, "axis": "z", "origin": [0, 0, 0]},
			"faces": {
				"north": {"uv": [5.5, 9.5, 6.75, 9.75], "texture": "#3"},
				"east": {"uv": [1, 13.75, 1.5, 14], "texture": "#3"},
				"south": {"uv": [5.5, 9.75, 6.75, 10], "texture": "#3"},
				"west": {"uv": [1.5, 13.75, 2, 14], "texture": "#3"},
				"up": {"uv": [6, 9, 4.75, 8.5], "texture": "#3"},
				"down": {"uv": [6, 9, 4.75, 9.5], "texture": "#3"}
			}
		},
		{
			"from": [1.2, 9, 1.5],
			"to": [10.2, 18, 1.5],
			"rotation": {"angle": 22.5, "axis": "z", "origin": [0, 0, 0]},
			"faces": {
				"north": {"uv": [0, 8, 2.25, 10.25], "texture": "#3"},
				"east": {"uv": [0, 8, 0, 10.25], "texture": "#3"},
				"south": {"uv": [0, 10.25, 2.25, 12.5], "texture": "#3"},
				"west": {"uv": [0, 8, 0, 10.25], "texture": "#3"},
				"up": {"uv": [2.25, 8, 0, 8], "texture": "#3"},
				"down": {"uv": [2.25, 8, 0, 8], "texture": "#3"}
			}
		},
		{
			"from": [7.2, 12, 0.7],
			"to": [8.2, 15, 2.3],
			"rotation": {"angle": 22.5, "axis": "z", "origin": [0, 0, 0]},
			"faces": {
				"north": {"uv": [3, 13.5, 3.25, 14.25], "texture": "#3"},
				"east": {"uv": [4.5, 13, 5, 13.75], "texture": "#3"},
				"south": {"uv": [3.25, 13.5, 3.5, 14.25], "texture": "#3"},
				"west": {"uv": [5, 13, 5.5, 13.75], "texture": "#3"},
				"up": {"uv": [3.25, 13, 3, 12.5], "texture": "#3"},
				"down": {"uv": [2.25, 13.75, 2, 14.25], "texture": "#3"}
			}
		},
		{
			"from": [8.3, 10.9, 1.3],
			"to": [13.7, 14.9, 1.6],
			"rotation": {"angle": 22.5, "axis": "z", "origin": [0, 0, 0]},
			"faces": {
				"north": {"uv": [0, 0, 2.5, 2], "texture": "#3"},
				"east": {"uv": [2.5, 1, 3, 3], "texture": "#3"},
				"south": {"uv": [0, 2, 2.5, 4], "texture": "#3"},
				"west": {"uv": [3, 1, 3.5, 3], "texture": "#3"},
				"up": {"uv": [5, 0.5, 2.5, 0], "texture": "#3"},
				"down": {"uv": [5, 0.5, 2.5, 1], "texture": "#3"}
			}
		},
		{
			"from": [-1.7, 4.9, 1.5],
			"to": [3.7, 8.9, 1.5],
			"rotation": {"angle": 22.5, "axis": "z", "origin": [0, 0, 0]},
			"faces": {
				"north": {"uv": [3.25, 12, 4.5, 13], "texture": "#3"},
				"east": {"uv": [0, 8, 0, 9], "texture": "#3"},
				"south": {"uv": [0, 12.5, 1.25, 13.5], "texture": "#3"},
				"west": {"uv": [0, 8, 0, 9], "texture": "#3"},
				"up": {"uv": [1.25, 8, 0, 8], "texture": "#3"},
				"down": {"uv": [1.25, 8, 0, 8], "texture": "#3"}
			}
		},
		{
			"from": [2.2, 12.9, 2.3],
			"to": [2.2, 16.9, 7.7],
			"faces": {
				"north": {"uv": [0, 8, 0, 9], "texture": "#3"},
				"east": {"uv": [3.5, 8, 2.25, 9], "texture": "#3"},
				"south": {"uv": [0, 8, 0, 9], "texture": "#3"},
				"west": {"uv": [2.25, 9, 3.5, 10], "texture": "#3"},
				"up": {"uv": [0, 9.25, 0, 8], "texture": "#3"},
				"down": {"uv": [0, 8, 0, 9.25], "texture": "#3"}
			}
		},
		{
			"from": [-3.4, 13.4, 1.5],
			"to": [2, 17.4, 1.5],
			"rotation": {"angle": -22.5, "axis": "z", "origin": [0, 0, 0]},
			"faces": {
				"north": {"uv": [3.5, 8, 4.75, 9], "texture": "#3"},
				"east": {"uv": [0, 8, 0, 9], "texture": "#3"},
				"south": {"uv": [3.5, 9, 4.75, 10], "texture": "#3"},
				"west": {"uv": [0, 8, 0, 9], "texture": "#3"},
				"up": {"uv": [1.25, 8, 0, 8], "texture": "#3"},
				"down": {"uv": [1.25, 8, 0, 8], "texture": "#3"}
			}
		},
		{
			"from": [2.2, 13.3, 1],
			"to": [5.6, 17.3, 2],
			"faces": {
				"north": {"uv": [1.25, 12.5, 2, 13.5], "texture": "#3"},
				"east": {"uv": [5.5, 10, 5.75, 11], "texture": "#3"},
				"south": {"uv": [2, 12.5, 2.75, 13.5], "texture": "#3"},
				"west": {"uv": [2.5, 13.5, 2.75, 14.5], "texture": "#3"},
				"up": {"uv": [6.25, 13.25, 5.5, 13], "texture": "#3"},
				"down": {"uv": [6.25, 13.25, 5.5, 13.5], "texture": "#3"}
			}
		},
		{
			"from": [1.6, 15.3, 1],
			"to": [2.2, 17.3, 2],
			"faces": {
				"north": {"uv": [5.75, 10.5, 6, 11], "texture": "#3"},
				"east": {"uv": [5.75, 11, 6, 11.5], "texture": "#3"},
				"south": {"uv": [5.75, 11.5, 6, 12], "texture": "#3"},
				"west": {"uv": [4, 13.75, 4.25, 14.25], "texture": "#3"},
				"up": {"uv": [6, 12.25, 5.75, 12], "texture": "#3"},
				"down": {"uv": [4.5, 13.75, 4.25, 14], "texture": "#3"}
			}
		},
		{
			"from": [3.2, 12, 0.7],
			"to": [4.2, 15, 2.3],
			"rotation": {"angle": 22.5, "axis": "z", "origin": [0, 0, 0]},
			"faces": {
				"north": {"uv": [3.5, 13.5, 3.75, 14.25], "texture": "#3"},
				"east": {"uv": [5.25, 11, 5.75, 11.75], "texture": "#3"},
				"south": {"uv": [3.75, 13.5, 4, 14.25], "texture": "#3"},
				"west": {"uv": [5.25, 11.75, 5.75, 12.5], "texture": "#3"},
				"up": {"uv": [6, 10.5, 5.75, 10], "texture": "#3"},
				"down": {"uv": [2.5, 13.75, 2.25, 14.25], "texture": "#3"}
			}
		},
		{
			"from": [1, 8, 2],
			"to": [2, 9, 3],
			"faces": {
				"north": {"uv": [11, 1, 12, 2], "texture": "#3"},
				"east": {"uv": [10, 3, 11, 4], "texture": "#3"},
				"south": {"uv": [11, 2, 12, 3], "texture": "#3"},
				"west": {"uv": [11, 3, 12, 4], "texture": "#3"},
				"up": {"uv": [9, 5, 8, 4], "texture": "#3"},
				"down": {"uv": [13, 0, 12, 1], "texture": "#3"}
			}
		},
		{
			"from": [2, 5, 1],
			"to": [3, 6, 2],
			"faces": {
				"north": {"uv": [9, 2, 10, 3], "texture": "#3"},
				"east": {"uv": [10, 1, 11, 2], "texture": "#3"},
				"south": {"uv": [10, 2, 11, 3], "texture": "#3"},
				"west": {"uv": [8, 3, 9, 4], "texture": "#3"},
				"up": {"uv": [12, 1, 11, 0], "texture": "#3"},
				"down": {"uv": [10, 3, 9, 4], "texture": "#3"}
			}
		},
		{
			"from": [1, 11, 0],
			"to": [2, 12, 1],
			"faces": {
				"north": {"uv": [8, 0, 9, 1], "texture": "#3"},
				"east": {"uv": [8, 1, 9, 2], "texture": "#3"},
				"south": {"uv": [9, 0, 10, 1], "texture": "#3"},
				"west": {"uv": [9, 1, 10, 2], "texture": "#3"},
				"up": {"uv": [9, 3, 8, 2], "texture": "#3"},
				"down": {"uv": [11, 0, 10, 1], "texture": "#3"}
			}
		},
		{
			"from": [2, 14, 4],
			"to": [3, 15, 5],
			"faces": {
				"north": {"uv": [9, 4, 10, 5], "texture": "#3"},
				"east": {"uv": [12, 1, 13, 2], "texture": "#3"},
				"south": {"uv": [10, 4, 11, 5], "texture": "#3"},
				"west": {"uv": [12, 2, 13, 3], "texture": "#3"},
				"up": {"uv": [12, 5, 11, 4], "texture": "#3"},
				"down": {"uv": [13, 3, 12, 4], "texture": "#3"}
			}
		},
		{
			"from": [2, 16, 3.7],
			"to": [3, 17, 4.7],
			"faces": {
				"north": {"uv": [12, 4, 13, 5], "texture": "#3"},
				"east": {"uv": [8, 5, 9, 6], "texture": "#3"},
				"south": {"uv": [13, 0, 14, 1], "texture": "#3"},
				"west": {"uv": [9, 5, 10, 6], "texture": "#3"},
				"up": {"uv": [14, 2, 13, 1], "texture": "#3"},
				"down": {"uv": [11, 5, 10, 6], "texture": "#3"}
			}
		}
	],
	"display": {
		"thirdperson_righthand": {
			"rotation": [0, 90, 0],
			"translation": [6.5, 2.5, -7.25]
		},
		"thirdperson_lefthand": {
			"rotation": [0, -90, 0],
			"translation": [-6.5, 2.5, -7.25]
		},
		"firstperson_righthand": {
			"rotation": [0, 90, 0],
			"translation": [9.5, -0.75, -10.25]
		},
		"firstperson_lefthand": {
			"rotation": [0, -90, 0],
			"translation": [-3.25, -0.75, -10.5]
		},
		"ground": {
			"rotation": [-180, 0, 40],
			"translation": [0, 1.75, 0],
			"scale": [0.6, 0.6, 0.6]
		},
		"gui": {
			"rotation": [0, -180, -40],
			"translation": [-2, -4.75, 0],
			"scale": [0.8, 0.8, 0.1]
		}
	}
}