{
	"credit": "Made with Blockbench",
	"texture_size": [256, 128],
	"textures": {
		"2": "item/ufo"
	},
	"elements": [
		{
			"from": [0, 0, 0],
			"to": [16, 1, 16],
			"faces": {
				"north": {"uv": [11.125, 3.625, 12.125, 3.75], "texture": "#2"},
				"east": {"uv": [11.125, 5, 12.125, 5.125], "texture": "#2"},
				"south": {"uv": [11.125, 5.125, 12.125, 5.25], "texture": "#2"},
				"west": {"uv": [10.625, 6.25, 11.625, 6.375], "texture": "#2"},
				"up": {"uv": [9, 2, 8, 0], "texture": "#2"},
				"down": {"uv": [9, 2, 8, 4], "texture": "#2"}
			}
		},
		{
			"from": [0, 3, 0],
			"to": [16, 4, 16],
			"faces": {
				"north": {"uv": [11.125, 5.25, 12.125, 5.375], "texture": "#2"},
				"east": {"uv": [11.125, 5.375, 12.125, 5.5], "texture": "#2"},
				"south": {"uv": [11.125, 5.5, 12.125, 5.625], "texture": "#2"},
				"west": {"uv": [11.125, 5.625, 12.125, 5.75], "texture": "#2"},
				"up": {"uv": [10, 2, 9, 0], "texture": "#2"},
				"down": {"uv": [10, 2, 9, 4], "texture": "#2"}
			}
		},
		{
			"from": [1, 1, 1],
			"to": [15, 3, 15],
			"faces": {
				"north": {"uv": [10.75, 4.75, 11.625, 5], "texture": "#2"},
				"east": {"uv": [10.875, 1.375, 11.75, 1.625], "texture": "#2"},
				"south": {"uv": [10.625, 6, 11.5, 6.25], "texture": "#2"},
				"west": {"uv": [9.75, 6.125, 10.625, 6.375], "texture": "#2"},
				"up": {"uv": [8.875, 5.75, 8, 4], "texture": "#2"},
				"down": {"uv": [10.875, 0, 10, 1.75], "texture": "#2"}
			}
		},
		{
			"from": [3, 4, 3],
			"to": [3, 12, 13],
			"faces": {
				"north": {"uv": [8.75, 6.5, 8.8125, 7.5], "texture": "#2"},
				"east": {"uv": [9.5, 4, 10.125, 5], "texture": "#2"},
				"south": {"uv": [8.8125, 6.5, 8.875, 7.5], "texture": "#2"},
				"west": {"uv": [0, 0, 2, 4], "texture": "#2"},
				"up": {"uv": [9.3125, 7.625, 9.25, 6.375], "texture": "#2"},
				"down": {"uv": [9.375, 6.375, 9.3125, 7.625], "texture": "#2"}
			}
		},
		{
			"from": [13, 5, 4],
			"to": [13, 12, 12],
			"faces": {
				"north": {"uv": [8.875, 6.5, 8.9375, 7.5], "texture": "#2"},
				"east": {"uv": [0, 0, 2, 4], "texture": "#2"},
				"south": {"uv": [8.9375, 6.5, 9, 7.5], "texture": "#2"},
				"west": {"uv": [9.5, 5, 10.125, 6], "texture": "#2"},
				"up": {"uv": [9.8125, 7.625, 9.75, 6.375], "texture": "#2"},
				"down": {"uv": [9.875, 6.375, 9.8125, 7.625], "texture": "#2"}
			}
		},
		{
			"from": [4, 13, 4],
			"to": [12, 13, 12],
			"faces": {
				"north": {"uv": [8.875, 6.5, 8.9375, 7.5], "texture": "#2"},
				"east": {"uv": [10.125, 4, 10.75, 5], "texture": "#2"},
				"south": {"uv": [8.9375, 6.5, 9, 7.5], "texture": "#2"},
				"west": {"uv": [9.5, 5, 10.125, 6], "texture": "#2"},
				"up": {"uv": [0, 0, 2, 4], "texture": "#2"},
				"down": {"uv": [9.875, 6.375, 9.8125, 7.625], "texture": "#2"}
			}
		},
		{
			"from": [4, 4, 13],
			"to": [12, 12, 13],
			"faces": {
				"north": {"uv": [2, 0, 4, 4], "texture": "#2"},
				"east": {"uv": [0, 0, 0, 4], "texture": "#2"},
				"south": {"uv": [0, 0, 2, 4], "texture": "#2"},
				"west": {"uv": [0, 0, 0, 4], "texture": "#2"},
				"up": {"uv": [2, 0, 0, 0], "texture": "#2"},
				"down": {"uv": [2, 0, 0, 0], "texture": "#2"}
			}
		},
		{
			"from": [4, 4, 3],
			"to": [12, 12, 3],
			"faces": {
				"north": {"uv": [0, 0, 2, 4], "texture": "#2"},
				"east": {"uv": [0, 0, 0, 4], "texture": "#2"},
				"south": {"uv": [0, 4, 2, 8], "texture": "#2"},
				"west": {"uv": [0, 0, 0, 4], "texture": "#2"},
				"up": {"uv": [2, 0, 0, 0], "texture": "#2"},
				"down": {"uv": [2, 0, 0, 0], "texture": "#2"}
			}
		},
		{
			"from": [4, 12, 3],
			"to": [12, 13, 4],
			"rotation": {"angle": 0, "axis": "y", "origin": [0, 1, 0]},
			"faces": {
				"north": {"uv": [5.5, 8.5, 7.5, 9], "texture": "#2"},
				"east": {"uv": [1.75, 12.5, 2, 13], "texture": "#2"},
				"south": {"uv": [5.5, 9, 7.5, 9.5], "texture": "#2"},
				"west": {"uv": [2, 12.5, 2.25, 13], "texture": "#2"},
				"up": {"uv": [7.5, 10, 5.5, 9.5], "texture": "#2"},
				"down": {"uv": [7.5, 10, 5.5, 10.5], "texture": "#2"}
			}
		},
		{
			"from": [4, 4, 3],
			"to": [12, 5, 4],
			"rotation": {"angle": 0, "axis": "y", "origin": [0, 1, 0]},
			"faces": {
				"north": {"uv": [4.5, 3, 6.5, 3.5], "texture": "#2"},
				"east": {"uv": [1.25, 12.5, 1.5, 13], "texture": "#2"},
				"south": {"uv": [4.5, 3.5, 6.5, 4], "texture": "#2"},
				"west": {"uv": [1.5, 12.5, 1.75, 13], "texture": "#2"},
				"up": {"uv": [6.5, 4.5, 4.5, 4], "texture": "#2"},
				"down": {"uv": [7.5, 8, 5.5, 8.5], "texture": "#2"}
			}
		},
		{
			"from": [3, -1, 3],
			"to": [13, 0, 13],
			"rotation": {"angle": 0, "axis": "y", "origin": [0, 1, 0]},
			"faces": {
				"north": {"uv": [11.125, 5.75, 11.75, 5.875], "texture": "#2"},
				"east": {"uv": [11.125, 5.875, 11.75, 6], "texture": "#2"},
				"south": {"uv": [8, 6.375, 8.625, 6.5], "texture": "#2"},
				"west": {"uv": [8.625, 6.375, 9.25, 6.5], "texture": "#2"},
				"up": {"uv": [9.5, 5.25, 8.875, 4], "texture": "#2"},
				"down": {"uv": [10.625, 1.75, 10, 3], "texture": "#2"}
			}
		},
		{
			"from": [7, -3, 10],
			"to": [9, -2, 11],
			"rotation": {"angle": 0, "axis": "y", "origin": [0, 1, 0]},
			"faces": {
				"north": {"uv": [10, 6, 10.125, 6.125], "texture": "#2"},
				"east": {"uv": [8, 6.75, 8.0625, 6.875], "texture": "#2"},
				"south": {"uv": [10.9375, 6.5, 11.0625, 6.625], "texture": "#2"},
				"west": {"uv": [8.0625, 6.75, 8.125, 6.875], "texture": "#2"},
				"up": {"uv": [11.375, 6.5, 11.25, 6.375], "texture": "#2"},
				"down": {"uv": [11.375, 6.5, 11.25, 6.625], "texture": "#2"}
			}
		},
		{
			"from": [7, -3, 5],
			"to": [9, -2, 6],
			"rotation": {"angle": 0, "axis": "y", "origin": [0, 1, 0]},
			"faces": {
				"north": {"uv": [9.9375, 6.625, 10.0625, 6.75], "texture": "#2"},
				"east": {"uv": [8.4375, 6.75, 8.5, 6.875], "texture": "#2"},
				"south": {"uv": [10.0625, 6.625, 10.1875, 6.75], "texture": "#2"},
				"west": {"uv": [8.5, 6.75, 8.5625, 6.875], "texture": "#2"},
				"up": {"uv": [10.3125, 6.75, 10.1875, 6.625], "texture": "#2"},
				"down": {"uv": [11.4375, 4.5, 11.3125, 4.625], "texture": "#2"}
			}
		},
		{
			"from": [6, -3, 6],
			"to": [7, -2, 7],
			"rotation": {"angle": 0, "axis": "y", "origin": [0, 1, 0]},
			"faces": {
				"north": {"uv": [9.375, 6.75, 9.4375, 6.875], "texture": "#2"},
				"east": {"uv": [9.4375, 6.75, 9.5, 6.875], "texture": "#2"},
				"south": {"uv": [9.5, 6.75, 9.5625, 6.875], "texture": "#2"},
				"west": {"uv": [9.5625, 6.75, 9.625, 6.875], "texture": "#2"},
				"up": {"uv": [9.6875, 6.875, 9.625, 6.75], "texture": "#2"},
				"down": {"uv": [9.75, 6.75, 9.6875, 6.875], "texture": "#2"}
			}
		},
		{
			"from": [6, -3, 9],
			"to": [7, -2, 10],
			"rotation": {"angle": 0, "axis": "y", "origin": [0, 1, 0]},
			"faces": {
				"north": {"uv": [9.9375, 6.75, 10, 6.875], "texture": "#2"},
				"east": {"uv": [10, 6.75, 10.0625, 6.875], "texture": "#2"},
				"south": {"uv": [10.0625, 6.75, 10.125, 6.875], "texture": "#2"},
				"west": {"uv": [10.125, 6.75, 10.1875, 6.875], "texture": "#2"},
				"up": {"uv": [10.25, 6.875, 10.1875, 6.75], "texture": "#2"},
				"down": {"uv": [10.3125, 6.75, 10.25, 6.875], "texture": "#2"}
			}
		},
		{
			"from": [1.5, 4, 16],
			"to": [13.5, 9, 16],
			"rotation": {"angle": 0, "axis": "y", "origin": [0, 1, 0]},
			"faces": {
				"north": {"uv": [8, 5.75, 8.75, 6.375], "texture": "#2"},
				"east": {"uv": [8, 0, 8, 0.625], "texture": "#2"},
				"south": {"uv": [10.875, 0, 11.625, 0.625], "texture": "#2"},
				"west": {"uv": [8, 0, 8, 0.625], "texture": "#2"},
				"up": {"uv": [8.75, 0, 8, 0], "texture": "#2"},
				"down": {"uv": [8.75, 0, 8, 0], "texture": "#2"}
			}
		},
		{
			"from": [9, -3, 9],
			"to": [10, -2, 10],
			"rotation": {"angle": 0, "axis": "y", "origin": [0, 1, 0]},
			"faces": {
				"north": {"uv": [10.3125, 6.75, 10.375, 6.875], "texture": "#2"},
				"east": {"uv": [11.375, 4.625, 11.4375, 4.75], "texture": "#2"},
				"south": {"uv": [10.625, 6.75, 10.6875, 6.875], "texture": "#2"},
				"west": {"uv": [10.6875, 6.75, 10.75, 6.875], "texture": "#2"},
				"up": {"uv": [10.8125, 6.875, 10.75, 6.75], "texture": "#2"},
				"down": {"uv": [10.875, 6.75, 10.8125, 6.875], "texture": "#2"}
			}
		},
		{
			"from": [9, -3, 6],
			"to": [10, -2, 7],
			"rotation": {"angle": 0, "axis": "y", "origin": [0, 1, 0]},
			"faces": {
				"north": {"uv": [10.875, 6.75, 10.9375, 6.875], "texture": "#2"},
				"east": {"uv": [10.9375, 6.75, 11, 6.875], "texture": "#2"},
				"south": {"uv": [11, 6.75, 11.0625, 6.875], "texture": "#2"},
				"west": {"uv": [11.0625, 6.75, 11.125, 6.875], "texture": "#2"},
				"up": {"uv": [11.4375, 6.5, 11.375, 6.375], "texture": "#2"},
				"down": {"uv": [11.3125, 6.75, 11.25, 6.875], "texture": "#2"}
			}
		},
		{
			"from": [7.5, -5, 7.5],
			"to": [8.5, -1, 8.5],
			"rotation": {"angle": 0, "axis": "y", "origin": [0, 1, 0]},
			"faces": {
				"north": {"uv": [10.375, 6.5, 10.4375, 7], "texture": "#2"},
				"east": {"uv": [10.4375, 6.5, 10.5, 7], "texture": "#2"},
				"south": {"uv": [10.5, 6.5, 10.5625, 7], "texture": "#2"},
				"west": {"uv": [10.5625, 6.5, 10.625, 7], "texture": "#2"},
				"up": {"uv": [11.4375, 6.625, 11.375, 6.5], "texture": "#2"},
				"down": {"uv": [11.375, 6.75, 11.3125, 6.875], "texture": "#2"}
			}
		},
		{
			"from": [5, -3, 7],
			"to": [6, -2, 9],
			"rotation": {"angle": 0, "axis": "y", "origin": [0, 1, 0]},
			"faces": {
				"north": {"uv": [8.125, 6.75, 8.1875, 6.875], "texture": "#2"},
				"east": {"uv": [8, 6.625, 8.125, 6.75], "texture": "#2"},
				"south": {"uv": [8.1875, 6.75, 8.25, 6.875], "texture": "#2"},
				"west": {"uv": [8.125, 6.625, 8.25, 6.75], "texture": "#2"},
				"up": {"uv": [11.125, 6.75, 11.0625, 6.5], "texture": "#2"},
				"down": {"uv": [8.3125, 6.625, 8.25, 6.875], "texture": "#2"}
			}
		},
		{
			"from": [10, -3, 7],
			"to": [11, -2, 9],
			"rotation": {"angle": 0, "axis": "y", "origin": [0, 1, 0]},
			"faces": {
				"north": {"uv": [8.3125, 6.75, 8.375, 6.875], "texture": "#2"},
				"east": {"uv": [8.3125, 6.625, 8.4375, 6.75], "texture": "#2"},
				"south": {"uv": [8.375, 6.75, 8.4375, 6.875], "texture": "#2"},
				"west": {"uv": [8.4375, 6.625, 8.5625, 6.75], "texture": "#2"},
				"up": {"uv": [8.625, 6.875, 8.5625, 6.625], "texture": "#2"},
				"down": {"uv": [9.9375, 6.625, 9.875, 6.875], "texture": "#2"}
			}
		},
		{
			"from": [12, 12, 3],
			"to": [13, 13, 13],
			"rotation": {"angle": 0, "axis": "y", "origin": [0, 1, 0]},
			"faces": {
				"north": {"uv": [5.75, 11, 6, 11.5], "texture": "#2"},
				"east": {"uv": [0, 8, 2.5, 8.5], "texture": "#2"},
				"south": {"uv": [5.75, 11.5, 6, 12], "texture": "#2"},
				"west": {"uv": [4, 0, 6.5, 0.5], "texture": "#2"},
				"up": {"uv": [4.25, 5.5, 4, 0.5], "texture": "#2"},
				"down": {"uv": [2.75, 8, 2.5, 13], "texture": "#2"}
			}
		},
		{
			"from": [12, 4, 4],
			"to": [13, 5, 12],
			"rotation": {"angle": 0, "axis": "y", "origin": [0, 1, 0]},
			"faces": {
				"north": {"uv": [5.5, 10.5, 5.75, 11], "texture": "#2"},
				"east": {"uv": [4, 6, 6, 6.5], "texture": "#2"},
				"south": {"uv": [5.5, 11, 5.75, 11.5], "texture": "#2"},
				"west": {"uv": [4, 6.5, 6, 7], "texture": "#2"},
				"up": {"uv": [4.5, 4.5, 4.25, 0.5], "texture": "#2"},
				"down": {"uv": [0.75, 8.5, 0.5, 12.5], "texture": "#2"}
			}
		},
		{
			"from": [4, 12, 12],
			"to": [12, 13, 13],
			"rotation": {"angle": 0, "axis": "y", "origin": [0, 1, 0]},
			"faces": {
				"north": {"uv": [4, 7, 6, 7.5], "texture": "#2"},
				"east": {"uv": [5.75, 10.5, 6, 11], "texture": "#2"},
				"south": {"uv": [4, 7.5, 6, 8], "texture": "#2"},
				"west": {"uv": [5.5, 11.5, 5.75, 12], "texture": "#2"},
				"up": {"uv": [6.25, 5, 4.25, 4.5], "texture": "#2"},
				"down": {"uv": [6.25, 5, 4.25, 5.5], "texture": "#2"}
			}
		},
		{
			"from": [4, 4, 12],
			"to": [12, 5, 13],
			"rotation": {"angle": 0, "axis": "y", "origin": [0, 1, 0]},
			"faces": {
				"north": {"uv": [2.75, 8.5, 4.75, 9], "texture": "#2"},
				"east": {"uv": [6, 6, 6.25, 6.5], "texture": "#2"},
				"south": {"uv": [4.5, 0.5, 6.5, 1], "texture": "#2"},
				"west": {"uv": [6, 6.5, 6.25, 7], "texture": "#2"},
				"up": {"uv": [6.5, 1.5, 4.5, 1], "texture": "#2"},
				"down": {"uv": [6.5, 1.5, 4.5, 2], "texture": "#2"}
			}
		},
		{
			"from": [3, 12, 3],
			"to": [4, 13, 13],
			"rotation": {"angle": 0, "axis": "y", "origin": [0, 1, 0]},
			"faces": {
				"north": {"uv": [6, 7, 6.25, 7.5], "texture": "#2"},
				"east": {"uv": [2.75, 8, 5.25, 8.5], "texture": "#2"},
				"south": {"uv": [6, 7.5, 6.25, 8], "texture": "#2"},
				"west": {"uv": [4, 5.5, 6.5, 6], "texture": "#2"},
				"up": {"uv": [0.25, 13.5, 0, 8.5], "texture": "#2"},
				"down": {"uv": [0.5, 8.5, 0.25, 13.5], "texture": "#2"}
			}
		},
		{
			"from": [3, 4, 4],
			"to": [4, 5, 12],
			"rotation": {"angle": 0, "axis": "y", "origin": [0, 1, 0]},
			"faces": {
				"north": {"uv": [5.25, 12, 5.5, 12.5], "texture": "#2"},
				"east": {"uv": [4.5, 2, 6.5, 2.5], "texture": "#2"},
				"south": {"uv": [6, 10.5, 6.25, 11], "texture": "#2"},
				"west": {"uv": [4.5, 2.5, 6.5, 3], "texture": "#2"},
				"up": {"uv": [1, 12.5, 0.75, 8.5], "texture": "#2"},
				"down": {"uv": [1.25, 8.5, 1, 12.5], "texture": "#2"}
			}
		},
		{
			"from": [3, 4, 12],
			"to": [4, 12, 13],
			"rotation": {"angle": 0, "axis": "y", "origin": [0, 1, 0]},
			"faces": {
				"north": {"uv": [1.25, 8.5, 1.5, 12.5], "texture": "#2"},
				"east": {"uv": [1.5, 8.5, 1.75, 12.5], "texture": "#2"},
				"south": {"uv": [1.75, 8.5, 2, 12.5], "texture": "#2"},
				"west": {"uv": [2, 8.5, 2.25, 12.5], "texture": "#2"},
				"up": {"uv": [5.75, 12.5, 5.5, 12], "texture": "#2"},
				"down": {"uv": [6.25, 11, 6, 11.5], "texture": "#2"}
			}
		},
		{
			"from": [12, 4, 12],
			"to": [13, 12, 13],
			"rotation": {"angle": 0, "axis": "y", "origin": [0, 1, 0]},
			"faces": {
				"north": {"uv": [2.25, 8.5, 2.5, 12.5], "texture": "#2"},
				"east": {"uv": [2.75, 9, 3, 13], "texture": "#2"},
				"south": {"uv": [3, 9, 3.25, 13], "texture": "#2"},
				"west": {"uv": [3.25, 9, 3.5, 13], "texture": "#2"},
				"up": {"uv": [6, 12.5, 5.75, 12], "texture": "#2"},
				"down": {"uv": [6.25, 11.5, 6, 12], "texture": "#2"}
			}
		},
		{
			"from": [12, 4, 3],
			"to": [13, 12, 4],
			"rotation": {"angle": 0, "axis": "y", "origin": [0, 1, 0]},
			"faces": {
				"north": {"uv": [3.5, 9, 3.75, 13], "texture": "#2"},
				"east": {"uv": [3.75, 9, 4, 13], "texture": "#2"},
				"south": {"uv": [4, 9, 4.25, 13], "texture": "#2"},
				"west": {"uv": [4.25, 9, 4.5, 13], "texture": "#2"},
				"up": {"uv": [6.25, 12.5, 6, 12], "texture": "#2"},
				"down": {"uv": [0.75, 12.5, 0.5, 13], "texture": "#2"}
			}
		},
		{
			"from": [3, 4, 3],
			"to": [4, 12, 4],
			"rotation": {"angle": 0, "axis": "y", "origin": [0, 1, 0]},
			"faces": {
				"north": {"uv": [4.5, 9, 4.75, 13], "texture": "#2"},
				"east": {"uv": [4.75, 8.5, 5, 12.5], "texture": "#2"},
				"south": {"uv": [5, 8.5, 5.25, 12.5], "texture": "#2"},
				"west": {"uv": [5.25, 8, 5.5, 12], "texture": "#2"},
				"up": {"uv": [1, 13, 0.75, 12.5], "texture": "#2"},
				"down": {"uv": [1.25, 12.5, 1, 13], "texture": "#2"}
			}
		},
		{
			"from": [5, 5, 5],
			"to": [11, 9, 11],
			"rotation": {"angle": 0, "axis": "y", "origin": [0, 1, 0]},
			"faces": {
				"north": {"uv": [11.125, 1.625, 11.5, 2.125], "texture": "#2"},
				"east": {"uv": [11.125, 2.125, 11.5, 2.625], "texture": "#2"},
				"south": {"uv": [11.125, 2.625, 11.5, 3.125], "texture": "#2"},
				"west": {"uv": [11.125, 3.125, 11.5, 3.625], "texture": "#2"},
				"up": {"uv": [11.25, 1.375, 10.875, 0.625], "texture": "#2"},
				"down": {"uv": [9.75, 6, 9.375, 6.75], "texture": "#2"}
			}
		},
		{
			"from": [5.1, 4, 5.1],
			"to": [10.9, 8, 10.8],
			"rotation": {"angle": 0, "axis": "y", "origin": [0, 1, 0]},
			"faces": {
				"north": {"uv": [11.125, 1.625, 11.5, 2.125], "texture": "#2"},
				"east": {"uv": [11.125, 2.125, 11.5, 2.625], "texture": "#2"},
				"south": {"uv": [11.125, 2.625, 11.5, 3.125], "texture": "#2"},
				"west": {"uv": [11.125, 3.125, 11.5, 3.625], "texture": "#2"},
				"up": {"uv": [11.25, 1.375, 10.875, 0.625], "texture": "#2"},
				"down": {"uv": [9.75, 6, 9.375, 6.75], "texture": "#2"}
			}
		},
		{
			"from": [6, 12.1, 8],
			"to": [6, 15.1, 9],
			"rotation": {"angle": -22.5, "axis": "z", "origin": [0, 2, 0]},
			"faces": {
				"north": {"uv": [8, 0, 8, 0.375], "texture": "#2"},
				"east": {"uv": [8.75, 6, 8.8125, 6.375], "texture": "#2"},
				"south": {"uv": [8, 0, 8, 0.375], "texture": "#2"},
				"west": {"uv": [8.8125, 6, 8.875, 6.375], "texture": "#2"},
				"up": {"uv": [8, 0.125, 8, 0], "texture": "#2"},
				"down": {"uv": [8, 0, 8, 0.125], "texture": "#2"}
			}
		},
		{
			"from": [5, 13.1, 8],
			"to": [7, 15.1, 9],
			"rotation": {"angle": -22.5, "axis": "z", "origin": [0, 1, 0]},
			"faces": {
				"north": {"uv": [9.375, 5.25, 9.5, 5.5], "texture": "#2"},
				"east": {"uv": [11.25, 4.5, 11.3125, 4.75], "texture": "#2"},
				"south": {"uv": [10.625, 3.75, 10.75, 4], "texture": "#2"},
				"west": {"uv": [10.625, 6.5, 10.6875, 6.75], "texture": "#2"},
				"up": {"uv": [11, 1.75, 10.875, 1.625], "texture": "#2"},
				"down": {"uv": [11.125, 1.625, 11, 1.75], "texture": "#2"}
			}
		},
		{
			"from": [8.8, 6, 8],
			"to": [8.8, 8, 9],
			"rotation": {"angle": 22.5, "axis": "z", "origin": [0, 1, 0]},
			"faces": {
				"north": {"uv": [8, 0, 8, 0.25], "texture": "#2"},
				"east": {"uv": [9.375, 5.75, 9.4375, 6], "texture": "#2"},
				"south": {"uv": [8, 0, 8, 0.25], "texture": "#2"},
				"west": {"uv": [9.4375, 5.75, 9.5, 6], "texture": "#2"},
				"up": {"uv": [8, 0.125, 8, 0], "texture": "#2"},
				"down": {"uv": [8, 0, 8, 0.125], "texture": "#2"}
			}
		},
		{
			"from": [5.8, 1.9, 8],
			"to": [5.8, 4.9, 9],
			"rotation": {"angle": 22.5, "axis": "z", "origin": [0, 1, 0]},
			"faces": {
				"north": {"uv": [8, 0, 8, 0.25], "texture": "#2"},
				"east": {"uv": [10.8125, 6.5, 10.875, 6.75], "texture": "#2"},
				"south": {"uv": [8, 0, 8, 0.25], "texture": "#2"},
				"west": {"uv": [10.875, 6.5, 10.9375, 6.75], "texture": "#2"},
				"up": {"uv": [8, 0.125, 8, 0], "texture": "#2"},
				"down": {"uv": [8, 0, 8, 0.125], "texture": "#2"}
			}
		},
		{
			"from": [7.8, 7, 8],
			"to": [9.8, 9, 9],
			"rotation": {"angle": 22.5, "axis": "z", "origin": [0, 1, 0]},
			"faces": {
				"north": {"uv": [9.375, 5.5, 9.5, 5.75], "texture": "#2"},
				"east": {"uv": [10.6875, 6.5, 10.75, 6.75], "texture": "#2"},
				"south": {"uv": [8.75, 5.75, 8.875, 6], "texture": "#2"},
				"west": {"uv": [10.75, 6.5, 10.8125, 6.75], "texture": "#2"},
				"up": {"uv": [9.875, 6.125, 9.75, 6], "texture": "#2"},
				"down": {"uv": [10, 6, 9.875, 6.125], "texture": "#2"}
			}
		}
	],
	"display": {
		"thirdperson_righthand": {
			"rotation": [72, 4, 0],
			"translation": [0.5, 1, 0],
			"scale": [0.44, 0.44, 0.44]
		},
		"thirdperson_lefthand": {
			"rotation": [72, 4, 0],
			"translation": [0.5, 1, 0],
			"scale": [0.44, 0.44, 0.44]
		},
		"firstperson_righthand": {
			"translation": [1.75, 3.25, 0],
			"scale": [0.44, 0.44, 0.44]
		},
		"firstperson_lefthand": {
			"translation": [1.75, 3.25, 0],
			"scale": [0.44, 0.44, 0.44]
		},
		"ground": {
			"translation": [0, 80, 0],
			"scale": [4, 4, 4]
		},
		"head": {
			"translation": [0, 13, 0]
		},
		"fixed": {
			"rotation": [-90, 0, 0],
			"translation": [0, 0, -8.75]
		}
	}
}