{
	"credit": "Made with Blockbench",
	"texture_size": [32, 32],
	"textures": {
		"1": "item/weapons/zwergen_axe"
	},
	"elements": [
		{
			"from": [6.54813, -7, 5.20954],
			"to": [8.54813, 11, 7.20954],
			"rotation": {"angle": 45, "axis": "y", "origin": [9.23411, 2.915, 6.15022]},
			"faces": {
				"north": {"uv": [10, 7, 9, 16], "texture": "#1"},
				"east": {"uv": [9, 7, 10, 16], "texture": "#1"},
				"south": {"uv": [10, 7, 9, 16], "texture": "#1"},
				"west": {"uv": [9, 7, 10, 16], "texture": "#1"}
			}
		},
		{
			"from": [6.08389, -7.53932, -2.55881],
			"to": [10.08389, -3.53932, 1.44119],
			"rotation": {"angle": -45, "axis": "x", "origin": [9.23411, 2.915, 6.15022]},
			"faces": {
				"north": {"uv": [3, 5, 5, 7], "texture": "#1"},
				"east": {"uv": [5, 3, 3, 5], "texture": "#1"},
				"south": {"uv": [5, 3, 7, 5], "texture": "#1"},
				"west": {"uv": [3, 3, 5, 5], "texture": "#1"},
				"up": {"uv": [7, 7, 5, 5], "rotation": 270, "texture": "#1"},
				"down": {"uv": [8, 0, 6, 2], "rotation": 90, "texture": "#1"}
			}
		},
		{
			"from": [6.08389, 4, 5.38433],
			"to": [10.08389, 6, 9.38433],
			"rotation": {"angle": 0, "axis": "y", "origin": [9.23411, 2.915, 6.15022]},
			"faces": {
				"north": {"uv": [8.5, 6, 10.5, 7], "texture": "#1"},
				"east": {"uv": [8.5, 6, 10.5, 7], "texture": "#1"},
				"south": {"uv": [8.5, 6, 10.5, 7], "texture": "#1"},
				"west": {"uv": [8.5, 6, 10.5, 7], "texture": "#1"},
				"up": {"uv": [9, 4, 7, 2], "rotation": 270, "texture": "#1"},
				"down": {"uv": [5, 7, 3, 9], "rotation": 90, "texture": "#1"}
			}
		},
		{
			"from": [6.56389, 9.50572, -2.69521],
			"to": [9.60389, 13.50572, 1.30479],
			"rotation": {"angle": 45, "axis": "x", "origin": [9.23411, 2.915, 6.15022]},
			"faces": {
				"north": {"uv": [5, 7, 6.5, 9], "texture": "#1"},
				"east": {"uv": [9, 4, 7, 6], "texture": "#1"},
				"south": {"uv": [7, 6, 8.5, 8], "texture": "#1"},
				"west": {"uv": [7, 4, 9, 6], "texture": "#1"},
				"up": {"uv": [10, 1.5, 8, 0], "rotation": 270, "texture": "#1"},
				"down": {"uv": [8.5, 8, 6.5, 9.5], "rotation": 90, "texture": "#1"}
			}
		},
		{
			"from": [8.05389, -13.5482, 4.7533],
			"to": [8.08389, -1.5482, 9.7533],
			"rotation": {"angle": 22.5, "axis": "x", "origin": [9.23411, 2.915, 6.15022]},
			"faces": {
				"east": {"uv": [0, 3, 2.5, 9], "texture": "#1"},
				"west": {"uv": [2.5, 3, 0, 9], "texture": "#1"}
			}
		},
		{
			"from": [8.24037, -14, 5.54365],
			"to": [13.24037, -2, 5.57365],
			"rotation": {"angle": 22.5, "axis": "y", "origin": [9.23411, 2.915, 6.15022]},
			"faces": {
				"north": {"uv": [2.5, 9.5, 0, 15.5], "texture": "#1"},
				"south": {"uv": [0, 9.5, 2.5, 15.5], "texture": "#1"}
			}
		},
		{
			"from": [8.08389, 6.21612, -0.16249],
			"to": [8.12389, 18.21612, 8.83751],
			"rotation": {"angle": -22.5, "axis": "x", "origin": [9.23411, 2.915, 6.15022]},
			"faces": {
				"east": {"uv": [4, 10, 8, 16], "texture": "#1"},
				"west": {"uv": [8, 10, 3.5, 16], "texture": "#1"}
			}
		},
		{
			"from": [7.58389, 10.21612, 1.83751],
			"to": [8.58389, 14.21612, 7.83751],
			"rotation": {"angle": -22.5, "axis": "x", "origin": [9.23411, 2.915, 6.15022]},
			"faces": {
				"north": {"uv": [7, 12, 6.5, 14], "texture": "#1"},
				"east": {"uv": [4, 12, 7, 14], "texture": "#1"},
				"west": {"uv": [7, 12, 4, 14], "texture": "#1"},
				"up": {"uv": [4, 12, 7, 12.5], "rotation": 270, "texture": "#1"},
				"down": {"uv": [4, 13.5, 7, 14], "rotation": 90, "texture": "#1"}
			}
		},
		{
			"from": [6.58389, 10.00157, 3.38433],
			"to": [9.58389, 14.00157, 11.38433],
			"rotation": {"angle": 0, "axis": "y", "origin": [9.23411, 2.915, 6.15022]},
			"faces": {
				"north": {"uv": [9, 2, 10.5, 3.5], "texture": "#1"},
				"east": {"uv": [11, 0, 15, 2], "texture": "#1"},
				"south": {"uv": [9, 2, 10.5, 3.5], "texture": "#1"},
				"west": {"uv": [11, 0, 15, 2], "texture": "#1"},
				"up": {"uv": [10.5, 2, 15.5, 3.5], "rotation": 270, "texture": "#1"},
				"down": {"uv": [11, 3.5, 15, 5], "rotation": 90, "texture": "#1"}
			}
		},
		{
			"from": [6.57389, 11.62704, 2.0119],
			"to": [9.59389, 14.45546, 4.84033],
			"rotation": {"angle": 45, "axis": "x", "origin": [9.23411, 2.915, 6.15022]},
			"faces": {
				"north": {"uv": [9, 2, 10.5, 3.5], "texture": "#1"},
				"east": {"uv": [1.5, 0, 0, 1.5], "texture": "#1"},
				"south": {"uv": [1.5, 1.5, 3, 3], "texture": "#1"},
				"west": {"uv": [0, 0, 1.5, 1.5], "texture": "#1"},
				"up": {"uv": [0, 1.5, 1.5, 3], "rotation": 270, "texture": "#1"},
				"down": {"uv": [11, 3.5, 15, 5], "rotation": 90, "texture": "#1"}
			}
		},
		{
			"from": [6.57389, 9.88175, 9.2054],
			"to": [9.59389, 12.71017, 12.03383],
			"rotation": {"angle": -45, "axis": "x", "origin": [9.23411, 2.915, 6.15022]},
			"faces": {
				"north": {"uv": [3, 1.5, 1.5, 3], "texture": "#1"},
				"east": {"uv": [0, 0, 1.5, 1.5], "texture": "#1"},
				"south": {"uv": [10.5, 2, 9, 3.5], "texture": "#1"},
				"west": {"uv": [1.5, 0, 0, 1.5], "texture": "#1"},
				"up": {"uv": [1.5, 1.5, 0, 3], "rotation": 270, "texture": "#1"},
				"down": {"uv": [15, 3.5, 11, 5], "rotation": 90, "texture": "#1"}
			}
		}
	],
	"gui_light": "front",
	"display": {
		"thirdperson_righthand": {
			"translation": [-0.25, 2.75, 1],
			"scale": [0.6, 0.6, 0.6]
		},
		"thirdperson_lefthand": {
			"translation": [-0.25, 2.75, 1],
			"scale": [0.6, 0.6, 0.6]
		},
		"firstperson_righthand": {
			"rotation": [0, 14, 0],
			"translation": [1.75, 4.25, 0],
			"scale": [0.54883, 0.54883, 0.54883]
		},
		"firstperson_lefthand": {
			"rotation": [0, 14, 0],
			"translation": [1.75, 4.25, 0],
			"scale": [0.54883, 0.54883, 0.54883]
		},
		"ground": {
			"rotation": [94, 85, 0],
			"translation": [0, 0.25, -0.75],
			"scale": [0.5, 0.5, 0.5]
		},
		"gui": {
			"rotation": [-90, 45, 88],
			"translation": [-0.5, 2, 0],
			"scale": [0.5, 0.5, 0.5]
		},
		"head": {
			"rotation": [90, -171, 90],
			"translation": [-2.25, 9.25, 0.25],
			"scale": [0.7, 0.7, 0.7]
		},
		"fixed": {
			"rotation": [0, 90, 0],
			"translation": [0, 5.25, -1.25],
			"scale": [1.2, 1.2, 1.2]
		}
	},
	"groups": [
		{
			"name": "group",
			"origin": [8, 22.43, 8],
			"color": 0,
			"children": [0, 1, 2, 3, 4, 5, 6, 7, 8, 9, 10]
		}
	]
}