{
	"credit": "Made with Blockbench",
	"texture_size": [32, 32],
	"textures": {
		"1": "item/weapons/zwergen_shovel"
	},
	"elements": [
		{
			"from": [7, -8.5, 7],
			"to": [9, 10.5, 9],
			"rotation": {"angle": 45, "axis": "y", "origin": [8, -3, 8]},
			"faces": {
				"north": {"uv": [11.5, 4.5, 10.5, 14], "texture": "#1"},
				"east": {"uv": [10.5, 4.5, 11.5, 14], "texture": "#1"},
				"south": {"uv": [11.5, 4.5, 10.5, 14], "texture": "#1"},
				"west": {"uv": [10.5, 4.5, 11.5, 14], "texture": "#1"}
			}
		},
		{
			"from": [6, -11.1, 6.5],
			"to": [10, -7.1, 10.5],
			"rotation": {"angle": 45, "axis": "x", "origin": [8, -8.6, 8]},
			"faces": {
				"north": {"uv": [5, 3, 7, 5], "texture": "#1"},
				"east": {"uv": [3, 3, 5, 5], "texture": "#1"},
				"south": {"uv": [3, 5, 5, 7], "texture": "#1"},
				"west": {"uv": [5, 3, 3, 5], "texture": "#1"},
				"up": {"uv": [7, 7, 5, 5], "rotation": 90, "texture": "#1"},
				"down": {"uv": [8, 0, 6, 2], "rotation": 270, "texture": "#1"}
			}
		},
		{
			"from": [6, 4.5, 6],
			"to": [10, 6.5, 10],
			"rotation": {"angle": 0, "axis": "y", "origin": [8, 5.5, 8]},
			"faces": {
				"north": {"uv": [8.5, 6, 10.5, 7], "texture": "#1"},
				"east": {"uv": [8.5, 6, 10.5, 7], "texture": "#1"},
				"south": {"uv": [8.5, 6, 10.5, 7], "texture": "#1"},
				"west": {"uv": [8.5, 6, 10.5, 7], "texture": "#1"},
				"up": {"uv": [9, 4, 7, 2], "rotation": 90, "texture": "#1"},
				"down": {"uv": [5, 7, 3, 9], "rotation": 270, "texture": "#1"}
			}
		},
		{
			"from": [6.48, 11.33, 6],
			"to": [9.52, 15.33, 10],
			"rotation": {"angle": -45, "axis": "x", "origin": [8, 13.33, 8]},
			"faces": {
				"north": {"uv": [7, 6, 8.5, 8], "texture": "#1"},
				"east": {"uv": [7, 4, 9, 6], "texture": "#1"},
				"south": {"uv": [5, 7, 6.5, 9], "texture": "#1"},
				"west": {"uv": [9, 4, 7, 6], "texture": "#1"},
				"up": {"uv": [10, 1.5, 8, 0], "rotation": 90, "texture": "#1"},
				"down": {"uv": [8.5, 8, 6.5, 9.5], "rotation": 270, "texture": "#1"}
			}
		},
		{
			"from": [8, -14.25, 6.85],
			"to": [8.03, -2.25, 11.85],
			"rotation": {"angle": -22.5, "axis": "x", "origin": [8.02, -1.25, 11.85]},
			"faces": {
				"east": {"uv": [2.5, 3, 0, 9], "texture": "#1"},
				"west": {"uv": [0, 3, 2.5, 9], "texture": "#1"}
			}
		},
		{
			"from": [6.5, 10.50157, 4],
			"to": [9.5, 13.50157, 12],
			"rotation": {"angle": 0, "axis": "y", "origin": [16.5, -10.49843, 1]},
			"faces": {
				"north": {"uv": [9, 2, 10.5, 3.5], "texture": "#1"},
				"east": {"uv": [11, 0, 15, 1.5], "texture": "#1"},
				"south": {"uv": [9, 2, 10.5, 3.5], "texture": "#1"},
				"west": {"uv": [11, 0, 15, 1.5], "texture": "#1"},
				"up": {"uv": [11, 1.5, 15, 3], "rotation": 90, "texture": "#1"},
				"down": {"uv": [11, 3, 15, 4.5], "rotation": 270, "texture": "#1"}
			}
		},
		{
			"from": [3.77953, -15.5, 10.32317],
			"to": [8.77953, -3.5, 10.35317],
			"rotation": {"angle": 22.5, "axis": "y", "origin": [6.02953, 11.75, 11.84317]},
			"faces": {
				"north": {"uv": [0, 9.5, 2.5, 15.5], "texture": "#1"},
				"south": {"uv": [2.5, 9.5, 0, 15.5], "texture": "#1"}
			}
		},
		{
			"from": [6.48, 10.0869, 3.00111],
			"to": [9.51, 12.20822, 5.12243],
			"rotation": {"angle": -45, "axis": "x", "origin": [8.5, 11.5, 3]},
			"faces": {
				"north": {"uv": [2, 0, 3.5, 1], "texture": "#1"},
				"east": {"uv": [0, 0, 1, 1], "texture": "#1"},
				"west": {"uv": [1, 0, 0, 1], "texture": "#1"},
				"up": {"uv": [1, 0, 2, 1.5], "rotation": 90, "texture": "#1"}
			}
		},
		{
			"from": [6.48, 10.0869, 10.87757],
			"to": [9.51, 12.20822, 12.99889],
			"rotation": {"angle": 45, "axis": "x", "origin": [8.5, 11.5, 13]},
			"faces": {
				"east": {"uv": [1, 0, 0, 1], "texture": "#1"},
				"south": {"uv": [3.5, 0, 2, 1], "texture": "#1"},
				"west": {"uv": [0, 0, 1, 1], "texture": "#1"},
				"up": {"uv": [2, 0, 1, 1.5], "rotation": 90, "texture": "#1"}
			}
		},
		{
			"from": [8, 13.5, 3],
			"to": [8, 21.5, 13],
			"rotation": {"angle": 0, "axis": "y", "origin": [15.5, -9.5, 0]},
			"faces": {
				"east": {"uv": [3, 10, 8, 14], "texture": "#1"},
				"west": {"uv": [3, 10, 8, 14], "texture": "#1"}
			}
		},
		{
			"from": [7.5, 13.5, 6],
			"to": [8.5, 18.5, 10],
			"rotation": {"angle": 0, "axis": "y", "origin": [16, -9.5, 0]},
			"faces": {
				"north": {"uv": [6, 11.5, 6.5, 14], "texture": "#1"},
				"east": {"uv": [4.5, 11.5, 6.5, 14], "texture": "#1"},
				"south": {"uv": [4.5, 11.5, 5, 14], "texture": "#1"},
				"west": {"uv": [4.5, 11.5, 6.5, 14], "texture": "#1"},
				"up": {"uv": [4.5, 11.5, 6.5, 12], "rotation": 90, "texture": "#1"}
			}
		}
	],
	"gui_light": "front",
	"display": {
		"thirdperson_righthand": {
			"translation": [-0.25, 2.75, 1],
			"scale": [0.6, 0.6, 0.6]
		},
		"thirdperson_lefthand": {
			"translation": [-0.25, 2.75, 1],
			"scale": [0.6, 0.6, 0.6]
		},
		"firstperson_righthand": {
			"rotation": [0, 14, 0],
			"translation": [1.75, 4.25, 0],
			"scale": [0.54883, 0.54883, 0.54883]
		},
		"firstperson_lefthand": {
			"rotation": [0, 14, 0],
			"translation": [1.75, 4.25, 0],
			"scale": [0.54883, 0.54883, 0.54883]
		},
		"ground": {
			"rotation": [94, 85, 0],
			"translation": [0, 0.25, -0.75],
			"scale": [0.5, 0.5, 0.5]
		},
		"gui": {
			"rotation": [-90, 45, 88],
			"translation": [-1.25, 0.75, 0],
			"scale": [0.5, 0.5, 0.5]
		},
		"head": {
			"rotation": [90, -171, 90],
			"translation": [-2.25, 9.25, 0.25],
			"scale": [0.7, 0.7, 0.7]
		},
		"fixed": {
			"rotation": [0, 90, 0],
			"translation": [0, 5.25, -1.25],
			"scale": [1.2, 1.2, 1.2]
		}
	},
	"groups": [
		{
			"name": "group",
			"origin": [8, 13.93, 8],
			"color": 0,
			"children": [0, 1, 2, 3, 4, 5, 6, 7, 8, 9, 10]
		}
	]
}