{
	"credit": "Made with Blockbench",
	"texture_size": [32, 32],
	"textures": {
		"1": "item/weapons/zwergen_pickaxe"
	},
	"elements": [
		{
			"from": [7, -7, 7],
			"to": [9, 11, 9],
			"rotation": {"angle": 45, "axis": "y", "origin": [8, -1.5, 8]},
			"faces": {
				"north": {"uv": [11.5, 4.5, 10.5, 13.5], "texture": "#1"},
				"east": {"uv": [10.5, 4.5, 11.5, 13.5], "texture": "#1"},
				"south": {"uv": [11.5, 4.5, 10.5, 13.5], "texture": "#1"},
				"west": {"uv": [10.5, 4.5, 11.5, 13.5], "texture": "#1"}
			}
		},
		{
			"from": [6, -9.6, 6.5],
			"to": [10, -5.6, 10.5],
			"rotation": {"angle": 45, "axis": "x", "origin": [8, -7.1, 8]},
			"faces": {
				"north": {"uv": [5, 3, 7, 5], "texture": "#1"},
				"east": {"uv": [3, 3, 5, 5], "texture": "#1"},
				"south": {"uv": [3, 5, 5, 7], "texture": "#1"},
				"west": {"uv": [5, 3, 3, 5], "texture": "#1"},
				"up": {"uv": [7, 7, 5, 5], "rotation": 90, "texture": "#1"},
				"down": {"uv": [8, 0, 6, 2], "rotation": 270, "texture": "#1"}
			}
		},
		{
			"from": [6, 4, 6],
			"to": [10, 6, 10],
			"rotation": {"angle": 0, "axis": "y", "origin": [8, 5, 8]},
			"faces": {
				"north": {"uv": [8.5, 6, 10.5, 7], "texture": "#1"},
				"east": {"uv": [8.5, 6, 10.5, 7], "texture": "#1"},
				"south": {"uv": [8.5, 6, 10.5, 7], "texture": "#1"},
				"west": {"uv": [8.5, 6, 10.5, 7], "texture": "#1"},
				"up": {"uv": [9, 4, 7, 2], "rotation": 90, "texture": "#1"},
				"down": {"uv": [5, 7, 3, 9], "rotation": 270, "texture": "#1"}
			}
		},
		{
			"from": [6.48, 10.83, 6],
			"to": [9.52, 14.83, 10],
			"rotation": {"angle": -45, "axis": "x", "origin": [8, 12.83, 8]},
			"faces": {
				"north": {"uv": [7, 6, 8.5, 8], "texture": "#1"},
				"east": {"uv": [7, 4, 9, 6], "texture": "#1"},
				"south": {"uv": [5, 7, 6.5, 9], "texture": "#1"},
				"west": {"uv": [9, 4, 7, 6], "texture": "#1"},
				"up": {"uv": [10, 1.5, 8, 0], "rotation": 90, "texture": "#1"},
				"down": {"uv": [8.5, 8, 6.5, 9.5], "rotation": 270, "texture": "#1"}
			}
		},
		{
			"from": [8, -12.75, 6.85],
			"to": [8.03, -0.75, 11.85],
			"rotation": {"angle": -22.5, "axis": "x", "origin": [8.02, 0.25, 11.85]},
			"faces": {
				"east": {"uv": [2.5, 3, 0, 9], "texture": "#1"},
				"west": {"uv": [0, 3, 2.5, 9], "texture": "#1"}
			}
		},
		{
			"from": [3.77953, -14, 10.32317],
			"to": [8.77953, -2, 10.35317],
			"rotation": {"angle": 22.5, "axis": "y", "origin": [6.02953, 13.25, 11.84317]},
			"faces": {
				"north": {"uv": [0, 9.5, 2.5, 15.5], "texture": "#1"},
				"south": {"uv": [2.5, 9.5, 0, 15.5], "texture": "#1"}
			}
		},
		{
			"from": [7.96, 7.61262, -3.92807],
			"to": [8, 13.61262, 4.07193],
			"rotation": {"angle": -22.5, "axis": "x", "origin": [10.5, 10.61262, 5.07193]},
			"faces": {
				"east": {"uv": [0, 0, 4, 3], "texture": "#1"},
				"west": {"uv": [4, 0, 0, 3], "texture": "#1"}
			}
		},
		{
			"from": [7.46, 10.61262, -0.92807],
			"to": [8.5, 13.61262, 4.07193],
			"rotation": {"angle": -22.5, "axis": "x", "origin": [10.5, 10.61262, 5.07193]},
			"faces": {
				"north": {"uv": [2, 0, 2.5, 1.5], "texture": "#1"},
				"east": {"uv": [0, 0, 2.5, 1.5], "texture": "#1"},
				"west": {"uv": [2.5, 0, 0, 1.5], "texture": "#1"},
				"up": {"uv": [2.5, 0, 0, 0.5], "rotation": 90, "texture": "#1"},
				"down": {"uv": [2.5, 1, 0, 1.5], "rotation": 270, "texture": "#1"}
			}
		},
		{
			"from": [7.46, 10.61262, 11.92807],
			"to": [8.5, 13.61262, 16.92807],
			"rotation": {"angle": 22.5, "axis": "x", "origin": [10.5, 10.61262, 10.92807]},
			"faces": {
				"east": {"uv": [2.5, 0, 0, 1.5], "texture": "#1"},
				"south": {"uv": [2.5, 0, 2, 1.5], "texture": "#1"},
				"west": {"uv": [0, 0, 2.5, 1.5], "texture": "#1"},
				"up": {"uv": [0, 0, 2.5, 0.5], "rotation": 90, "texture": "#1"},
				"down": {"uv": [0, 1, 2.5, 1.5], "rotation": 270, "texture": "#1"}
			}
		},
		{
			"from": [7.96, 7.61262, 11.92807],
			"to": [8, 13.61262, 19.92807],
			"rotation": {"angle": 22.5, "axis": "x", "origin": [10.5, 10.61262, 10.92807]},
			"faces": {
				"east": {"uv": [4, 0, 0, 3], "texture": "#1"},
				"west": {"uv": [0, 0, 4, 3], "texture": "#1"}
			}
		},
		{
			"from": [6.5, 10.00157, 3],
			"to": [9.5, 13.00157, 13],
			"rotation": {"angle": 0, "axis": "y", "origin": [16.5, -9.99843, 1]},
			"faces": {
				"north": {"uv": [9, 2, 10.5, 3.5], "texture": "#1"},
				"east": {"uv": [10.5, 0, 15.5, 1.5], "texture": "#1"},
				"south": {"uv": [9, 2, 10.5, 3.5], "texture": "#1"},
				"west": {"uv": [10.5, 0, 15.5, 1.5], "texture": "#1"},
				"up": {"uv": [10.5, 1.5, 15.5, 3], "rotation": 90, "texture": "#1"},
				"down": {"uv": [10.5, 3, 15.5, 4.5], "rotation": 270, "texture": "#1"}
			}
		},
		{
			"from": [7.51, 12.05038, 1.28344],
			"to": [8.49, 15.05038, 5.28344],
			"rotation": {"angle": 22.5, "axis": "x", "origin": [8, 12.46038, 1.69344]},
			"faces": {
				"north": {"uv": [5.5, 0, 6, 1.5], "texture": "#1"},
				"east": {"uv": [4, 0, 6, 1.5], "texture": "#1"},
				"west": {"uv": [6, 0, 4, 1.5], "texture": "#1"},
				"up": {"uv": [6, 0, 4, 0.5], "rotation": 90, "texture": "#1"}
			}
		},
		{
			"from": [7.51, 12.05038, 10.71656],
			"to": [8.49, 15.05038, 14.71656],
			"rotation": {"angle": -22.5, "axis": "x", "origin": [8, 12.46038, 14.30656]},
			"faces": {
				"east": {"uv": [6, 0, 4, 1.5], "texture": "#1"},
				"south": {"uv": [6, 0, 5.5, 1.5], "texture": "#1"},
				"west": {"uv": [4, 0, 6, 1.5], "texture": "#1"},
				"up": {"uv": [4, 0, 6, 0.5], "rotation": 90, "texture": "#1"}
			}
		}
	],
	"gui_light": "front",
	"display": {
		"thirdperson_righthand": {
			"translation": [-0.25, 2.75, 1],
			"scale": [0.6, 0.6, 0.6]
		},
		"thirdperson_lefthand": {
			"translation": [-0.25, 2.75, 1],
			"scale": [0.6, 0.6, 0.6]
		},
		"firstperson_righthand": {
			"rotation": [0, 9, 0],
			"translation": [0.25, 4.25, 0],
			"scale": [0.54883, 0.54883, 0.54883]
		},
		"firstperson_lefthand": {
			"rotation": [0, 9, 0],
			"translation": [0.25, 4.25, 0],
			"scale": [0.54883, 0.54883, 0.54883]
		},
		"ground": {
			"rotation": [94, 85, 0],
			"translation": [0, 0.25, -0.75],
			"scale": [0.5, 0.5, 0.5]
		},
		"gui": {
			"rotation": [-90, 45, 88],
			"translation": [-1.75, 1, 0],
			"scale": [0.5, 0.5, 0.5]
		},
		"head": {
			"rotation": [90, -171, 90],
			"translation": [-2.25, 11.25, 0.25],
			"scale": [0.7, 0.7, 0.7]
		},
		"fixed": {
			"rotation": [0, 90, 0],
			"translation": [0, 5.25, -1.25],
			"scale": [1.2, 1.2, 1.2]
		}
	},
	"groups": [
		{
			"name": "group",
			"origin": [8, 22.43, 8],
			"color": 0,
			"children": [0, 1, 2, 3, 4, 5, 6, 7, 8, 9, 10, 11, 12]
		}
	]
}