{
	"credit": "Made with Blockbench",
	"texture_size": [32, 32],
	"textures": {
		"0": "item/cosmetic/aviatorhat"
	},
	"elements": [
		{
			"from": [4.37137, 11.88863, 4.97285],
			"to": [11.87137, 11.88863, 12.47285],
			"rotation": {"angle": 0, "axis": "y", "origin": [8.31, 6.88863, 8.80722]},
			"faces": {
				"north": {"uv": [0, 0, 3.75, 0], "texture": "#0"},
				"east": {"uv": [0, 0, 3.75, 0], "texture": "#0"},
				"south": {"uv": [0, 0, 3.75, 0], "texture": "#0"},
				"west": {"uv": [0, 0, 3.75, 0], "texture": "#0"},
				"up": {"uv": [3.75, 12.75, 0, 9], "texture": "#0"},
				"down": {"uv": [7.75, 9, 4, 12.75], "texture": "#0"}
			}
		},
		{
			"from": [4.37137, 8.88863, 4.97285],
			"to": [11.87137, 11.88863, 4.97285],
			"rotation": {"angle": 0, "axis": "y", "origin": [8.31, 6.88863, 8.80722]},
			"faces": {
				"north": {"uv": [8, 9, 11.75, 10.5], "texture": "#0"},
				"east": {"uv": [0, 0, 0, 1.5], "texture": "#0"},
				"south": {"uv": [8, 10.5, 11.75, 12], "texture": "#0"},
				"west": {"uv": [0, 0, 0, 1.5], "texture": "#0"},
				"up": {"uv": [3.75, 0, 0, 0], "texture": "#0"},
				"down": {"uv": [3.75, 0, 0, 0], "texture": "#0"}
			}
		},
		{
			"from": [6.37137, 9.38863, 4.22285],
			"to": [9.87137, 10.88863, 4.22285],
			"rotation": {"angle": 0, "axis": "y", "origin": [8.31, 6.88863, 8.80722]},
			"faces": {
				"north": {"uv": [5.5, 13, 7.25, 13.75], "texture": "#0"},
				"east": {"uv": [0, 0, 0, 0.75], "texture": "#0"},
				"south": {"uv": [7.5, 13, 9.25, 13.75], "texture": "#0"},
				"west": {"uv": [0, 0, 0, 0.75], "texture": "#0"},
				"up": {"uv": [1.75, 0, 0, 0], "texture": "#0"},
				"down": {"uv": [1.75, 0, 0, 0], "texture": "#0"}
			}
		},
		{
			"from": [4.12137, 8.88863, 3.97285],
			"to": [6.62137, 11.38863, 5.22285],
			"rotation": {"angle": 22.5, "axis": "y", "origin": [5.62137, 10.13863, 4.47285]},
			"faces": {
				"north": {"uv": [12, 9, 13.25, 10.25], "texture": "#0"},
				"east": {"uv": [9.5, 13, 10.25, 14.25], "texture": "#0"},
				"south": {"uv": [12, 10.5, 13.25, 11.75], "texture": "#0"},
				"west": {"uv": [10.5, 13, 11.25, 14.25], "texture": "#0"},
				"up": {"uv": [14.75, 9.75, 13.5, 9], "texture": "#0"},
				"down": {"uv": [14.75, 10, 13.5, 10.75], "texture": "#0"}
			}
		},
		{
			"from": [9.62137, 8.88863, 3.97285],
			"to": [12.12137, 11.38863, 5.22285],
			"rotation": {"angle": -22.5, "axis": "y", "origin": [10.62137, 10.13863, 4.47285]},
			"faces": {
				"north": {"uv": [12, 12, 13.25, 13.25], "texture": "#0"},
				"east": {"uv": [13.5, 11, 14.25, 12.25], "texture": "#0"},
				"south": {"uv": [0, 13, 1.25, 14.25], "texture": "#0"},
				"west": {"uv": [11.5, 13.5, 12.25, 14.75], "texture": "#0"},
				"up": {"uv": [13.75, 14.25, 12.5, 13.5], "texture": "#0"},
				"down": {"uv": [14.75, 12.5, 13.5, 13.25], "texture": "#0"}
			}
		},
		{
			"from": [4.37137, 2.88863, 12.47285],
			"to": [11.87137, 11.88863, 12.47285],
			"rotation": {"angle": 0, "axis": "y", "origin": [8.31, 6.88863, 8.80722]},
			"faces": {
				"north": {"uv": [0, 0, 3.75, 4.5], "texture": "#0"},
				"east": {"uv": [0, 0, 0, 4.5], "texture": "#0"},
				"south": {"uv": [4, 0, 7.75, 4.5], "texture": "#0"},
				"west": {"uv": [0, 0, 0, 4.5], "texture": "#0"},
				"up": {"uv": [3.75, 0, 0, 0], "texture": "#0"},
				"down": {"uv": [3.75, 0, 0, 0], "texture": "#0"}
			}
		},
		{
			"from": [11.87137, 2.88863, 4.97285],
			"to": [11.87137, 11.88863, 12.47285],
			"rotation": {"angle": 0, "axis": "y", "origin": [8.31, 6.88863, 8.80722]},
			"faces": {
				"north": {"uv": [0, 0, 0, 4.5], "texture": "#0"},
				"east": {"uv": [0, 4.5, 3.75, 9], "texture": "#0"},
				"south": {"uv": [0, 0, 0, 4.5], "texture": "#0"},
				"west": {"uv": [4, 4.5, 7.75, 9], "texture": "#0"},
				"up": {"uv": [0, 3.75, 0, 0], "texture": "#0"},
				"down": {"uv": [0, 0, 0, 3.75], "texture": "#0"}
			}
		},
		{
			"from": [4.37137, 2.88863, 4.97285],
			"to": [4.37137, 11.88863, 12.47285],
			"rotation": {"angle": 0, "axis": "y", "origin": [8.31, 6.88863, 8.80722]},
			"faces": {
				"north": {"uv": [0, 0, 0, 4.5], "texture": "#0"},
				"east": {"uv": [8, 0, 11.75, 4.5], "texture": "#0"},
				"south": {"uv": [0, 0, 0, 4.5], "texture": "#0"},
				"west": {"uv": [8, 4.5, 11.75, 9], "texture": "#0"},
				"up": {"uv": [0, 3.75, 0, 0], "texture": "#0"},
				"down": {"uv": [0, 0, 0, 3.75], "texture": "#0"}
			}
		},
		{
			"from": [4.12137, 9.38863, 4.72285],
			"to": [4.12137, 10.88863, 12.72285],
			"rotation": {"angle": 0, "axis": "y", "origin": [8.31, 6.88863, 8.80722]},
			"faces": {
				"north": {"uv": [0, 0, 0, 0.75], "texture": "#0"},
				"east": {"uv": [12, 4, 16, 4.75], "texture": "#0"},
				"south": {"uv": [0, 0, 0, 0.75], "texture": "#0"},
				"west": {"uv": [12, 5, 16, 5.75], "texture": "#0"},
				"up": {"uv": [0, 4, 0, 0], "texture": "#0"},
				"down": {"uv": [0, 0, 0, 4], "texture": "#0"}
			}
		},
		{
			"from": [4.12137, 9.38863, 12.72285],
			"to": [12.12137, 10.88863, 12.72285],
			"rotation": {"angle": 0, "axis": "y", "origin": [8.31, 6.88863, 8.80722]},
			"faces": {
				"north": {"uv": [12, 6, 16, 6.75], "texture": "#0"},
				"east": {"uv": [0, 0, 0, 0.75], "texture": "#0"},
				"south": {"uv": [12, 7, 16, 7.75], "texture": "#0"},
				"west": {"uv": [0, 0, 0, 0.75], "texture": "#0"},
				"up": {"uv": [4, 0, 0, 0], "texture": "#0"},
				"down": {"uv": [4, 0, 0, 0], "texture": "#0"}
			}
		},
		{
			"from": [12.12137, 9.38863, 4.72285],
			"to": [12.12137, 10.88863, 12.72285],
			"rotation": {"angle": 0, "axis": "y", "origin": [8.31, 5.88863, 8.80722]},
			"faces": {
				"north": {"uv": [0, 0, 0, 0.75], "texture": "#0"},
				"east": {"uv": [8, 12, 12, 12.75], "texture": "#0"},
				"south": {"uv": [0, 0, 0, 0.75], "texture": "#0"},
				"west": {"uv": [12, 8, 16, 8.75], "texture": "#0"},
				"up": {"uv": [0, 4, 0, 0], "texture": "#0"},
				"down": {"uv": [0, 0, 0, 4], "texture": "#0"}
			}
		},
		{
			"from": [4.37137, -0.11137, 8.72285],
			"to": [4.37137, 2.88863, 10.72285],
			"rotation": {"angle": 0, "axis": "y", "origin": [8.31, 6.88863, 8.80722]},
			"faces": {
				"north": {"uv": [0, 0, 0, 1.5], "texture": "#0"},
				"east": {"uv": [1.5, 13, 2.5, 14.5], "texture": "#0"},
				"south": {"uv": [0, 0, 0, 1.5], "texture": "#0"},
				"west": {"uv": [2.5, 13, 3.5, 14.5], "texture": "#0"},
				"up": {"uv": [0, 1, 0, 0], "texture": "#0"},
				"down": {"uv": [0, 0, 0, 1], "texture": "#0"}
			}
		},
		{
			"from": [11.87137, -0.11137, 8.72285],
			"to": [11.87137, 2.88863, 10.72285],
			"rotation": {"angle": 0, "axis": "y", "origin": [8.31, 6.88863, 8.80722]},
			"faces": {
				"north": {"uv": [0, 0, 0, 1.5], "texture": "#0"},
				"east": {"uv": [3.5, 13, 4.5, 14.5], "texture": "#0"},
				"south": {"uv": [0, 0, 0, 1.5], "texture": "#0"},
				"west": {"uv": [4.5, 13, 5.5, 14.5], "texture": "#0"},
				"up": {"uv": [0, 1, 0, 0], "texture": "#0"},
				"down": {"uv": [0, 0, 0, 1], "texture": "#0"}
			}
		}
	],
	"display": {
		"thirdperson_righthand": {
			"rotation": [70, 0, 0],
			"translation": [0, 1, -3],
			"scale": [0.7, 0.7, 0.7]
		},
		"thirdperson_lefthand": {
			"rotation": [70, 0, 0],
			"translation": [0, 1, -3],
			"scale": [0.7, 0.7, 0.7]
		},
		"ground": {
			"translation": [0, 6, 0]
		},
		"gui": {
			"rotation": [-160, 35, -180],
			"translation": [0, 1, 0]
		},
		"head": {
			"translation": [-0.25, 0, -1.25],
			"scale": [1.9, 1.9, 1.9]
		},
		"fixed": {
			"translation": [0, 0, -3.5]
		}
	},
	"groups": [
		{
			"name": "aviatorhat",
			"origin": [7.87842, 8.22574, 8.25302],
			"color": 0,
			"children": [0, 1, 2, 3, 4, 5, 6, 7, 8, 9, 10, 11, 12]
		}
	]
}