{
	"credit": "Made with Blockbench",
	"parent": "bandana",
	"textures": {
		"0": "item/cosmetic/bandana",
		"particle": "legendarycosmetics/bandana"
	},
	"elements": [
		{
			"from": [4, 0, 4],
			"to": [12, 2, 5],
			"rotation": {"angle": 0, "axis": "y", "origin": [4, 0, 4]},
			"faces": {
				"north": {"uv": [0, 0, 8, 2], "texture": "#0"},
				"east": {"uv": [6, 10, 7, 12], "texture": "#0"},
				"south": {"uv": [0, 2, 8, 4], "texture": "#0"},
				"west": {"uv": [7, 10, 8, 12], "texture": "#0"},
				"up": {"uv": [14, 9, 6, 8], "texture": "#0"},
				"down": {"uv": [16, 6, 8, 7], "texture": "#0"}
			}
		},
		{
			"from": [4, 0, 11],
			"to": [12, 2, 12],
			"rotation": {"angle": 0, "axis": "y", "origin": [4, 0, 12]},
			"faces": {
				"north": {"uv": [0, 4, 8, 6], "texture": "#0"},
				"east": {"uv": [8, 10, 9, 12], "texture": "#0"},
				"south": {"uv": [0, 6, 8, 8], "texture": "#0"},
				"west": {"uv": [9, 10, 10, 12], "texture": "#0"},
				"up": {"uv": [16, 8, 8, 7], "texture": "#0"},
				"down": {"uv": [14, 9, 6, 10], "texture": "#0"}
			}
		},
		{
			"from": [4, 0, 5],
			"to": [5, 2, 11],
			"rotation": {"angle": 0, "axis": "y", "origin": [4, 0, 12]},
			"faces": {
				"north": {"uv": [10, 10, 11, 12], "texture": "#0"},
				"east": {"uv": [8, 2, 14, 4], "texture": "#0"},
				"south": {"uv": [11, 10, 12, 12], "texture": "#0"},
				"west": {"uv": [8, 4, 14, 6], "texture": "#0"},
				"up": {"uv": [3, 16, 2, 10], "texture": "#0"},
				"down": {"uv": [4, 10, 3, 16], "texture": "#0"}
			}
		},
		{
			"from": [11, 0, 5],
			"to": [12, 2, 11],
			"rotation": {"angle": 0, "axis": "y", "origin": [4, 0, 12]},
			"faces": {
				"north": {"uv": [4, 10, 5, 12], "texture": "#0"},
				"east": {"uv": [0, 8, 6, 10], "texture": "#0"},
				"south": {"uv": [5, 10, 6, 12], "texture": "#0"},
				"west": {"uv": [8, 0, 14, 2], "texture": "#0"},
				"up": {"uv": [1, 16, 0, 10], "texture": "#0"},
				"down": {"uv": [2, 10, 1, 16], "texture": "#0"}
			}
		}
	],
	"display": {
		"thirdperson_righthand": {
			"rotation": [70, 0, 0],
			"translation": [0, 3, 5],
			"scale": [0.7, 0.7, 0.7]
		},
		"thirdperson_lefthand": {
			"rotation": [70, 0, 0],
			"translation": [0, 3, 5],
			"scale": [0.7, 0.7, 0.7]
		},
		"firstperson_righthand": {
			"translation": [0, 7, 0]
		},
		"firstperson_lefthand": {
			"translation": [0, 7, 0]
		},
		"ground": {
			"translation": [0, 6, 0]
		},
		"gui": {
			"rotation": [20, 45, 0],
			"translation": [0, 6, 0]
		},
		"head": {
			"translation": [0, 16.5, 0],
			"scale": [1.8, 1.8, 1.8]
		},
		"fixed": {
			"translation": [0, 7, 0]
		}
	},
	"groups": [
		{
			"name": "bandana",
			"origin": [3, 0, 11],
			"color": 0,
			"children": [0, 1, 2, 3]
		}
	]
}