{
	"credit": "Made with Blockbench",
	"texture_size": [64, 64],
	"textures": {
		"0": "item/cosmetic/bumble_bee_hat_texture",
		"particle": "springhats/bumble_bee_hat_texture"
	},
	"elements": [
		{
			"from": [3, 0, 3],
			"to": [13, 2, 13],
			"rotation": {"angle": 0, "axis": "y", "origin": [0, -6, 0]},
			"faces": {
				"north": {"uv": [2.5, 2.5, 5, 3], "texture": "#0"},
				"east": {"uv": [0, 2.5, 2.5, 3], "texture": "#0"},
				"south": {"uv": [7.5, 2.5, 10, 3], "texture": "#0"},
				"west": {"uv": [5, 2.5, 7.5, 3], "texture": "#0"},
				"up": {"uv": [5, 2.5, 2.5, 0], "texture": "#0"},
				"down": {"uv": [7.5, 0, 5, 2.5], "texture": "#0"}
			}
		},
		{
			"from": [4, 2, 4],
			"to": [12, 7, 12],
			"rotation": {"angle": 0, "axis": "y", "origin": [0, -5, 0]},
			"faces": {
				"north": {"uv": [2, 5, 4, 6.25], "texture": "#0"},
				"east": {"uv": [0, 5, 2, 6.25], "texture": "#0"},
				"south": {"uv": [6, 5, 8, 6.25], "texture": "#0"},
				"west": {"uv": [4, 5, 6, 6.25], "texture": "#0"},
				"up": {"uv": [4, 5, 2, 3], "texture": "#0"},
				"down": {"uv": [6, 3, 4, 5], "texture": "#0"}
			}
		},
		{
			"name": "stinger",
			"from": [5, 4, 12],
			"to": [11, 4, 17],
			"rotation": {"angle": 22.5, "axis": "x", "origin": [8, 4, 12]},
			"faces": {
				"north": {"uv": [1.25, 7.5, 2.75, 7.5], "texture": "#0"},
				"east": {"uv": [0, 7.5, 1.25, 7.5], "texture": "#0"},
				"south": {"uv": [4, 7.5, 5.5, 7.5], "texture": "#0"},
				"west": {"uv": [2.75, 7.5, 4, 7.5], "texture": "#0"},
				"up": {"uv": [2.75, 7.5, 1.25, 6.25], "texture": "#0"},
				"down": {"uv": [4.25, 6.25, 2.75, 7.5], "texture": "#0"}
			}
		},
		{
			"from": [10, 6, -1],
			"to": [10, 8, 4],
			"rotation": {"angle": 0, "axis": "y", "origin": [0, -5, 0]},
			"faces": {
				"north": {"uv": [1.25, 1.75, 1.25, 2.25], "texture": "#0"},
				"east": {"uv": [0, 1.75, 1.25, 2.25], "texture": "#0"},
				"south": {"uv": [2.5, 1.75, 2.5, 2.25], "texture": "#0"},
				"west": {"uv": [1.25, 1.75, 2.5, 2.25], "texture": "#0"},
				"up": {"uv": [1.25, 1.75, 1.25, 0.5], "texture": "#0"},
				"down": {"uv": [1.25, 0.5, 1.25, 1.75], "texture": "#0"}
			}
		},
		{
			"from": [6, 6, -1],
			"to": [6, 8, 4],
			"rotation": {"angle": 0, "axis": "y", "origin": [16, -5, 0]},
			"faces": {
				"north": {"uv": [1.25, 1.25, 1.25, 1.75], "texture": "#0"},
				"east": {"uv": [0, 1.25, 1.25, 1.75], "texture": "#0"},
				"south": {"uv": [2.5, 1.25, 2.5, 1.75], "texture": "#0"},
				"west": {"uv": [1.25, 1.25, 2.5, 1.75], "texture": "#0"},
				"up": {"uv": [1.25, 1.25, 1.25, 0], "texture": "#0"},
				"down": {"uv": [1.25, 0, 1.25, 1.25], "texture": "#0"}
			}
		},
		{
			"from": [-1, 7, 4],
			"to": [4, 7, 12],
			"rotation": {"angle": -22.5, "axis": "z", "origin": [4, 7, 8]},
			"faces": {
				"north": {"uv": [7.5, 2, 8.75, 2], "texture": "#0"},
				"east": {"uv": [5.5, 2, 7.5, 2], "texture": "#0"},
				"south": {"uv": [10.75, 2, 12, 2], "texture": "#0"},
				"west": {"uv": [8.75, 2, 10.75, 2], "texture": "#0"},
				"up": {"uv": [8.75, 2, 7.5, 0], "texture": "#0"},
				"down": {"uv": [10, 0, 8.75, 2], "texture": "#0"}
			}
		},
		{
			"from": [12, 7, 4],
			"to": [17, 7, 12],
			"rotation": {"angle": 22.5, "axis": "z", "origin": [12, 7, 8]},
			"faces": {
				"north": {"uv": [6, 5, 7.25, 5], "texture": "#0"},
				"east": {"uv": [4, 5, 6, 5], "texture": "#0"},
				"south": {"uv": [9.25, 5, 10.5, 5], "texture": "#0"},
				"west": {"uv": [7.25, 5, 9.25, 5], "texture": "#0"},
				"up": {"uv": [7.25, 5, 6, 3], "texture": "#0"},
				"down": {"uv": [8.5, 3, 7.25, 5], "texture": "#0"}
			}
		}
	],
	"display": {
		"thirdperson_righthand": {
			"translation": [0, 5, -1.25]
		},
		"thirdperson_lefthand": {
			"translation": [0, 5, -1.25]
		},
		"firstperson_righthand": {
			"rotation": [12.5, 0, 0],
			"translation": [2.25, 3.75, 0]
		},
		"firstperson_lefthand": {
			"rotation": [12.5, 0, 0],
			"translation": [2.25, 3.75, 0]
		},
		"ground": {
			"translation": [0, 3, 0],
			"scale": [0.5, 0.5, 0.5]
		},
		"gui": {
			"rotation": [45, -180, 0],
			"translation": [0, 2.75, 0],
			"scale": [0.85, 0.85, 0.85]
		},
		"head": {
			"translation": [0, 15.25, 0],
			"scale": [1.81, 1.81, 1.81]
		},
		"fixed": {
			"rotation": [-90, 0, 0],
			"translation": [0, 0, -16],
			"scale": [2, 2, 2]
		}
	},
	"groups": [
		{
			"name": "bumble_bee_hat",
			"origin": [12, 13, 8],
			"color": 0,
			"nbt": "{}",
			"children": [0, 1, 2, 3, 4, 5, 6]
		}
	]
}