{
	"credit": "Made with Blockbench",
	"texture_size": [32, 32],
	"textures": {
		"0": "item/cosmetic/captainhat"
	},
	"elements": [
		{
			"from": [4.178, 2.21015, 3.13511],
			"to": [12.053, 2.21015, 12.58511],
			"faces": {
				"north": {"uv": [0, 0, 3.75, 0], "texture": "#0"},
				"east": {"uv": [0, 0, 4.5, 0], "texture": "#0"},
				"south": {"uv": [0, 0, 3.75, 0], "texture": "#0"},
				"west": {"uv": [0, 0, 4.5, 0], "texture": "#0"},
				"up": {"uv": [3.75, 4.5, 0, 0], "texture": "#0"},
				"down": {"uv": [7.75, 0, 4, 4.5], "texture": "#0"}
			}
		},
		{
			"from": [12.053, 0.13515, 3.13511],
			"to": [12.053, 2.21015, 12.58511],
			"faces": {
				"north": {"uv": [0, 0, 0, 0.75], "texture": "#0"},
				"east": {"uv": [8, 6, 12.5, 6.75], "texture": "#0"},
				"south": {"uv": [0, 0, 0, 0.75], "texture": "#0"},
				"west": {"uv": [8, 7, 12.5, 7.75], "texture": "#0"},
				"up": {"uv": [0, 4.5, 0, 0], "texture": "#0"},
				"down": {"uv": [0, 0, 0, 4.5], "texture": "#0"}
			}
		},
		{
			"from": [4.178, 0.13515, 3.13511],
			"to": [4.178, 2.21015, 12.58511],
			"faces": {
				"north": {"uv": [0, 0, 0, 0.75], "texture": "#0"},
				"east": {"uv": [8, 8, 12.5, 8.75], "texture": "#0"},
				"south": {"uv": [0, 0, 0, 0.75], "texture": "#0"},
				"west": {"uv": [0, 8.5, 4.5, 9.25], "texture": "#0"},
				"up": {"uv": [0, 4.5, 0, 0], "texture": "#0"},
				"down": {"uv": [0, 0, 0, 4.5], "texture": "#0"}
			}
		},
		{
			"from": [3.9155, 4.99008, 4.12079],
			"to": [12.3155, 8.14008, 12.52079],
			"rotation": {"angle": 22.5, "axis": "x", "origin": [0, 0.25, -1.5]},
			"faces": {
				"north": {"uv": [8, 0, 12, 1.5], "texture": "#0"},
				"east": {"uv": [8, 1.5, 12, 3], "texture": "#0"},
				"south": {"uv": [8, 3, 12, 4.5], "texture": "#0"},
				"west": {"uv": [8, 4.5, 12, 6], "texture": "#0"},
				"up": {"uv": [4, 8.5, 0, 4.5], "texture": "#0"},
				"down": {"uv": [8, 4.5, 4, 8.5], "texture": "#0"}
			}
		}
	],
	"display": {
		"thirdperson_righthand": {
			"rotation": [70, 0, 0],
			"translation": [0, 3, 4],
			"scale": [0.7, 0.7, 0.7]
		},
		"thirdperson_lefthand": {
			"rotation": [70, 0, 0],
			"translation": [0, 3, 4],
			"scale": [0.7, 0.7, 0.7]
		},
		"firstperson_righthand": {
			"translation": [0, 4, 0]
		},
		"firstperson_lefthand": {
			"translation": [0, 4, 0]
		},
		"ground": {
			"translation": [0, 6, 0]
		},
		"gui": {
			"rotation": [-160, 45, -180],
			"translation": [-0.5, 5, 0]
		},
		"head": {
			"translation": [0, 17, -1.5],
			"scale": [1.8, 1.8, 1.8]
		},
		"fixed": {
			"translation": [0, 5, -3]
		}
	},
	"groups": [
		{
			"name": "captainhat",
			"origin": [8.1155, 1.96763, 8.35028],
			"color": 0,
			"children": [0, 1, 2, 3]
		}
	]
}