{
	"credit": "Made by samus2002",
	"texture_size": [128, 128],
	"textures": {
		"0": "item/cosmetic/cosmetic_dragons_head_nether",
		"particle": "samus_cosmetics_1_texture/cosmetic_dragons_head_nether"
	},
	"elements": [
		{
			"from": [3, 3, 2],
			"to": [13, 12, 13],
			"rotation": {"angle": 0, "axis": "y", "origin": [8, 7, 8]},
			"faces": {
				"north": {"uv": [2.75, 2.5, 4, 3.625], "texture": "#0"},
				"east": {"uv": [2.75, 0, 4.125, 1.125], "texture": "#0"},
				"south": {"uv": [0, 2.875, 1.25, 4], "texture": "#0"},
				"west": {"uv": [2.75, 1.25, 4.125, 2.375], "texture": "#0"},
				"up": {"uv": [1.25, 1.375, 0, 0], "texture": "#0"},
				"down": {"uv": [2.625, 0, 1.375, 1.375], "texture": "#0"}
			}
		},
		{
			"from": [1, 10, 2],
			"to": [3, 13, 10],
			"rotation": {"angle": 0, "axis": "y", "origin": [8, 7, 8]},
			"faces": {
				"north": {"uv": [1, 7.875, 1.25, 8.25], "texture": "#0"},
				"east": {"uv": [0, 7, 1, 7.375], "texture": "#0"},
				"south": {"uv": [3.125, 7.875, 3.375, 8.25], "texture": "#0"},
				"west": {"uv": [7.25, 2, 8.25, 2.375], "texture": "#0"},
				"up": {"uv": [5.75, 8.375, 5.5, 7.375], "texture": "#0"},
				"down": {"uv": [0.25, 7.5, 0, 8.5], "texture": "#0"}
			}
		},
		{
			"from": [3.025, 12, 2],
			"to": [3.025, 15, 13],
			"rotation": {"angle": 0, "axis": "y", "origin": [8, 7, 8]},
			"faces": {
				"north": {"uv": [2.5, 5, 2.5, 5.375], "texture": "#0"},
				"east": {"uv": [1.375, 5.875, 0, 6.25], "texture": "#0"},
				"south": {"uv": [2.625, 5, 2.625, 5.375], "texture": "#0"},
				"west": {"uv": [0, 5.875, 1.375, 6.25], "texture": "#0"},
				"up": {"uv": [5.375, 9.25, 5.375, 7.875], "texture": "#0"},
				"down": {"uv": [1.375, 8, 1.375, 9.375], "texture": "#0"}
			}
		},
		{
			"from": [13, 10, 2],
			"to": [15, 13, 10],
			"rotation": {"angle": 0, "axis": "y", "origin": [8, 7, 8]},
			"faces": {
				"north": {"uv": [1.25, 7.875, 1, 8.25], "texture": "#0"},
				"east": {"uv": [8.25, 2, 7.25, 2.375], "texture": "#0"},
				"south": {"uv": [3.375, 7.875, 3.125, 8.25], "texture": "#0"},
				"west": {"uv": [1, 7, 0, 7.375], "texture": "#0"},
				"up": {"uv": [5.5, 8.375, 5.75, 7.375], "texture": "#0"},
				"down": {"uv": [0, 7.5, 0.25, 8.5], "texture": "#0"}
			}
		},
		{
			"from": [12.975, 12, 2],
			"to": [12.975, 15, 13],
			"rotation": {"angle": 0, "axis": "y", "origin": [8, 7, 8]},
			"faces": {
				"north": {"uv": [2.5, 5, 2.5, 5.375], "texture": "#0"},
				"east": {"uv": [1.375, 5.875, 0, 6.25], "texture": "#0"},
				"south": {"uv": [2.625, 5, 2.625, 5.375], "texture": "#0"},
				"west": {"uv": [0, 5.875, 1.375, 6.25], "texture": "#0"},
				"up": {"uv": [5.375, 9.25, 5.375, 7.875], "texture": "#0"},
				"down": {"uv": [1.375, 8, 1.375, 9.375], "texture": "#0"}
			}
		},
		{
			"from": [2, 4.25, 12],
			"to": [4, 7.25, 21],
			"rotation": {"angle": -45, "axis": "y", "origin": [4.5, 14.75, 13]},
			"faces": {
				"north": {"uv": [3.5, 7.875, 3.75, 8.25], "texture": "#0"},
				"east": {"uv": [6.875, 1.5, 8, 1.875], "texture": "#0"},
				"south": {"uv": [4.625, 7.875, 4.875, 8.25], "texture": "#0"},
				"west": {"uv": [2.125, 6.875, 3.25, 7.25], "texture": "#0"},
				"up": {"uv": [7.125, 8.375, 6.875, 7.25], "texture": "#0"},
				"down": {"uv": [7.5, 7.25, 7.25, 8.375], "texture": "#0"}
			}
		},
		{
			"from": [-2.21751, 4.25, 13.59619],
			"to": [-2.21751, 11.25, 21.59619],
			"rotation": {"angle": -45, "axis": "y", "origin": [-2.21751, 6.75, 17.59619]},
			"faces": {
				"north": {"uv": [1.75, 8, 1.75, 8.875], "texture": "#0"},
				"east": {"uv": [5.125, 3.5, 4.125, 4.375], "texture": "#0"},
				"south": {"uv": [1.875, 8, 1.875, 8.875], "texture": "#0"},
				"west": {"uv": [4.125, 3.5, 5.125, 4.375], "texture": "#0"},
				"up": {"uv": [7.625, 9, 7.625, 8], "texture": "#0"},
				"down": {"uv": [7.75, 8, 7.75, 9], "texture": "#0"}
			}
		},
		{
			"from": [-2.21751, 8.25, 9.59619],
			"to": [-2.21751, 13.25, 16.59619],
			"rotation": {"angle": -45, "axis": "y", "origin": [-2.21751, 6.75, 17.59619]},
			"faces": {
				"north": {"uv": [7.875, 8, 7.875, 8.625], "texture": "#0"},
				"east": {"uv": [6.25, 0, 5.375, 0.625], "texture": "#0"},
				"south": {"uv": [8, 8, 8, 8.625], "texture": "#0"},
				"west": {"uv": [5.375, 0, 6.25, 0.625], "texture": "#0"},
				"up": {"uv": [8.125, 3.375, 8.125, 2.5], "texture": "#0"},
				"down": {"uv": [8.125, 3.5, 8.125, 4.375], "texture": "#0"}
			}
		},
		{
			"from": [3.03947, 11.25, 10.91421],
			"to": [7.03947, 14.25, 17.91421],
			"rotation": {"angle": -45, "axis": "x", "origin": [1.03947, 11.75, 13.41421]},
			"faces": {
				"north": {"uv": [1.375, 7.5, 1.875, 7.875], "texture": "#0"},
				"east": {"uv": [4.25, 2, 5.125, 2.375], "texture": "#0"},
				"south": {"uv": [7.75, 0.375, 8.25, 0.75], "texture": "#0"},
				"west": {"uv": [5.875, 7.25, 6.75, 7.625], "texture": "#0"},
				"up": {"uv": [7.125, 2.875, 6.625, 2], "texture": "#0"},
				"down": {"uv": [7.125, 3, 6.625, 3.875], "texture": "#0"}
			}
		},
		{
			"from": [-2.21053, 13.25, 14.66421],
			"to": [3.78947, 17.25, 17.66421],
			"rotation": {"angle": 22.5, "axis": "y", "origin": [1.28947, 14.75, 13.66421]},
			"faces": {
				"north": {"uv": [7.25, 2.5, 8, 3], "texture": "#0"},
				"east": {"uv": [7.75, 0.875, 8.125, 1.375], "texture": "#0"},
				"south": {"uv": [7.25, 3.125, 8, 3.625], "texture": "#0"},
				"west": {"uv": [5.875, 7.75, 6.25, 8.25], "texture": "#0"},
				"up": {"uv": [2.875, 7.75, 2.125, 7.375], "texture": "#0"},
				"down": {"uv": [3.75, 7.375, 3, 7.75], "texture": "#0"}
			}
		},
		{
			"from": [-7.21053, 15.25, 16.66421],
			"to": [0.78947, 20.25, 16.66421],
			"rotation": {"angle": -45, "axis": "z", "origin": [-1.71053, 16.75, 15.66421]},
			"faces": {
				"north": {"uv": [4.125, 4.5, 5.125, 5.125], "texture": "#0"},
				"east": {"uv": [8.125, 8, 8.125, 8.625], "texture": "#0"},
				"south": {"uv": [5.125, 4.5, 4.125, 5.125], "texture": "#0"},
				"west": {"uv": [8.25, 0.875, 8.25, 1.5], "texture": "#0"},
				"up": {"uv": [8.875, 6, 7.875, 6], "texture": "#0"},
				"down": {"uv": [8.875, 6.125, 7.875, 6.125], "texture": "#0"}
			}
		},
		{
			"from": [12, 4.25, 12],
			"to": [14, 7.25, 21],
			"rotation": {"angle": 45, "axis": "y", "origin": [11.5, 14.75, 13]},
			"faces": {
				"north": {"uv": [3.75, 7.875, 3.5, 8.25], "texture": "#0"},
				"east": {"uv": [3.25, 6.875, 2.125, 7.25], "texture": "#0"},
				"south": {"uv": [4.875, 7.875, 4.625, 8.25], "texture": "#0"},
				"west": {"uv": [8, 1.5, 6.875, 1.875], "texture": "#0"},
				"up": {"uv": [6.875, 8.375, 7.125, 7.25], "texture": "#0"},
				"down": {"uv": [7.25, 7.25, 7.5, 8.375], "texture": "#0"}
			}
		},
		{
			"from": [18.21751, 4.25, 13.59619],
			"to": [18.21751, 11.25, 21.59619],
			"rotation": {"angle": 45, "axis": "y", "origin": [18.21751, 6.75, 17.59619]},
			"faces": {
				"north": {"uv": [1.75, 8, 1.75, 8.875], "texture": "#0"},
				"east": {"uv": [5.125, 3.5, 4.125, 4.375], "texture": "#0"},
				"south": {"uv": [1.875, 8, 1.875, 8.875], "texture": "#0"},
				"west": {"uv": [4.125, 3.5, 5.125, 4.375], "texture": "#0"},
				"up": {"uv": [7.625, 9, 7.625, 8], "texture": "#0"},
				"down": {"uv": [7.75, 8, 7.75, 9], "texture": "#0"}
			}
		},
		{
			"from": [18.21751, 8.25, 9.59619],
			"to": [18.21751, 13.25, 16.59619],
			"rotation": {"angle": 45, "axis": "y", "origin": [18.21751, 6.75, 17.59619]},
			"faces": {
				"north": {"uv": [7.875, 8, 7.875, 8.625], "texture": "#0"},
				"east": {"uv": [6.25, 0, 5.375, 0.625], "texture": "#0"},
				"south": {"uv": [8, 8, 8, 8.625], "texture": "#0"},
				"west": {"uv": [5.375, 0, 6.25, 0.625], "texture": "#0"},
				"up": {"uv": [8.125, 3.375, 8.125, 2.5], "texture": "#0"},
				"down": {"uv": [8.125, 3.5, 8.125, 4.375], "texture": "#0"}
			}
		},
		{
			"from": [8.96053, 11.25, 10.91421],
			"to": [12.96053, 14.25, 17.91421],
			"rotation": {"angle": -45, "axis": "x", "origin": [14.96053, 11.75, 13.41421]},
			"faces": {
				"north": {"uv": [1.875, 7.5, 1.375, 7.875], "texture": "#0"},
				"east": {"uv": [6.75, 7.25, 5.875, 7.625], "texture": "#0"},
				"south": {"uv": [8.25, 0.375, 7.75, 0.75], "texture": "#0"},
				"west": {"uv": [5.125, 2, 4.25, 2.375], "texture": "#0"},
				"up": {"uv": [6.625, 2.875, 7.125, 2], "texture": "#0"},
				"down": {"uv": [6.625, 3, 7.125, 3.875], "texture": "#0"}
			}
		},
		{
			"from": [12.21053, 13.25, 14.66421],
			"to": [18.21053, 17.25, 17.66421],
			"rotation": {"angle": -22.5, "axis": "y", "origin": [14.71053, 14.75, 13.66421]},
			"faces": {
				"north": {"uv": [8, 2.5, 7.25, 3], "texture": "#0"},
				"east": {"uv": [6.25, 7.75, 5.875, 8.25], "texture": "#0"},
				"south": {"uv": [8, 3.125, 7.25, 3.625], "texture": "#0"},
				"west": {"uv": [8.125, 0.875, 7.75, 1.375], "texture": "#0"},
				"up": {"uv": [2.125, 7.75, 2.875, 7.375], "texture": "#0"},
				"down": {"uv": [3, 7.375, 3.75, 7.75], "texture": "#0"}
			}
		},
		{
			"from": [15.21053, 15.25, 16.66421],
			"to": [23.21053, 20.25, 16.66421],
			"rotation": {"angle": 45, "axis": "z", "origin": [17.71053, 16.75, 15.66421]},
			"faces": {
				"north": {"uv": [5.125, 4.5, 4.125, 5.125], "texture": "#0"},
				"east": {"uv": [8.25, 0.875, 8.25, 1.5], "texture": "#0"},
				"south": {"uv": [4.125, 4.5, 5.125, 5.125], "texture": "#0"},
				"west": {"uv": [8.125, 8, 8.125, 8.625], "texture": "#0"},
				"up": {"uv": [7.875, 6, 8.875, 6], "texture": "#0"},
				"down": {"uv": [7.875, 6.125, 8.875, 6.125], "texture": "#0"}
			}
		},
		{
			"from": [3, 6.04675, -9.65169],
			"to": [13, 10.04675, -2.65169],
			"rotation": {"angle": -22.5, "axis": "x", "origin": [8, 9.04675, -6.15169]},
			"faces": {
				"north": {"uv": [5.25, 2, 6.5, 2.5], "texture": "#0"},
				"east": {"uv": [1.5, 5.75, 2.375, 6.25], "texture": "#0"},
				"south": {"uv": [5.25, 2.625, 6.5, 3.125], "texture": "#0"},
				"west": {"uv": [1.125, 6.875, 2, 7.375], "texture": "#0"},
				"up": {"uv": [2.625, 4.875, 1.375, 4], "texture": "#0"},
				"down": {"uv": [1.25, 4.125, 0, 5], "texture": "#0"}
			}
		},
		{
			"from": [3, 10.04675, -9.65169],
			"to": [3, 12.04675, -2.65169],
			"rotation": {"angle": -22.5, "axis": "x", "origin": [8, 9.04675, -6.15169]},
			"faces": {
				"north": {"uv": [3.875, 4.875, 3.875, 5.125], "texture": "#0"},
				"east": {"uv": [8.5, 7.25, 7.625, 7.5], "texture": "#0"},
				"south": {"uv": [4, 4.875, 4, 5.125], "texture": "#0"},
				"west": {"uv": [7.625, 7.25, 8.5, 7.5], "texture": "#0"},
				"up": {"uv": [0.75, 9.25, 0.75, 8.375], "texture": "#0"},
				"down": {"uv": [0.875, 8.375, 0.875, 9.25], "texture": "#0"}
			}
		},
		{
			"from": [13, 10.04675, -9.65169],
			"to": [13, 12.04675, -2.65169],
			"rotation": {"angle": -22.5, "axis": "x", "origin": [8, 9.04675, -6.15169]},
			"faces": {
				"north": {"uv": [3.875, 4.875, 3.875, 5.125], "texture": "#0"},
				"east": {"uv": [8.5, 7.25, 7.625, 7.5], "texture": "#0"},
				"south": {"uv": [4, 4.875, 4, 5.125], "texture": "#0"},
				"west": {"uv": [7.625, 7.25, 8.5, 7.5], "texture": "#0"},
				"up": {"uv": [0.75, 9.25, 0.75, 8.375], "texture": "#0"},
				"down": {"uv": [0.875, 8.375, 0.875, 9.25], "texture": "#0"}
			}
		},
		{
			"from": [3.0125, 6, -6],
			"to": [12.9875, 10, 2],
			"rotation": {"angle": 0, "axis": "y", "origin": [8.0125, 8, 7]},
			"faces": {
				"north": {"uv": [5.25, 3.25, 6.5, 3.75], "texture": "#0"},
				"east": {"uv": [6.25, 5.125, 7.25, 5.625], "texture": "#0"},
				"south": {"uv": [3.875, 5.25, 5.125, 5.75], "texture": "#0"},
				"west": {"uv": [0, 6.375, 1, 6.875], "texture": "#0"},
				"up": {"uv": [2.625, 3.875, 1.375, 2.875], "texture": "#0"},
				"down": {"uv": [4, 3.75, 2.75, 4.75], "texture": "#0"}
			}
		},
		{
			"from": [2.975, 3, -8],
			"to": [13.025, 6, 2],
			"rotation": {"angle": 0, "axis": "y", "origin": [8, 7, 7]},
			"faces": {
				"north": {"uv": [6.375, 0, 7.625, 0.375], "texture": "#0"},
				"east": {"uv": [6.375, 0.5, 7.625, 0.875], "texture": "#0"},
				"south": {"uv": [6.375, 1, 7.625, 1.375], "texture": "#0"},
				"west": {"uv": [1.125, 6.375, 2.375, 6.75], "texture": "#0"},
				"up": {"uv": [1.25, 2.75, 0, 1.5], "texture": "#0"},
				"down": {"uv": [2.625, 1.5, 1.375, 2.75], "texture": "#0"}
			}
		},
		{
			"from": [8, -1, -8],
			"to": [8, 3, 2],
			"rotation": {"angle": 0, "axis": "y", "origin": [7, 7, 7]},
			"faces": {
				"north": {"uv": [1.25, 8.375, 1.25, 8.875], "texture": "#0"},
				"east": {"uv": [6.5, 4.5, 5.25, 5], "texture": "#0"},
				"south": {"uv": [8.375, 1.875, 8.375, 2.375], "texture": "#0"},
				"west": {"uv": [5.25, 4.5, 6.5, 5], "texture": "#0"},
				"up": {"uv": [2, 9.625, 2, 8.375], "texture": "#0"},
				"down": {"uv": [2.125, 8.375, 2.125, 9.625], "texture": "#0"}
			}
		},
		{
			"from": [2.975, 6, -8],
			"to": [2.975, 9, 2],
			"rotation": {"angle": 0, "axis": "y", "origin": [7.975, 7, 7]},
			"faces": {
				"north": {"uv": [8.125, 4.5, 8.125, 4.875], "texture": "#0"},
				"east": {"uv": [5.125, 6.375, 3.875, 6.75], "texture": "#0"},
				"south": {"uv": [8.375, 1.125, 8.375, 1.5], "texture": "#0"},
				"west": {"uv": [3.875, 6.375, 5.125, 6.75], "texture": "#0"},
				"up": {"uv": [2.25, 9.625, 2.25, 8.375], "texture": "#0"},
				"down": {"uv": [2.375, 8.375, 2.375, 9.625], "texture": "#0"}
			}
		},
		{
			"from": [3, 6, -8],
			"to": [13, 9, -8],
			"rotation": {"angle": 0, "axis": "y", "origin": [8, 7, 7]},
			"faces": {
				"north": {"uv": [5.25, 6.375, 6.5, 6.75], "texture": "#0"},
				"east": {"uv": [2.5, 8.375, 2.5, 8.75], "texture": "#0"},
				"south": {"uv": [6.5, 5.75, 7.75, 6.125], "texture": "#0"},
				"west": {"uv": [8.375, 2.5, 8.375, 2.875], "texture": "#0"},
				"up": {"uv": [9.5, 7, 8.25, 7], "texture": "#0"},
				"down": {"uv": [9.5, 7.125, 8.25, 7.125], "texture": "#0"}
			}
		}
	],
	"gui_light": "front",
	"display": {
		"firstperson_righthand": {
			"translation": [5, 0, -7.75]
		},
		"firstperson_lefthand": {
			"translation": [5, 0, -7.75]
		},
		"ground": {
			"translation": [0, 2.5, 0]
		},
		"gui": {
			"rotation": [18, 148, 0],
			"translation": [-0.75, -1.5, 0],
			"scale": [0.5, 0.5, 0.5]
		},
		"head": {
			"translation": [0, 0.75, 0],
			"scale": [1.65, 1.65, 1.65]
		},
		"fixed": {
			"translation": [0, -1, -10.5]
		}
	}
}