{
	"credit": "Made by samus2002",
	"texture_size": [64, 64],
	"textures": {
		"0": "cosmetics/hats/cosmetic_ent_titans_mask",
		"1": "cosmetics/hats/ent_titans_mask_vfx",
		"particle": "samus_cosmetics_1_texture/cosmetic_ent_titans_mask"
	},
	"elements": [
		{
			"from": [3, 6.25, 2.5],
			"to": [13, 13.25, 5.5],
			"rotation": {"angle": 0, "axis": "y", "origin": [8, 8.25, 7.5]},
			"faces": {
				"north": {"uv": [0, 3, 2.5, 4.75], "texture": "#0"},
				"east": {"uv": [3, 9, 3.75, 10.75], "texture": "#0"},
				"south": {"uv": [2.75, 3, 5.25, 4.75], "texture": "#0"},
				"west": {"uv": [1.75, 9.25, 2.5, 11], "texture": "#0"},
				"up": {"uv": [10.75, 2.75, 8.25, 2], "texture": "#0"},
				"down": {"uv": [10.75, 3, 8.25, 3.75], "texture": "#0"}
			}
		},
		{
			"from": [8, 12.84985, 4.0117],
			"to": [13, 19.84985, 6.0117],
			"rotation": {"angle": 22.5, "axis": "x", "origin": [8, 16.84985, 4.2617]},
			"faces": {
				"north": {"uv": [7, 0, 8.25, 1.75], "texture": "#0"},
				"east": {"uv": [9.5, 10.25, 10, 12], "texture": "#0"},
				"south": {"uv": [3, 7, 4.25, 8.75], "texture": "#0"},
				"west": {"uv": [10.25, 10.25, 10.75, 12], "texture": "#0"},
				"up": {"uv": [12.25, 10.75, 11, 10.25], "texture": "#0"},
				"down": {"uv": [12.25, 11, 11, 11.5], "texture": "#0"}
			}
		},
		{
			"from": [8, 14.84985, 4.0367],
			"to": [16, 25.84985, 4.0367],
			"rotation": {"angle": 22.5, "axis": "x", "origin": [8, 16.84985, 4.2617]},
			"faces": {
				"north": {"uv": [0, 0, 2, 2.75], "texture": "#0"},
				"east": {"uv": [8, 11.75, 8, 14.5], "texture": "#0"},
				"south": {"uv": [2, 0, 0, 2.75], "texture": "#0"},
				"west": {"uv": [8.25, 11.75, 8.25, 14.5], "texture": "#0"},
				"up": {"uv": [14, 1, 12, 1], "texture": "#0"},
				"down": {"uv": [14, 1.25, 12, 1.25], "texture": "#0"}
			}
		},
		{
			"from": [3, 12.84985, 4.0117],
			"to": [6, 17.84985, 6.0117],
			"rotation": {"angle": 22.5, "axis": "x", "origin": [8, 16.84985, 4.2617]},
			"faces": {
				"north": {"uv": [7.5, 10.25, 8.25, 11.5], "texture": "#0"},
				"east": {"uv": [6.75, 10.5, 7.25, 11.75], "texture": "#0"},
				"south": {"uv": [8.5, 10.25, 9.25, 11.5], "texture": "#0"},
				"west": {"uv": [2.75, 11, 3.25, 12.25], "texture": "#0"},
				"up": {"uv": [12, 9.5, 11.25, 9], "texture": "#0"},
				"down": {"uv": [12.25, 4, 11.5, 4.5], "texture": "#0"}
			}
		},
		{
			"from": [1, 14.84985, 4.0367],
			"to": [6, 22.84985, 4.0367],
			"rotation": {"angle": 22.5, "axis": "x", "origin": [8, 16.84985, 4.2617]},
			"faces": {
				"north": {"uv": [0, 7, 1.25, 9], "texture": "#0"},
				"east": {"uv": [8.5, 11.75, 8.5, 13.75], "texture": "#0"},
				"south": {"uv": [1.25, 7, 0, 9], "texture": "#0"},
				"west": {"uv": [8.75, 11.75, 8.75, 13.75], "texture": "#0"},
				"up": {"uv": [9.5, 4, 8.25, 4], "texture": "#0"},
				"down": {"uv": [9.5, 4.25, 8.25, 4.25], "texture": "#0"}
			}
		},
		{
			"from": [4, -2.75, 2.25],
			"to": [12, 1.25, 5.25],
			"rotation": {"angle": -22.5, "axis": "x", "origin": [8, 0, 3]},
			"faces": {
				"north": {"uv": [4.5, 7, 6.5, 8], "texture": "#0"},
				"east": {"uv": [5.75, 10.5, 6.5, 11.5], "texture": "#0"},
				"south": {"uv": [6.75, 7, 8.75, 8], "texture": "#0"},
				"west": {"uv": [10.75, 7, 11.5, 8], "texture": "#0"},
				"up": {"uv": [10, 9, 8, 8.25], "texture": "#0"},
				"down": {"uv": [10.5, 0, 8.5, 0.75], "texture": "#0"}
			}
		},
		{
			"from": [-1.25, -1.92157, 3.275],
			"to": [4.75, 2.07843, 5.275],
			"rotation": {"angle": -22.5, "axis": "z", "origin": [3.75, 0.07843, 4.775]},
			"faces": {
				"north": {"uv": [4.5, 8.25, 6, 9.25], "texture": "#0"},
				"east": {"uv": [0, 11.25, 0.5, 12.25], "texture": "#0"},
				"south": {"uv": [6.25, 8.25, 7.75, 9.25], "texture": "#0"},
				"west": {"uv": [0.75, 11.25, 1.25, 12.25], "texture": "#0"},
				"up": {"uv": [11.75, 1.5, 10.25, 1], "texture": "#0"},
				"down": {"uv": [11.75, 8.25, 10.25, 8.75], "texture": "#0"}
			}
		},
		{
			"from": [-1.25, 2.07843, 3.275],
			"to": [4.75, 5.07843, 3.275],
			"rotation": {"angle": -22.5, "axis": "z", "origin": [3.75, 0.07843, 4.775]},
			"faces": {
				"north": {"uv": [4, 9.5, 5.5, 10.25], "texture": "#0"},
				"east": {"uv": [5.25, 2, 5.25, 2.75], "texture": "#0"},
				"south": {"uv": [5.5, 9.5, 4, 10.25], "texture": "#0"},
				"west": {"uv": [11.75, 7, 11.75, 7.75], "texture": "#0"},
				"up": {"uv": [7, 4.5, 5.5, 4.5], "texture": "#0"},
				"down": {"uv": [7, 4.75, 5.5, 4.75], "texture": "#0"}
			}
		},
		{
			"from": [11.25, 2.07843, 3.275],
			"to": [17.25, 5.07843, 3.275],
			"rotation": {"angle": 22.5, "axis": "z", "origin": [12.25, 0.07843, 4.775]},
			"faces": {
				"north": {"uv": [5.5, 9.5, 4, 10.25], "texture": "#0"},
				"east": {"uv": [11.75, 7, 11.75, 7.75], "texture": "#0"},
				"south": {"uv": [4, 9.5, 5.5, 10.25], "texture": "#0"},
				"west": {"uv": [5.25, 2, 5.25, 2.75], "texture": "#0"},
				"up": {"uv": [5.5, 4.5, 7, 4.5], "texture": "#0"},
				"down": {"uv": [5.5, 4.75, 7, 4.75], "texture": "#0"}
			}
		},
		{
			"from": [11.25, -1.92157, 3.275],
			"to": [17.25, 2.07843, 5.275],
			"rotation": {"angle": 22.5, "axis": "z", "origin": [12.25, 0.07843, 4.775]},
			"faces": {
				"north": {"uv": [6, 8.25, 4.5, 9.25], "texture": "#0"},
				"east": {"uv": [1.25, 11.25, 0.75, 12.25], "texture": "#0"},
				"south": {"uv": [7.75, 8.25, 6.25, 9.25], "texture": "#0"},
				"west": {"uv": [0.5, 11.25, 0, 12.25], "texture": "#0"},
				"up": {"uv": [10.25, 1.5, 11.75, 1], "texture": "#0"},
				"down": {"uv": [10.25, 8.25, 11.75, 8.75], "texture": "#0"}
			}
		},
		{
			"from": [4, 0.86784, 1.82874],
			"to": [12, 4.86784, 1.82874],
			"rotation": {"angle": 0, "axis": "x", "origin": [8, 2.36784, 1.82874]},
			"faces": {
				"north": {"uv": [7.5, 4.5, 9.5, 5.5], "texture": "#0"},
				"east": {"uv": [5.75, 11.75, 5.75, 12.75], "texture": "#0"},
				"south": {"uv": [9.5, 4.5, 7.5, 5.5], "texture": "#0"},
				"west": {"uv": [6, 11.75, 6, 12.75], "texture": "#0"},
				"up": {"uv": [13.75, 5, 11.75, 5], "texture": "#0"},
				"down": {"uv": [13.75, 5.25, 11.75, 5.25], "texture": "#0"}
			}
		},
		{
			"from": [-7.68959, -2.79837, 3.38619],
			"to": [14.31041, 17.20163, 3.38619],
			"rotation": {"angle": 0, "axis": "z", "origin": [3.31041, 7.20163, 3.38619]},
			"faces": {
				"north": {"uv": [3.75, 6.625, 11.375, 11.25], "texture": "#1"},
				"east": {"uv": [5.75, 11.75, 5.75, 12.75], "texture": "#1"},
				"south": {"uv": [11.375, 6.625, 3.75, 11.25], "texture": "#1"},
				"west": {"uv": [6, 11.75, 6, 12.75], "texture": "#1"},
				"up": {"uv": [13.75, 5, 11.75, 5], "texture": "#1"},
				"down": {"uv": [13.75, 5.25, 11.75, 5.25], "texture": "#1"}
			}
		},
		{
			"from": [1.68959, -2.79837, 3.41119],
			"to": [23.68959, 17.20163, 3.41119],
			"rotation": {"angle": 0, "axis": "z", "origin": [12.68959, 7.20163, 3.41119]},
			"faces": {
				"north": {"uv": [11.375, 6.625, 3.75, 11.25], "texture": "#1"},
				"east": {"uv": [6, 11.75, 6, 12.75], "texture": "#1"},
				"south": {"uv": [3.75, 6.625, 11.375, 11.25], "texture": "#1"},
				"west": {"uv": [5.75, 11.75, 5.75, 12.75], "texture": "#1"},
				"up": {"uv": [11.75, 5, 13.75, 5], "texture": "#1"},
				"down": {"uv": [11.75, 5.25, 13.75, 5.25], "texture": "#1"}
			}
		},
		{
			"from": [3, 2.25, 2.5],
			"to": [13, 6.25, 2.5],
			"rotation": {"angle": 0, "axis": "y", "origin": [8, 8.25, 7.5]},
			"faces": {
				"north": {"uv": [5.5, 2, 8, 3], "texture": "#0"},
				"east": {"uv": [2.75, 9.25, 2.75, 10.25], "texture": "#0"},
				"south": {"uv": [8, 2, 5.5, 3], "texture": "#0"},
				"west": {"uv": [11.5, 4.75, 11.5, 5.75], "texture": "#0"},
				"up": {"uv": [13.75, 10, 11.25, 10], "texture": "#0"},
				"down": {"uv": [14.25, 4.75, 11.75, 4.75], "texture": "#0"}
			}
		},
		{
			"from": [-2.94499, 6.25, 4.77655],
			"to": [3.05501, 9.25, 6.77655],
			"rotation": {"angle": 22.5, "axis": "y", "origin": [-2.69499, 8.75, 3.77655]},
			"faces": {
				"north": {"uv": [8.5, 1, 10, 1.75], "texture": "#0"},
				"east": {"uv": [4.5, 2, 5, 2.75], "texture": "#0"},
				"south": {"uv": [8, 9.25, 9.5, 10], "texture": "#0"},
				"west": {"uv": [4.25, 11.25, 4.75, 12], "texture": "#0"},
				"up": {"uv": [1.5, 11, 0, 10.5], "texture": "#0"},
				"down": {"uv": [5.5, 10.5, 4, 11], "texture": "#0"}
			}
		},
		{
			"from": [-0.43068, 11.88268, 2.525],
			"to": [4.56932, 14.88268, 4.525],
			"rotation": {"angle": -22.5, "axis": "z", "origin": [-0.43068, 14.38268, 4.025]},
			"faces": {
				"north": {"uv": [9.75, 6, 11, 6.75], "texture": "#0"},
				"east": {"uv": [5, 11.25, 5.5, 12], "texture": "#0"},
				"south": {"uv": [13.5, 6.5, 12.25, 7.25], "texture": "#0"},
				"west": {"uv": [11.25, 6, 11.75, 6.75], "texture": "#0"},
				"up": {"uv": [12.25, 3, 11, 2.5], "texture": "#0"},
				"down": {"uv": [12.25, 3.25, 11, 3.75], "texture": "#0"}
			}
		},
		{
			"from": [-7.43068, 11.88268, 2.525],
			"to": [1.56932, 18.88268, 2.525],
			"rotation": {"angle": -22.5, "axis": "z", "origin": [-0.43068, 14.38268, 2.025]},
			"faces": {
				"north": {"uv": [2.5, 5, 4.75, 6.75], "texture": "#0"},
				"east": {"uv": [6.25, 11.75, 6.25, 13.5], "texture": "#0"},
				"south": {"uv": [4.75, 5, 2.5, 6.75], "texture": "#0"},
				"west": {"uv": [6.5, 11.75, 6.5, 13.5], "texture": "#0"},
				"up": {"uv": [14, 5.5, 11.75, 5.5], "texture": "#0"},
				"down": {"uv": [14, 5.75, 11.75, 5.75], "texture": "#0"}
			}
		},
		{
			"from": [-9.94499, 6.25, 4.77655],
			"to": [-0.94499, 13.25, 4.77655],
			"rotation": {"angle": 22.5, "axis": "y", "origin": [-2.69499, 8.75, 3.77655]},
			"faces": {
				"north": {"uv": [4.5, 0, 6.75, 1.75], "texture": "#0"},
				"east": {"uv": [2.25, 11.25, 2.25, 13], "texture": "#0"},
				"south": {"uv": [6.75, 0, 4.5, 1.75], "texture": "#0"},
				"west": {"uv": [2.5, 11.25, 2.5, 13], "texture": "#0"},
				"up": {"uv": [13, 0.75, 10.75, 0.75], "texture": "#0"},
				"down": {"uv": [13.5, 9.75, 11.25, 9.75], "texture": "#0"}
			}
		},
		{
			"from": [11.43068, 11.88268, 2.525],
			"to": [16.43068, 14.88268, 4.525],
			"rotation": {"angle": 22.5, "axis": "z", "origin": [16.43068, 14.38268, 4.025]},
			"faces": {
				"north": {"uv": [11, 6, 9.75, 6.75], "texture": "#0"},
				"east": {"uv": [11.75, 6, 11.25, 6.75], "texture": "#0"},
				"south": {"uv": [12.25, 6.5, 13.5, 7.25], "texture": "#0"},
				"west": {"uv": [5.5, 11.25, 5, 12], "texture": "#0"},
				"up": {"uv": [11, 3, 12.25, 2.5], "texture": "#0"},
				"down": {"uv": [11, 3.25, 12.25, 3.75], "texture": "#0"}
			}
		},
		{
			"from": [14.43068, 11.88268, 2.525],
			"to": [23.43068, 18.88268, 2.525],
			"rotation": {"angle": 22.5, "axis": "z", "origin": [16.43068, 14.38268, 2.025]},
			"faces": {
				"north": {"uv": [4.75, 5, 2.5, 6.75], "texture": "#0"},
				"east": {"uv": [6.5, 11.75, 6.5, 13.5], "texture": "#0"},
				"south": {"uv": [2.5, 5, 4.75, 6.75], "texture": "#0"},
				"west": {"uv": [6.25, 11.75, 6.25, 13.5], "texture": "#0"},
				"up": {"uv": [11.75, 5.5, 14, 5.5], "texture": "#0"},
				"down": {"uv": [11.75, 5.75, 14, 5.75], "texture": "#0"}
			}
		},
		{
			"from": [12.94499, 6.25, 4.77655],
			"to": [18.94499, 9.25, 6.77655],
			"rotation": {"angle": -22.5, "axis": "y", "origin": [18.69499, 8.75, 3.77655]},
			"faces": {
				"north": {"uv": [10, 1, 8.5, 1.75], "texture": "#0"},
				"east": {"uv": [4.75, 11.25, 4.25, 12], "texture": "#0"},
				"south": {"uv": [9.5, 9.25, 8, 10], "texture": "#0"},
				"west": {"uv": [5, 2, 4.5, 2.75], "texture": "#0"},
				"up": {"uv": [0, 11, 1.5, 10.5], "texture": "#0"},
				"down": {"uv": [4, 10.5, 5.5, 11], "texture": "#0"}
			}
		},
		{
			"from": [16.94499, 6.25, 4.77655],
			"to": [25.94499, 13.25, 4.77655],
			"rotation": {"angle": -22.5, "axis": "y", "origin": [18.69499, 8.75, 3.77655]},
			"faces": {
				"north": {"uv": [6.75, 0, 4.5, 1.75], "texture": "#0"},
				"east": {"uv": [2.5, 11.25, 2.5, 13], "texture": "#0"},
				"south": {"uv": [4.5, 0, 6.75, 1.75], "texture": "#0"},
				"west": {"uv": [2.25, 11.25, 2.25, 13], "texture": "#0"},
				"up": {"uv": [10.75, 0.75, 13, 0.75], "texture": "#0"},
				"down": {"uv": [11.25, 9.75, 13.5, 9.75], "texture": "#0"}
			}
		}
	],
	"gui_light": "front",
	"display": {
		"thirdperson_righthand": {
			"translation": [0, 0, 3.75]
		},
		"thirdperson_lefthand": {
			"translation": [0, 0, 3.75]
		},
		"firstperson_righthand": {
			"translation": [4.5, -1, 0]
		},
		"firstperson_lefthand": {
			"translation": [4.5, -1, 0]
		},
		"ground": {
			"translation": [0, 2.5, 0]
		},
		"gui": {
			"rotation": [18, 148, 0],
			"translation": [0.75, -1, 0],
			"scale": [0.6, 0.6, 0.6]
		},
		"head": {
			"translation": [0, 0.75, -1],
			"scale": [1.65, 1.65, 1.65]
		},
		"fixed": {
			"translation": [0, -0.75, 0.75]
		}
	}
}