{
	"credit": "Made by samus2002",
	"texture_size": [64, 64],
	"textures": {
		"0": "cosmetics/hats/cosmetic_space_helmet",
		"particle": "samus_cosmetics_1_texture/cosmetic_space_helmet"
	},
	"elements": [
		{
			"from": [2, 2.25, 2],
			"to": [14, 5.25, 14],
			"rotation": {"angle": 0, "axis": "y", "origin": [8, 7.25, 8]},
			"faces": {
				"north": {"uv": [8.25, 6.75, 11.25, 7.5], "texture": "#0"},
				"east": {"uv": [8.25, 7.75, 11.25, 8.5], "texture": "#0"},
				"south": {"uv": [0, 8.75, 3, 9.5], "texture": "#0"},
				"west": {"uv": [8.75, 2, 11.75, 2.75], "texture": "#0"},
				"up": {"uv": [3, 3, 0, 0], "texture": "#0"},
				"down": {"uv": [3, 3.25, 0, 6.25], "texture": "#0"}
			}
		},
		{
			"from": [0, 4.25, 9],
			"to": [2, 9.25, 14],
			"rotation": {"angle": 22.5, "axis": "x", "origin": [1, 6.75, 11.5]},
			"faces": {
				"north": {"uv": [6, 9.25, 6.5, 10.5], "texture": "#0"},
				"east": {"uv": [9.5, 8.75, 8.25, 10], "texture": "#0"},
				"south": {"uv": [6.75, 9.25, 7.25, 10.5], "texture": "#0"},
				"west": {"uv": [8.25, 8.75, 9.5, 10], "texture": "#0"},
				"up": {"uv": [8, 10.5, 7.5, 9.25], "texture": "#0"},
				"down": {"uv": [0.5, 9.75, 0, 11], "texture": "#0"}
			}
		},
		{
			"from": [14, 4.25, 9],
			"to": [16, 9.25, 14],
			"rotation": {"angle": 22.5, "axis": "x", "origin": [15, 6.75, 11.5]},
			"faces": {
				"north": {"uv": [6.5, 9.25, 6, 10.5], "texture": "#0"},
				"east": {"uv": [9.5, 8.75, 8.25, 10], "texture": "#0"},
				"south": {"uv": [7.25, 9.25, 6.75, 10.5], "texture": "#0"},
				"west": {"uv": [8.25, 8.75, 9.5, 10], "texture": "#0"},
				"up": {"uv": [7.5, 10.5, 8, 9.25], "texture": "#0"},
				"down": {"uv": [0, 9.75, 0.5, 11], "texture": "#0"}
			}
		},
		{
			"from": [2, 5.25, 10],
			"to": [14, 13.25, 14],
			"rotation": {"angle": 0, "axis": "y", "origin": [8, 7.25, 8]},
			"faces": {
				"north": {"uv": [3.25, 0, 6.25, 2], "texture": "#0"},
				"east": {"uv": [8.75, 3, 9.75, 5], "texture": "#0"},
				"south": {"uv": [3.25, 2.25, 6.25, 4.25], "texture": "#0"},
				"west": {"uv": [3.25, 8.75, 4.25, 10.75], "texture": "#0"},
				"up": {"uv": [8, 7.75, 5, 6.75], "texture": "#0"},
				"down": {"uv": [8, 8, 5, 9], "texture": "#0"}
			}
		},
		{
			"from": [3, 5.25, 3],
			"to": [13, 12.25, 11],
			"rotation": {"angle": 0, "axis": "y", "origin": [8, 8.75, 7]},
			"faces": {
				"north": {"uv": [0, 6.5, 2.5, 8.25], "texture": "#0"},
				"east": {"uv": [6.5, 2, 8.5, 3.75], "texture": "#0"},
				"south": {"uv": [6.5, 0, 9, 1.75], "texture": "#0"},
				"west": {"uv": [2.75, 6.75, 4.75, 8.5], "texture": "#0"},
				"up": {"uv": [5.75, 6.5, 3.25, 4.5], "texture": "#0"},
				"down": {"uv": [8.5, 4.5, 6, 6.5], "texture": "#0"}
			}
		}
	],
	"gui_light": "front",
	"display": {
		"ground": {
			"translation": [0, 2.5, 0]
		},
		"gui": {
			"rotation": [18, 148, 0],
			"translation": [-0.75, -0.25, 0],
			"scale": [0.75, 0.75, 0.75]
		},
		"head": {
			"translation": [0, 0.75, 0],
			"scale": [1.65, 1.65, 1.65]
		},
		"fixed": {
			"translation": [0, 0.5, -5.5]
		}
	}
}