{
	"credit": "Made by samus2002",
	"texture_size": [64, 64],
	"textures": {
		"main": "cosmetics/hats/cosmetic_frog_a"
	},
	"elements": [
		{
			"from": [3.5, 13.05, 0],
			"to": [12.5, 17.05, 6],
			"rotation": {"angle": -22.5, "axis": "x", "origin": [8, 17.55, 8]},
			"faces": {
				"north": {"uv": [0, 2.5, 1.125, 3], "texture": "#main"},
				"east": {"uv": [3.125, 3.375, 3.875, 3.875], "texture": "#main"},
				"south": {"uv": [2.5, 0, 3.625, 0.5], "texture": "#main"},
				"west": {"uv": [3.5, 2.5, 4.25, 3], "texture": "#main"},
				"up": {"uv": [2.375, 0.75, 1.25, 0], "texture": "#main"},
				"down": {"uv": [2.375, 0.875, 1.25, 1.625], "texture": "#main"}
			}
		},
		{
			"from": [3.5, 17.05, 0],
			"to": [12.5, 19.05, 9],
			"rotation": {"angle": -22.5, "axis": "x", "origin": [8, 17.55, 8]},
			"faces": {
				"north": {"uv": [3.75, 0, 4.875, 0.25], "texture": "#main"},
				"east": {"uv": [3.75, 0.375, 4.875, 0.625], "texture": "#main"},
				"south": {"uv": [3.75, 0.75, 4.875, 1], "texture": "#main"},
				"west": {"uv": [1.875, 3.875, 3, 4.125], "texture": "#main"},
				"up": {"uv": [1.125, 1.125, 0, 0], "texture": "#main"},
				"down": {"uv": [1.125, 1.25, 0, 2.375], "texture": "#main"}
			}
		},
		{
			"from": [2.5, 17.05, 3],
			"to": [5.5, 21.05, 7],
			"rotation": {"angle": -22.5, "axis": "x", "origin": [8, 17.55, 8]},
			"faces": {
				"north": {"uv": [2.5, 4.25, 2.875, 4.75], "texture": "#main"},
				"east": {"uv": [0, 3.875, 0.5, 4.375], "texture": "#main"},
				"south": {"uv": [4.375, 2.5, 4.75, 3], "texture": "#main"},
				"west": {"uv": [0.625, 4, 1.125, 4.5], "texture": "#main"},
				"up": {"uv": [4.75, 4.25, 4.375, 3.75], "texture": "#main"},
				"down": {"uv": [4.75, 4.375, 4.375, 4.875], "texture": "#main"}
			}
		},
		{
			"from": [10.5, 17.05, 3],
			"to": [13.5, 21.05, 7],
			"rotation": {"angle": -22.5, "axis": "x", "origin": [8, 17.55, 8]},
			"faces": {
				"north": {"uv": [0.5, 4.625, 0.875, 5.125], "texture": "#main"},
				"east": {"uv": [1.25, 4, 1.75, 4.5], "texture": "#main"},
				"south": {"uv": [1, 4.625, 1.375, 5.125], "texture": "#main"},
				"west": {"uv": [3.125, 4, 3.625, 4.5], "texture": "#main"},
				"up": {"uv": [3.375, 5.125, 3, 4.625], "texture": "#main"},
				"down": {"uv": [5, 3.125, 4.625, 3.625], "texture": "#main"}
			}
		},
		{
			"from": [3.5, 13.05, 6],
			"to": [12.5, 17.05, 9],
			"rotation": {"angle": -22.5, "axis": "x", "origin": [8, 17.55, 8]},
			"faces": {
				"north": {"uv": [2.5, 0.625, 3.625, 1.125], "texture": "#main"},
				"east": {"uv": [0, 4.5, 0.375, 5], "texture": "#main"},
				"south": {"uv": [1.25, 2.625, 2.375, 3.125], "texture": "#main"},
				"west": {"uv": [4.5, 1.75, 4.875, 2.25], "texture": "#main"},
				"up": {"uv": [4.375, 2.375, 3.25, 2], "texture": "#main"},
				"down": {"uv": [3, 3.375, 1.875, 3.75], "texture": "#main"}
			}
		},
		{
			"from": [4.5, 12.04896, 7.99477],
			"to": [11.5, 17.04896, 13.99477],
			"rotation": {"angle": 22.5, "axis": "x", "origin": [8, 15.04896, 8.49477]},
			"faces": {
				"north": {"uv": [2.5, 2.625, 3.375, 3.25], "texture": "#main"},
				"east": {"uv": [1, 3.25, 1.75, 3.875], "texture": "#main"},
				"south": {"uv": [0, 3.125, 0.875, 3.75], "texture": "#main"},
				"west": {"uv": [3.25, 1.25, 4, 1.875], "texture": "#main"},
				"up": {"uv": [2.125, 2.5, 1.25, 1.75], "texture": "#main"},
				"down": {"uv": [3.125, 1.75, 2.25, 2.5], "texture": "#main"}
			}
		},
		{
			"from": [2.475, 10.04896, 5.99477],
			"to": [4.475, 13.04896, 9.99477],
			"rotation": {"angle": 22.5, "axis": "x", "origin": [8, 15.04896, 8.49477]},
			"faces": {
				"north": {"uv": [5.375, 1, 5.625, 1.375], "texture": "#main"},
				"east": {"uv": [2.5, 1.25, 3, 1.625], "texture": "#main"},
				"south": {"uv": [1.5, 5.375, 1.75, 5.75], "texture": "#main"},
				"west": {"uv": [3.5, 4.625, 4, 5], "texture": "#main"},
				"up": {"uv": [4.375, 5.5, 4.125, 5], "texture": "#main"},
				"down": {"uv": [4.75, 5, 4.5, 5.5], "texture": "#main"}
			}
		},
		{
			"from": [3.475, 7.04896, 5.99477],
			"to": [3.475, 10.04896, 9.99477],
			"rotation": {"angle": 22.5, "axis": "x", "origin": [8, 15.04896, 8.49477]},
			"faces": {
				"north": {"uv": [3.125, 1.25, 3.125, 1.625], "texture": "#main"},
				"east": {"uv": [2, 4.875, 1.5, 5.25], "texture": "#main"},
				"south": {"uv": [3.875, 5.125, 3.875, 5.5], "texture": "#main"},
				"west": {"uv": [1.5, 4.875, 2, 5.25], "texture": "#main"},
				"up": {"uv": [4, 5.625, 4, 5.125], "texture": "#main"},
				"down": {"uv": [2.625, 5.375, 2.625, 5.875], "texture": "#main"}
			}
		},
		{
			"from": [2.67179, 8.68846, 10.66269],
			"to": [4.67179, 12.68846, 14.66269],
			"rotation": {"angle": 22.5, "axis": "y", "origin": [4.67179, 8.93846, 11.66269]},
			"faces": {
				"north": {"uv": [3.5, 5.125, 3.75, 5.625], "texture": "#main"},
				"east": {"uv": [4, 3.125, 4.5, 3.625], "texture": "#main"},
				"south": {"uv": [0.375, 5.25, 0.625, 5.75], "texture": "#main"},
				"west": {"uv": [3.75, 4, 4.25, 4.5], "texture": "#main"},
				"up": {"uv": [1, 5.75, 0.75, 5.25], "texture": "#main"},
				"down": {"uv": [1.375, 5.25, 1.125, 5.75], "texture": "#main"}
			}
		},
		{
			"from": [3.67179, 5.68846, 10.66269],
			"to": [3.67179, 8.68846, 14.66269],
			"rotation": {"angle": 22.5, "axis": "y", "origin": [4.67179, 8.93846, 11.66269]},
			"faces": {
				"north": {"uv": [5.5, 4.375, 5.5, 4.75], "texture": "#main"},
				"east": {"uv": [5.5, 0, 5, 0.375], "texture": "#main"},
				"south": {"uv": [5.625, 0, 5.625, 0.375], "texture": "#main"},
				"west": {"uv": [5, 0, 5.5, 0.375], "texture": "#main"},
				"up": {"uv": [5.625, 2, 5.625, 1.5], "texture": "#main"},
				"down": {"uv": [5.625, 2.125, 5.625, 2.625], "texture": "#main"}
			}
		},
		{
			"from": [11.525, 10.04896, 5.99477],
			"to": [13.525, 13.04896, 9.99477],
			"rotation": {"angle": 22.5, "axis": "x", "origin": [8, 15.04896, 8.49477]},
			"faces": {
				"north": {"uv": [5.625, 1, 5.375, 1.375], "texture": "#main"},
				"east": {"uv": [4, 4.625, 3.5, 5], "texture": "#main"},
				"south": {"uv": [1.75, 5.375, 1.5, 5.75], "texture": "#main"},
				"west": {"uv": [3, 1.25, 2.5, 1.625], "texture": "#main"},
				"up": {"uv": [4.125, 5.5, 4.375, 5], "texture": "#main"},
				"down": {"uv": [4.5, 5, 4.75, 5.5], "texture": "#main"}
			}
		},
		{
			"from": [12.525, 7.04896, 5.99477],
			"to": [12.525, 10.04896, 9.99477],
			"rotation": {"angle": 22.5, "axis": "x", "origin": [8, 15.04896, 8.49477]},
			"faces": {
				"north": {"uv": [3.125, 1.25, 3.125, 1.625], "texture": "#main"},
				"east": {"uv": [2, 4.875, 1.5, 5.25], "texture": "#main"},
				"south": {"uv": [3.875, 5.125, 3.875, 5.5], "texture": "#main"},
				"west": {"uv": [1.5, 4.875, 2, 5.25], "texture": "#main"},
				"up": {"uv": [4, 5.625, 4, 5.125], "texture": "#main"},
				"down": {"uv": [2.625, 5.375, 2.625, 5.875], "texture": "#main"}
			}
		},
		{
			"from": [11.32821, 8.68846, 10.66269],
			"to": [13.32821, 12.68846, 14.66269],
			"rotation": {"angle": -22.5, "axis": "y", "origin": [11.32821, 8.93846, 11.66269]},
			"faces": {
				"north": {"uv": [3.75, 5.125, 3.5, 5.625], "texture": "#main"},
				"east": {"uv": [4.25, 4, 3.75, 4.5], "texture": "#main"},
				"south": {"uv": [0.625, 5.25, 0.375, 5.75], "texture": "#main"},
				"west": {"uv": [4.5, 3.125, 4, 3.625], "texture": "#main"},
				"up": {"uv": [0.75, 5.75, 1, 5.25], "texture": "#main"},
				"down": {"uv": [1.125, 5.25, 1.375, 5.75], "texture": "#main"}
			}
		},
		{
			"from": [12.32821, 5.68846, 10.66269],
			"to": [12.32821, 8.68846, 14.66269],
			"rotation": {"angle": -22.5, "axis": "y", "origin": [11.32821, 8.93846, 11.66269]},
			"faces": {
				"north": {"uv": [5.5, 4.375, 5.5, 4.75], "texture": "#main"},
				"east": {"uv": [5.5, 0, 5, 0.375], "texture": "#main"},
				"south": {"uv": [5.625, 0, 5.625, 0.375], "texture": "#main"},
				"west": {"uv": [5, 0, 5.5, 0.375], "texture": "#main"},
				"up": {"uv": [5.625, 2, 5.625, 1.5], "texture": "#main"},
				"down": {"uv": [5.625, 2.125, 5.625, 2.625], "texture": "#main"}
			}
		},
		{
			"from": [2.5, 12.05, -1],
			"to": [13.5, 17.05, 6],
			"rotation": {"angle": -22.5, "axis": "x", "origin": [8, 17.55, 8]},
			"faces": {
				"north": {"uv": [8, 2.5, 9.125, 3], "texture": "#main"},
				"east": {"uv": [11.125, 3.375, 11.875, 3.875], "texture": "#main"},
				"south": {"uv": [10.5, 0, 11.625, 0.5], "texture": "#main"},
				"west": {"uv": [11.5, 2.5, 12.25, 3], "texture": "#main"},
				"up": {"uv": [10.375, 0.75, 9.25, 0], "texture": "#main"},
				"down": {"uv": [10.375, 0.875, 9.25, 1.625], "texture": "#main"}
			}
		},
		{
			"from": [3.5, 17.05, 0],
			"to": [12.5, 19.05, 9],
			"rotation": {"angle": -22.5, "axis": "x", "origin": [8, 17.55, 8]},
			"faces": {
				"north": {"uv": [11.75, 0, 12.875, 0.25], "texture": "#main"},
				"east": {"uv": [11.75, 0.375, 12.875, 0.625], "texture": "#main"},
				"south": {"uv": [11.75, 0.75, 12.875, 1], "texture": "#main"},
				"west": {"uv": [9.875, 3.875, 11, 4.125], "texture": "#main"},
				"up": {"uv": [9.125, 1.125, 8, 0], "texture": "#main"},
				"down": {"uv": [9.125, 1.25, 8, 2.375], "texture": "#main"}
			}
		},
		{
			"from": [2.5, 17.05, 3],
			"to": [5.5, 21.05, 7],
			"rotation": {"angle": -22.5, "axis": "x", "origin": [8, 17.55, 8]},
			"faces": {
				"north": {"uv": [10.5, 4.25, 10.875, 4.75], "texture": "#main"},
				"east": {"uv": [8, 3.875, 8.5, 4.375], "texture": "#main"},
				"south": {"uv": [12.375, 2.5, 12.75, 3], "texture": "#main"},
				"west": {"uv": [8.625, 4, 9.125, 4.5], "texture": "#main"},
				"up": {"uv": [12.75, 4.25, 12.375, 3.75], "texture": "#main"},
				"down": {"uv": [12.75, 4.375, 12.375, 4.875], "texture": "#main"}
			}
		},
		{
			"from": [10.5, 17.05, 3],
			"to": [13.5, 21.05, 7],
			"rotation": {"angle": -22.5, "axis": "x", "origin": [8, 17.55, 8]},
			"faces": {
				"north": {"uv": [8.5, 4.625, 8.875, 5.125], "texture": "#main"},
				"east": {"uv": [9.25, 4, 9.75, 4.5], "texture": "#main"},
				"south": {"uv": [9, 4.625, 9.375, 5.125], "texture": "#main"},
				"west": {"uv": [11.125, 4, 11.625, 4.5], "texture": "#main"},
				"up": {"uv": [11.375, 5.125, 11, 4.625], "texture": "#main"},
				"down": {"uv": [13, 3.125, 12.625, 3.625], "texture": "#main"}
			}
		},
		{
			"from": [3.5, 13.05, 6],
			"to": [12.5, 17.05, 9],
			"rotation": {"angle": -22.5, "axis": "x", "origin": [8, 17.55, 8]},
			"faces": {
				"north": {"uv": [10.5, 0.625, 11.625, 1.125], "texture": "#main"},
				"east": {"uv": [8, 4.5, 8.375, 5], "texture": "#main"},
				"south": {"uv": [9.25, 2.625, 10.375, 3.125], "texture": "#main"},
				"west": {"uv": [12.5, 1.75, 12.875, 2.25], "texture": "#main"},
				"up": {"uv": [12.375, 2.375, 11.25, 2], "texture": "#main"},
				"down": {"uv": [11, 3.375, 9.875, 3.75], "texture": "#main"}
			}
		},
		{
			"from": [4.5, 12.04896, 7.99477],
			"to": [11.5, 17.04896, 13.99477],
			"rotation": {"angle": 22.5, "axis": "x", "origin": [8, 15.04896, 8.49477]},
			"faces": {
				"north": {"uv": [10.5, 2.625, 11.375, 3.25], "texture": "#main"},
				"east": {"uv": [9, 3.25, 9.75, 3.875], "texture": "#main"},
				"south": {"uv": [8, 3.125, 8.875, 3.75], "texture": "#main"},
				"west": {"uv": [11.25, 1.25, 12, 1.875], "texture": "#main"},
				"up": {"uv": [10.125, 2.5, 9.25, 1.75], "texture": "#main"},
				"down": {"uv": [11.125, 1.75, 10.25, 2.5], "texture": "#main"}
			}
		},
		{
			"from": [2.475, 10.04896, 5.99477],
			"to": [4.475, 13.04896, 9.99477],
			"rotation": {"angle": 22.5, "axis": "x", "origin": [8, 15.04896, 8.49477]},
			"faces": {
				"north": {"uv": [13.375, 1, 13.625, 1.375], "texture": "#main"},
				"east": {"uv": [10.5, 1.25, 11, 1.625], "texture": "#main"},
				"south": {"uv": [9.5, 5.375, 9.75, 5.75], "texture": "#main"},
				"west": {"uv": [11.5, 4.625, 12, 5], "texture": "#main"},
				"up": {"uv": [12.375, 5.5, 12.125, 5], "texture": "#main"},
				"down": {"uv": [12.75, 5, 12.5, 5.5], "texture": "#main"}
			}
		},
		{
			"from": [3.475, 7.04896, 5.99477],
			"to": [3.475, 10.04896, 9.99477],
			"rotation": {"angle": 22.5, "axis": "x", "origin": [8, 15.04896, 8.49477]},
			"faces": {
				"north": {"uv": [11.125, 1.25, 11.125, 1.625], "texture": "#main"},
				"east": {"uv": [10, 4.875, 9.5, 5.25], "texture": "#main"},
				"south": {"uv": [11.875, 5.125, 11.875, 5.5], "texture": "#main"},
				"west": {"uv": [9.5, 4.875, 10, 5.25], "texture": "#main"},
				"up": {"uv": [12, 5.625, 12, 5.125], "texture": "#main"},
				"down": {"uv": [10.625, 5.375, 10.625, 5.875], "texture": "#main"}
			}
		},
		{
			"from": [2.67179, 8.68846, 10.66269],
			"to": [4.67179, 12.68846, 14.66269],
			"rotation": {"angle": 22.5, "axis": "y", "origin": [4.67179, 8.93846, 11.66269]},
			"faces": {
				"north": {"uv": [11.5, 5.125, 11.75, 5.625], "texture": "#main"},
				"east": {"uv": [12, 3.125, 12.5, 3.625], "texture": "#main"},
				"south": {"uv": [8.375, 5.25, 8.625, 5.75], "texture": "#main"},
				"west": {"uv": [11.75, 4, 12.25, 4.5], "texture": "#main"},
				"up": {"uv": [9, 5.75, 8.75, 5.25], "texture": "#main"},
				"down": {"uv": [9.375, 5.25, 9.125, 5.75], "texture": "#main"}
			}
		},
		{
			"from": [3.67179, 5.68846, 10.66269],
			"to": [3.67179, 8.68846, 14.66269],
			"rotation": {"angle": 22.5, "axis": "y", "origin": [4.67179, 8.93846, 11.66269]},
			"faces": {
				"north": {"uv": [13.5, 4.375, 13.5, 4.75], "texture": "#main"},
				"east": {"uv": [13.5, 0, 13, 0.375], "texture": "#main"},
				"south": {"uv": [13.625, 0, 13.625, 0.375], "texture": "#main"},
				"west": {"uv": [13, 0, 13.5, 0.375], "texture": "#main"},
				"up": {"uv": [13.625, 2, 13.625, 1.5], "texture": "#main"},
				"down": {"uv": [13.625, 2.125, 13.625, 2.625], "texture": "#main"}
			}
		},
		{
			"from": [11.525, 10.04896, 5.99477],
			"to": [13.525, 13.04896, 9.99477],
			"rotation": {"angle": 22.5, "axis": "x", "origin": [8, 15.04896, 8.49477]},
			"faces": {
				"north": {"uv": [13.625, 1, 13.375, 1.375], "texture": "#main"},
				"east": {"uv": [12, 4.625, 11.5, 5], "texture": "#main"},
				"south": {"uv": [9.75, 5.375, 9.5, 5.75], "texture": "#main"},
				"west": {"uv": [11, 1.25, 10.5, 1.625], "texture": "#main"},
				"up": {"uv": [12.125, 5.5, 12.375, 5], "texture": "#main"},
				"down": {"uv": [12.5, 5, 12.75, 5.5], "texture": "#main"}
			}
		},
		{
			"from": [12.525, 7.04896, 5.99477],
			"to": [12.525, 10.04896, 9.99477],
			"rotation": {"angle": 22.5, "axis": "x", "origin": [8, 15.04896, 8.49477]},
			"faces": {
				"north": {"uv": [11.125, 1.25, 11.125, 1.625], "texture": "#main"},
				"east": {"uv": [10, 4.875, 9.5, 5.25], "texture": "#main"},
				"south": {"uv": [11.875, 5.125, 11.875, 5.5], "texture": "#main"},
				"west": {"uv": [9.5, 4.875, 10, 5.25], "texture": "#main"},
				"up": {"uv": [12, 5.625, 12, 5.125], "texture": "#main"},
				"down": {"uv": [10.625, 5.375, 10.625, 5.875], "texture": "#main"}
			}
		},
		{
			"from": [11.32821, 8.68846, 10.66269],
			"to": [13.32821, 12.68846, 14.66269],
			"rotation": {"angle": -22.5, "axis": "y", "origin": [11.32821, 8.93846, 11.66269]},
			"faces": {
				"north": {"uv": [11.75, 5.125, 11.5, 5.625], "texture": "#main"},
				"east": {"uv": [12.25, 4, 11.75, 4.5], "texture": "#main"},
				"south": {"uv": [8.625, 5.25, 8.375, 5.75], "texture": "#main"},
				"west": {"uv": [12.5, 3.125, 12, 3.625], "texture": "#main"},
				"up": {"uv": [8.75, 5.75, 9, 5.25], "texture": "#main"},
				"down": {"uv": [9.125, 5.25, 9.375, 5.75], "texture": "#main"}
			}
		},
		{
			"from": [12.32821, 5.68846, 10.66269],
			"to": [12.32821, 8.68846, 14.66269],
			"rotation": {"angle": -22.5, "axis": "y", "origin": [11.32821, 8.93846, 11.66269]},
			"faces": {
				"north": {"uv": [13.5, 4.375, 13.5, 4.75], "texture": "#main"},
				"east": {"uv": [13.5, 0, 13, 0.375], "texture": "#main"},
				"south": {"uv": [13.625, 0, 13.625, 0.375], "texture": "#main"},
				"west": {"uv": [13, 0, 13.5, 0.375], "texture": "#main"},
				"up": {"uv": [13.625, 2, 13.625, 1.5], "texture": "#main"},
				"down": {"uv": [13.625, 2.125, 13.625, 2.625], "texture": "#main"}
			}
		},
		{
			"from": [2.75, 12.3, -0.75],
			"to": [13.25, 17.05, 6],
			"rotation": {"angle": -22.5, "axis": "x", "origin": [8, 17.55, 8]},
			"faces": {
				"north": {"uv": [0, 10.5, 1.125, 11], "texture": "#main"},
				"east": {"uv": [3.125, 11.375, 3.875, 11.875], "texture": "#main"},
				"south": {"uv": [2.5, 8, 3.625, 8.5], "texture": "#main"},
				"west": {"uv": [3.5, 10.5, 4.25, 11], "texture": "#main"},
				"up": {"uv": [2.375, 8.75, 1.25, 8], "texture": "#main"},
				"down": {"uv": [2.375, 8.875, 1.25, 9.625], "texture": "#main"}
			}
		},
		{
			"from": [3.5, 17.05, 0],
			"to": [12.5, 19.05, 9],
			"rotation": {"angle": -22.5, "axis": "x", "origin": [8, 17.55, 8]},
			"faces": {
				"north": {"uv": [3.75, 8, 4.875, 8.25], "texture": "#main"},
				"east": {"uv": [3.75, 8.375, 4.875, 8.625], "texture": "#main"},
				"south": {"uv": [3.75, 8.75, 4.875, 9], "texture": "#main"},
				"west": {"uv": [1.875, 11.875, 3, 12.125], "texture": "#main"},
				"up": {"uv": [1.125, 9.125, 0, 8], "texture": "#main"},
				"down": {"uv": [1.125, 9.25, 0, 10.375], "texture": "#main"}
			}
		},
		{
			"from": [2.5, 17.05, 3],
			"to": [5.5, 21.05, 7],
			"rotation": {"angle": -22.5, "axis": "x", "origin": [8, 17.55, 8]},
			"faces": {
				"north": {"uv": [2.5, 12.25, 2.875, 12.75], "texture": "#main"},
				"east": {"uv": [0, 11.875, 0.5, 12.375], "texture": "#main"},
				"south": {"uv": [4.375, 10.5, 4.75, 11], "texture": "#main"},
				"west": {"uv": [0.625, 12, 1.125, 12.5], "texture": "#main"},
				"up": {"uv": [4.75, 12.25, 4.375, 11.75], "texture": "#main"},
				"down": {"uv": [4.75, 12.375, 4.375, 12.875], "texture": "#main"}
			}
		},
		{
			"from": [10.5, 17.05, 3],
			"to": [13.5, 21.05, 7],
			"rotation": {"angle": -22.5, "axis": "x", "origin": [8, 17.55, 8]},
			"faces": {
				"north": {"uv": [0.5, 12.625, 0.875, 13.125], "texture": "#main"},
				"east": {"uv": [1.25, 12, 1.75, 12.5], "texture": "#main"},
				"south": {"uv": [1, 12.625, 1.375, 13.125], "texture": "#main"},
				"west": {"uv": [3.125, 12, 3.625, 12.5], "texture": "#main"},
				"up": {"uv": [3.375, 13.125, 3, 12.625], "texture": "#main"},
				"down": {"uv": [5, 11.125, 4.625, 11.625], "texture": "#main"}
			}
		},
		{
			"from": [3.5, 13.05, 6],
			"to": [12.5, 17.05, 9],
			"rotation": {"angle": -22.5, "axis": "x", "origin": [8, 17.55, 8]},
			"faces": {
				"north": {"uv": [2.5, 8.625, 3.625, 9.125], "texture": "#main"},
				"east": {"uv": [0, 12.5, 0.375, 13], "texture": "#main"},
				"south": {"uv": [1.25, 10.625, 2.375, 11.125], "texture": "#main"},
				"west": {"uv": [4.5, 9.75, 4.875, 10.25], "texture": "#main"},
				"up": {"uv": [4.375, 10.375, 3.25, 10], "texture": "#main"},
				"down": {"uv": [3, 11.375, 1.875, 11.75], "texture": "#main"}
			}
		},
		{
			"from": [4.5, 12.04896, 7.99477],
			"to": [11.5, 17.04896, 13.99477],
			"rotation": {"angle": 22.5, "axis": "x", "origin": [8, 15.04896, 8.49477]},
			"faces": {
				"north": {"uv": [2.5, 10.625, 3.375, 11.25], "texture": "#main"},
				"east": {"uv": [1, 11.25, 1.75, 11.875], "texture": "#main"},
				"south": {"uv": [0, 11.125, 0.875, 11.75], "texture": "#main"},
				"west": {"uv": [3.25, 9.25, 4, 9.875], "texture": "#main"},
				"up": {"uv": [2.125, 10.5, 1.25, 9.75], "texture": "#main"},
				"down": {"uv": [3.125, 9.75, 2.25, 10.5], "texture": "#main"}
			}
		},
		{
			"from": [2.475, 10.04896, 5.99477],
			"to": [4.475, 13.04896, 9.99477],
			"rotation": {"angle": 22.5, "axis": "x", "origin": [8, 15.04896, 8.49477]},
			"faces": {
				"north": {"uv": [5.375, 9, 5.625, 9.375], "texture": "#main"},
				"east": {"uv": [2.5, 9.25, 3, 9.625], "texture": "#main"},
				"south": {"uv": [1.5, 13.375, 1.75, 13.75], "texture": "#main"},
				"west": {"uv": [3.5, 12.625, 4, 13], "texture": "#main"},
				"up": {"uv": [4.375, 13.5, 4.125, 13], "texture": "#main"},
				"down": {"uv": [4.75, 13, 4.5, 13.5], "texture": "#main"}
			}
		},
		{
			"from": [3.475, 7.04896, 5.99477],
			"to": [3.475, 10.04896, 9.99477],
			"rotation": {"angle": 22.5, "axis": "x", "origin": [8, 15.04896, 8.49477]},
			"faces": {
				"north": {"uv": [3.125, 9.25, 3.125, 9.625], "texture": "#main"},
				"east": {"uv": [2, 12.875, 1.5, 13.25], "texture": "#main"},
				"south": {"uv": [3.875, 13.125, 3.875, 13.5], "texture": "#main"},
				"west": {"uv": [1.5, 12.875, 2, 13.25], "texture": "#main"},
				"up": {"uv": [4, 13.625, 4, 13.125], "texture": "#main"},
				"down": {"uv": [2.625, 13.375, 2.625, 13.875], "texture": "#main"}
			}
		},
		{
			"from": [2.67179, 8.68846, 10.66269],
			"to": [4.67179, 12.68846, 14.66269],
			"rotation": {"angle": 22.5, "axis": "y", "origin": [4.67179, 8.93846, 11.66269]},
			"faces": {
				"north": {"uv": [3.5, 13.125, 3.75, 13.625], "texture": "#main"},
				"east": {"uv": [4, 11.125, 4.5, 11.625], "texture": "#main"},
				"south": {"uv": [0.375, 13.25, 0.625, 13.75], "texture": "#main"},
				"west": {"uv": [3.75, 12, 4.25, 12.5], "texture": "#main"},
				"up": {"uv": [1, 13.75, 0.75, 13.25], "texture": "#main"},
				"down": {"uv": [1.375, 13.25, 1.125, 13.75], "texture": "#main"}
			}
		},
		{
			"from": [3.67179, 5.68846, 10.66269],
			"to": [3.67179, 8.68846, 14.66269],
			"rotation": {"angle": 22.5, "axis": "y", "origin": [4.67179, 8.93846, 11.66269]},
			"faces": {
				"north": {"uv": [5.5, 12.375, 5.5, 12.75], "texture": "#main"},
				"east": {"uv": [5.5, 8, 5, 8.375], "texture": "#main"},
				"south": {"uv": [5.625, 8, 5.625, 8.375], "texture": "#main"},
				"west": {"uv": [5, 8, 5.5, 8.375], "texture": "#main"},
				"up": {"uv": [5.625, 10, 5.625, 9.5], "texture": "#main"},
				"down": {"uv": [5.625, 10.125, 5.625, 10.625], "texture": "#main"}
			}
		},
		{
			"from": [11.525, 10.04896, 5.99477],
			"to": [13.525, 13.04896, 9.99477],
			"rotation": {"angle": 22.5, "axis": "x", "origin": [8, 15.04896, 8.49477]},
			"faces": {
				"north": {"uv": [5.625, 9, 5.375, 9.375], "texture": "#main"},
				"east": {"uv": [4, 12.625, 3.5, 13], "texture": "#main"},
				"south": {"uv": [1.75, 13.375, 1.5, 13.75], "texture": "#main"},
				"west": {"uv": [3, 9.25, 2.5, 9.625], "texture": "#main"},
				"up": {"uv": [4.125, 13.5, 4.375, 13], "texture": "#main"},
				"down": {"uv": [4.5, 13, 4.75, 13.5], "texture": "#main"}
			}
		},
		{
			"from": [12.525, 7.04896, 5.99477],
			"to": [12.525, 10.04896, 9.99477],
			"rotation": {"angle": 22.5, "axis": "x", "origin": [8, 15.04896, 8.49477]},
			"faces": {
				"north": {"uv": [3.125, 9.25, 3.125, 9.625], "texture": "#main"},
				"east": {"uv": [2, 12.875, 1.5, 13.25], "texture": "#main"},
				"south": {"uv": [3.875, 13.125, 3.875, 13.5], "texture": "#main"},
				"west": {"uv": [1.5, 12.875, 2, 13.25], "texture": "#main"},
				"up": {"uv": [4, 13.625, 4, 13.125], "texture": "#main"},
				"down": {"uv": [2.625, 13.375, 2.625, 13.875], "texture": "#main"}
			}
		},
		{
			"from": [11.32821, 8.68846, 10.66269],
			"to": [13.32821, 12.68846, 14.66269],
			"rotation": {"angle": -22.5, "axis": "y", "origin": [11.32821, 8.93846, 11.66269]},
			"faces": {
				"north": {"uv": [3.75, 13.125, 3.5, 13.625], "texture": "#main"},
				"east": {"uv": [4.25, 12, 3.75, 12.5], "texture": "#main"},
				"south": {"uv": [0.625, 13.25, 0.375, 13.75], "texture": "#main"},
				"west": {"uv": [4.5, 11.125, 4, 11.625], "texture": "#main"},
				"up": {"uv": [0.75, 13.75, 1, 13.25], "texture": "#main"},
				"down": {"uv": [1.125, 13.25, 1.375, 13.75], "texture": "#main"}
			}
		},
		{
			"from": [12.32821, 5.68846, 10.66269],
			"to": [12.32821, 8.68846, 14.66269],
			"rotation": {"angle": -22.5, "axis": "y", "origin": [11.32821, 8.93846, 11.66269]},
			"faces": {
				"north": {"uv": [5.5, 12.375, 5.5, 12.75], "texture": "#main"},
				"east": {"uv": [5.5, 8, 5, 8.375], "texture": "#main"},
				"south": {"uv": [5.625, 8, 5.625, 8.375], "texture": "#main"},
				"west": {"uv": [5, 8, 5.5, 8.375], "texture": "#main"},
				"up": {"uv": [5.625, 10, 5.625, 9.5], "texture": "#main"},
				"down": {"uv": [5.625, 10.125, 5.625, 10.625], "texture": "#main"}
			}
		},
		{
			"from": [3.25, 12.8, -0.25],
			"to": [12.75, 17.05, 6],
			"rotation": {"angle": -22.5, "axis": "x", "origin": [8, 17.55, 8]},
			"faces": {
				"north": {"uv": [8, 10.5, 9.125, 11], "texture": "#main"},
				"east": {"uv": [11.125, 11.375, 11.875, 11.875], "texture": "#main"},
				"south": {"uv": [10.5, 8, 11.625, 8.5], "texture": "#main"},
				"west": {"uv": [11.5, 10.5, 12.25, 11], "texture": "#main"},
				"up": {"uv": [10.375, 8.75, 9.25, 8], "texture": "#main"},
				"down": {"uv": [10.375, 8.875, 9.25, 9.625], "texture": "#main"}
			}
		},
		{
			"from": [3.5, 17.05, 0],
			"to": [12.5, 19.05, 9],
			"rotation": {"angle": -22.5, "axis": "x", "origin": [8, 17.55, 8]},
			"faces": {
				"north": {"uv": [11.75, 8, 12.875, 8.25], "texture": "#main"},
				"east": {"uv": [11.75, 8.375, 12.875, 8.625], "texture": "#main"},
				"south": {"uv": [11.75, 8.75, 12.875, 9], "texture": "#main"},
				"west": {"uv": [9.875, 11.875, 11, 12.125], "texture": "#main"},
				"up": {"uv": [9.125, 9.125, 8, 8], "texture": "#main"},
				"down": {"uv": [9.125, 9.25, 8, 10.375], "texture": "#main"}
			}
		},
		{
			"from": [2.5, 17.05, 3],
			"to": [5.5, 21.05, 7],
			"rotation": {"angle": -22.5, "axis": "x", "origin": [8, 17.55, 8]},
			"faces": {
				"north": {"uv": [10.5, 12.25, 10.875, 12.75], "texture": "#main"},
				"east": {"uv": [8, 11.875, 8.5, 12.375], "texture": "#main"},
				"south": {"uv": [12.375, 10.5, 12.75, 11], "texture": "#main"},
				"west": {"uv": [8.625, 12, 9.125, 12.5], "texture": "#main"},
				"up": {"uv": [12.75, 12.25, 12.375, 11.75], "texture": "#main"},
				"down": {"uv": [12.75, 12.375, 12.375, 12.875], "texture": "#main"}
			}
		},
		{
			"from": [10.5, 17.05, 3],
			"to": [13.5, 21.05, 7],
			"rotation": {"angle": -22.5, "axis": "x", "origin": [8, 17.55, 8]},
			"faces": {
				"north": {"uv": [8.5, 12.625, 8.875, 13.125], "texture": "#main"},
				"east": {"uv": [9.25, 12, 9.75, 12.5], "texture": "#main"},
				"south": {"uv": [9, 12.625, 9.375, 13.125], "texture": "#main"},
				"west": {"uv": [11.125, 12, 11.625, 12.5], "texture": "#main"},
				"up": {"uv": [11.375, 13.125, 11, 12.625], "texture": "#main"},
				"down": {"uv": [13, 11.125, 12.625, 11.625], "texture": "#main"}
			}
		},
		{
			"from": [3.5, 13.05, 6],
			"to": [12.5, 17.05, 9],
			"rotation": {"angle": -22.5, "axis": "x", "origin": [8, 17.55, 8]},
			"faces": {
				"north": {"uv": [10.5, 8.625, 11.625, 9.125], "texture": "#main"},
				"east": {"uv": [8, 12.5, 8.375, 13], "texture": "#main"},
				"south": {"uv": [9.25, 10.625, 10.375, 11.125], "texture": "#main"},
				"west": {"uv": [12.5, 9.75, 12.875, 10.25], "texture": "#main"},
				"up": {"uv": [12.375, 10.375, 11.25, 10], "texture": "#main"},
				"down": {"uv": [11, 11.375, 9.875, 11.75], "texture": "#main"}
			}
		},
		{
			"from": [4.5, 12.04896, 7.99477],
			"to": [11.5, 17.04896, 13.99477],
			"rotation": {"angle": 22.5, "axis": "x", "origin": [8, 15.04896, 8.49477]},
			"faces": {
				"north": {"uv": [10.5, 10.625, 11.375, 11.25], "texture": "#main"},
				"east": {"uv": [9, 11.25, 9.75, 11.875], "texture": "#main"},
				"south": {"uv": [8, 11.125, 8.875, 11.75], "texture": "#main"},
				"west": {"uv": [11.25, 9.25, 12, 9.875], "texture": "#main"},
				"up": {"uv": [10.125, 10.5, 9.25, 9.75], "texture": "#main"},
				"down": {"uv": [11.125, 9.75, 10.25, 10.5], "texture": "#main"}
			}
		},
		{
			"from": [2.475, 10.04896, 5.99477],
			"to": [4.475, 13.04896, 9.99477],
			"rotation": {"angle": 22.5, "axis": "x", "origin": [8, 15.04896, 8.49477]},
			"faces": {
				"north": {"uv": [13.375, 9, 13.625, 9.375], "texture": "#main"},
				"east": {"uv": [10.5, 9.25, 11, 9.625], "texture": "#main"},
				"south": {"uv": [9.5, 13.375, 9.75, 13.75], "texture": "#main"},
				"west": {"uv": [11.5, 12.625, 12, 13], "texture": "#main"},
				"up": {"uv": [12.375, 13.5, 12.125, 13], "texture": "#main"},
				"down": {"uv": [12.75, 13, 12.5, 13.5], "texture": "#main"}
			}
		},
		{
			"from": [3.475, 7.04896, 5.99477],
			"to": [3.475, 10.04896, 9.99477],
			"rotation": {"angle": 22.5, "axis": "x", "origin": [8, 15.04896, 8.49477]},
			"faces": {
				"north": {"uv": [11.125, 9.25, 11.125, 9.625], "texture": "#main"},
				"east": {"uv": [10, 12.875, 9.5, 13.25], "texture": "#main"},
				"south": {"uv": [11.875, 13.125, 11.875, 13.5], "texture": "#main"},
				"west": {"uv": [9.5, 12.875, 10, 13.25], "texture": "#main"},
				"up": {"uv": [12, 13.625, 12, 13.125], "texture": "#main"},
				"down": {"uv": [10.625, 13.375, 10.625, 13.875], "texture": "#main"}
			}
		},
		{
			"from": [2.67179, 8.68846, 10.66269],
			"to": [4.67179, 12.68846, 14.66269],
			"rotation": {"angle": 22.5, "axis": "y", "origin": [4.67179, 8.93846, 11.66269]},
			"faces": {
				"north": {"uv": [11.5, 13.125, 11.75, 13.625], "texture": "#main"},
				"east": {"uv": [12, 11.125, 12.5, 11.625], "texture": "#main"},
				"south": {"uv": [8.375, 13.25, 8.625, 13.75], "texture": "#main"},
				"west": {"uv": [11.75, 12, 12.25, 12.5], "texture": "#main"},
				"up": {"uv": [9, 13.75, 8.75, 13.25], "texture": "#main"},
				"down": {"uv": [9.375, 13.25, 9.125, 13.75], "texture": "#main"}
			}
		},
		{
			"from": [3.67179, 5.68846, 10.66269],
			"to": [3.67179, 8.68846, 14.66269],
			"rotation": {"angle": 22.5, "axis": "y", "origin": [4.67179, 8.93846, 11.66269]},
			"faces": {
				"north": {"uv": [13.5, 12.375, 13.5, 12.75], "texture": "#main"},
				"east": {"uv": [13.5, 8, 13, 8.375], "texture": "#main"},
				"south": {"uv": [13.625, 8, 13.625, 8.375], "texture": "#main"},
				"west": {"uv": [13, 8, 13.5, 8.375], "texture": "#main"},
				"up": {"uv": [13.625, 10, 13.625, 9.5], "texture": "#main"},
				"down": {"uv": [13.625, 10.125, 13.625, 10.625], "texture": "#main"}
			}
		},
		{
			"from": [11.525, 10.04896, 5.99477],
			"to": [13.525, 13.04896, 9.99477],
			"rotation": {"angle": 22.5, "axis": "x", "origin": [8, 15.04896, 8.49477]},
			"faces": {
				"north": {"uv": [13.625, 9, 13.375, 9.375], "texture": "#main"},
				"east": {"uv": [12, 12.625, 11.5, 13], "texture": "#main"},
				"south": {"uv": [9.75, 13.375, 9.5, 13.75], "texture": "#main"},
				"west": {"uv": [11, 9.25, 10.5, 9.625], "texture": "#main"},
				"up": {"uv": [12.125, 13.5, 12.375, 13], "texture": "#main"},
				"down": {"uv": [12.5, 13, 12.75, 13.5], "texture": "#main"}
			}
		},
		{
			"from": [12.525, 7.04896, 5.99477],
			"to": [12.525, 10.04896, 9.99477],
			"rotation": {"angle": 22.5, "axis": "x", "origin": [8, 15.04896, 8.49477]},
			"faces": {
				"north": {"uv": [11.125, 9.25, 11.125, 9.625], "texture": "#main"},
				"east": {"uv": [10, 12.875, 9.5, 13.25], "texture": "#main"},
				"south": {"uv": [11.875, 13.125, 11.875, 13.5], "texture": "#main"},
				"west": {"uv": [9.5, 12.875, 10, 13.25], "texture": "#main"},
				"up": {"uv": [12, 13.625, 12, 13.125], "texture": "#main"},
				"down": {"uv": [10.625, 13.375, 10.625, 13.875], "texture": "#main"}
			}
		},
		{
			"from": [11.32821, 8.68846, 10.66269],
			"to": [13.32821, 12.68846, 14.66269],
			"rotation": {"angle": -22.5, "axis": "y", "origin": [11.32821, 8.93846, 11.66269]},
			"faces": {
				"north": {"uv": [11.75, 13.125, 11.5, 13.625], "texture": "#main"},
				"east": {"uv": [12.25, 12, 11.75, 12.5], "texture": "#main"},
				"south": {"uv": [8.625, 13.25, 8.375, 13.75], "texture": "#main"},
				"west": {"uv": [12.5, 11.125, 12, 11.625], "texture": "#main"},
				"up": {"uv": [8.75, 13.75, 9, 13.25], "texture": "#main"},
				"down": {"uv": [9.125, 13.25, 9.375, 13.75], "texture": "#main"}
			}
		},
		{
			"from": [12.32821, 5.68846, 10.66269],
			"to": [12.32821, 8.68846, 14.66269],
			"rotation": {"angle": -22.5, "axis": "y", "origin": [11.32821, 8.93846, 11.66269]},
			"faces": {
				"north": {"uv": [13.5, 12.375, 13.5, 12.75], "texture": "#main"},
				"east": {"uv": [13.5, 8, 13, 8.375], "texture": "#main"},
				"south": {"uv": [13.625, 8, 13.625, 8.375], "texture": "#main"},
				"west": {"uv": [13, 8, 13.5, 8.375], "texture": "#main"},
				"up": {"uv": [13.625, 10, 13.625, 9.5], "texture": "#main"},
				"down": {"uv": [13.625, 10.125, 13.625, 10.625], "texture": "#main"}
			}
		}
	],
	"gui_light": "front",
	"display": {
		"thirdperson_righthand": {
			"translation": [0, -4.25, 0]
		},
		"thirdperson_lefthand": {
			"translation": [0, -4.25, 0]
		},
		"firstperson_righthand": {
			"translation": [0, -4.25, 0]
		},
		"firstperson_lefthand": {
			"translation": [0, -4.25, 0]
		},
		"ground": {
			"translation": [0, 2.5, 0]
		},
		"gui": {
			"rotation": [18, 148, 0],
			"translation": [0.25, -4.5, 0],
			"scale": [0.8, 0.8, 0.8]
		},
		"head": {
			"translation": [0, 0.75, -0.75],
			"scale": [1.65, 1.65, 1.65]
		},
		"fixed": {
			"translation": [0, -5.5, -3.25]
		}
	}
}