{
	"credit": "Made by samus2002",
	"texture_size": [64, 64],
	"textures": {
		"0": "item/cosmetic/cosmetic_glacial_crown",
		"particle": "samus_cosmetics_1_texture/cosmetic_glacial_crown"
	},
	"elements": [
		{
			"from": [3, 8.25, 3],
			"to": [13, 13.25, 3],
			"rotation": {"angle": 0, "axis": "y", "origin": [8, 7.25, 9]},
			"faces": {
				"north": {"uv": [0, 0, 2.5, 1.25], "texture": "#0"},
				"east": {"uv": [6.75, 4, 6.75, 5.25], "texture": "#0"},
				"south": {"uv": [2.5, 0, 0, 1.25], "texture": "#0"},
				"west": {"uv": [7, 4, 7, 5.25], "texture": "#0"},
				"up": {"uv": [10.5, 3, 8, 3], "texture": "#0"},
				"down": {"uv": [10.5, 3.25, 8, 3.25], "texture": "#0"}
			}
		},
		{
			"from": [3, 8.25, 3],
			"to": [3, 13.25, 13],
			"rotation": {"angle": 0, "axis": "y", "origin": [8, 7.25, 9]},
			"faces": {
				"north": {"uv": [5.25, 8, 5.25, 9.25], "texture": "#0"},
				"east": {"uv": [5.25, 1.5, 2.75, 2.75], "texture": "#0"},
				"south": {"uv": [3, 8.25, 3, 9.5], "texture": "#0"},
				"west": {"uv": [2.75, 1.5, 5.25, 2.75], "texture": "#0"},
				"up": {"uv": [3.25, 10.75, 3.25, 8.25], "texture": "#0"},
				"down": {"uv": [3.5, 8.25, 3.5, 10.75], "texture": "#0"}
			}
		},
		{
			"from": [3, 6.25, 13],
			"to": [7, 11.25, 13],
			"rotation": {"angle": 0, "axis": "y", "origin": [8, 7.25, 9]},
			"faces": {
				"north": {"uv": [8.25, 6, 7.25, 7.25], "texture": "#0"},
				"east": {"uv": [3.75, 8.25, 3.75, 9.5], "texture": "#0"},
				"south": {"uv": [7.25, 6, 8.25, 7.25], "texture": "#0"},
				"west": {"uv": [4, 8.25, 4, 9.5], "texture": "#0"},
				"up": {"uv": [9, 8.25, 8, 8.25], "texture": "#0"},
				"down": {"uv": [2.75, 8.5, 1.75, 8.5], "texture": "#0"}
			}
		},
		{
			"from": [3, 11.06008, 13.95678],
			"to": [7, 16.06008, 13.95678],
			"rotation": {"angle": 22.5, "axis": "x", "origin": [5, 13.56008, 13.95678]},
			"faces": {
				"north": {"uv": [9, 1.5, 8, 2.75], "texture": "#0"},
				"east": {"uv": [8.75, 8.5, 8.75, 9.75], "texture": "#0"},
				"south": {"uv": [8, 1.5, 9, 2.75], "texture": "#0"},
				"west": {"uv": [9, 4, 9, 5.25], "texture": "#0"},
				"up": {"uv": [9.75, 6, 8.75, 6], "texture": "#0"},
				"down": {"uv": [9.75, 6.25, 8.75, 6.25], "texture": "#0"}
			}
		},
		{
			"from": [5.5, 10.98358, 4.56439],
			"to": [10.5, 20.98358, 4.56439],
			"rotation": {"angle": 22.5, "axis": "x", "origin": [7.5, 14.48358, 4.33939]},
			"faces": {
				"north": {"uv": [5.5, 0, 6.75, 2.5], "texture": "#0"},
				"east": {"uv": [1.25, 7.75, 1.25, 10.25], "texture": "#0"},
				"south": {"uv": [6.75, 0, 5.5, 2.5], "texture": "#0"},
				"west": {"uv": [1.5, 7.75, 1.5, 10.25], "texture": "#0"},
				"up": {"uv": [9, 3.5, 8, 3.5], "texture": "#0"},
				"down": {"uv": [9, 3.75, 8, 3.75], "texture": "#0"}
			}
		},
		{
			"from": [3, 10.98358, 4.58939],
			"to": [6, 17.98358, 4.58939],
			"rotation": {"angle": 22.5, "axis": "x", "origin": [8, 14.48358, 4.33939]},
			"faces": {
				"north": {"uv": [4.25, 6, 5, 7.75], "texture": "#0"},
				"east": {"uv": [4.25, 8, 4.25, 9.75], "texture": "#0"},
				"south": {"uv": [5, 6, 4.25, 7.75], "texture": "#0"},
				"west": {"uv": [4.5, 8, 4.5, 9.75], "texture": "#0"},
				"up": {"uv": [9, 7.5, 8, 7.5], "texture": "#0"},
				"down": {"uv": [9, 7.75, 8, 7.75], "texture": "#0"}
			}
		},
		{
			"from": [10, 10.98358, 4.58939],
			"to": [13, 17.98358, 4.58939],
			"rotation": {"angle": 22.5, "axis": "x", "origin": [8, 14.48358, 4.33939]},
			"faces": {
				"north": {"uv": [5, 6, 4.25, 7.75], "texture": "#0"},
				"east": {"uv": [4.5, 8, 4.5, 9.75], "texture": "#0"},
				"south": {"uv": [4.25, 6, 5, 7.75], "texture": "#0"},
				"west": {"uv": [4.25, 8, 4.25, 9.75], "texture": "#0"},
				"up": {"uv": [8, 7.5, 9, 7.5], "texture": "#0"},
				"down": {"uv": [8, 7.75, 9, 7.75], "texture": "#0"}
			}
		},
		{
			"from": [3.25, 10.25627, 4.24581],
			"to": [3.25, 18.25627, 8.24581],
			"rotation": {"angle": 22.5, "axis": "x", "origin": [3, 13.25627, 5.99581]},
			"faces": {
				"north": {"uv": [2, 8.75, 2, 10.75], "texture": "#0"},
				"east": {"uv": [4, 6, 3, 8], "texture": "#0"},
				"south": {"uv": [2.25, 8.75, 2.25, 10.75], "texture": "#0"},
				"west": {"uv": [3, 6, 4, 8], "texture": "#0"},
				"up": {"uv": [2.5, 9.75, 2.5, 8.75], "texture": "#0"},
				"down": {"uv": [2.75, 8.75, 2.75, 9.75], "texture": "#0"}
			}
		},
		{
			"from": [3.25, 11.25627, 7.24581],
			"to": [3.25, 17.25627, 13.24581],
			"rotation": {"angle": 22.5, "axis": "x", "origin": [3, 13.25627, 5.99581]},
			"faces": {
				"north": {"uv": [5.75, 8.75, 5.75, 10.25], "texture": "#0"},
				"east": {"uv": [1.5, 6, 0, 7.5], "texture": "#0"},
				"south": {"uv": [6, 8.75, 6, 10.25], "texture": "#0"},
				"west": {"uv": [0, 6, 1.5, 7.5], "texture": "#0"},
				"up": {"uv": [6.25, 10.25, 6.25, 8.75], "texture": "#0"},
				"down": {"uv": [6.5, 8.75, 6.5, 10.25], "texture": "#0"}
			}
		},
		{
			"from": [12.75, 10.25627, 4.24581],
			"to": [12.75, 18.25627, 8.24581],
			"rotation": {"angle": 22.5, "axis": "x", "origin": [13, 13.25627, 5.99581]},
			"faces": {
				"north": {"uv": [2, 8.75, 2, 10.75], "texture": "#0"},
				"east": {"uv": [4, 6, 3, 8], "texture": "#0"},
				"south": {"uv": [2.25, 8.75, 2.25, 10.75], "texture": "#0"},
				"west": {"uv": [3, 6, 4, 8], "texture": "#0"},
				"up": {"uv": [2.5, 9.75, 2.5, 8.75], "texture": "#0"},
				"down": {"uv": [2.75, 8.75, 2.75, 9.75], "texture": "#0"}
			}
		},
		{
			"from": [12.75, 11.25627, 7.24581],
			"to": [12.75, 17.25627, 13.24581],
			"rotation": {"angle": 22.5, "axis": "x", "origin": [13, 13.25627, 5.99581]},
			"faces": {
				"north": {"uv": [5.75, 8.75, 5.75, 10.25], "texture": "#0"},
				"east": {"uv": [1.5, 6, 0, 7.5], "texture": "#0"},
				"south": {"uv": [6, 8.75, 6, 10.25], "texture": "#0"},
				"west": {"uv": [0, 6, 1.5, 7.5], "texture": "#0"},
				"up": {"uv": [6.25, 10.25, 6.25, 8.75], "texture": "#0"},
				"down": {"uv": [6.5, 8.75, 6.5, 10.25], "texture": "#0"}
			}
		},
		{
			"from": [13, 8.25, 3],
			"to": [13, 13.25, 13],
			"rotation": {"angle": 0, "axis": "y", "origin": [8, 7.25, 9]},
			"faces": {
				"north": {"uv": [5.25, 8, 5.25, 9.25], "texture": "#0"},
				"east": {"uv": [5.25, 1.5, 2.75, 2.75], "texture": "#0"},
				"south": {"uv": [3, 8.25, 3, 9.5], "texture": "#0"},
				"west": {"uv": [2.75, 1.5, 5.25, 2.75], "texture": "#0"},
				"up": {"uv": [3.25, 10.75, 3.25, 8.25], "texture": "#0"},
				"down": {"uv": [3.5, 8.25, 3.5, 10.75], "texture": "#0"}
			}
		},
		{
			"from": [9, 11.06008, 13.95678],
			"to": [13, 16.06008, 13.95678],
			"rotation": {"angle": 22.5, "axis": "x", "origin": [11, 13.56008, 13.95678]},
			"faces": {
				"north": {"uv": [8, 1.5, 9, 2.75], "texture": "#0"},
				"east": {"uv": [9, 4, 9, 5.25], "texture": "#0"},
				"south": {"uv": [9, 1.5, 8, 2.75], "texture": "#0"},
				"west": {"uv": [8.75, 8.5, 8.75, 9.75], "texture": "#0"},
				"up": {"uv": [8.75, 6, 9.75, 6], "texture": "#0"},
				"down": {"uv": [8.75, 6.25, 9.75, 6.25], "texture": "#0"}
			}
		},
		{
			"from": [9, 6.25, 13],
			"to": [13, 11.25, 13],
			"rotation": {"angle": 0, "axis": "y", "origin": [8, 7.25, 9]},
			"faces": {
				"north": {"uv": [7.25, 6, 8.25, 7.25], "texture": "#0"},
				"east": {"uv": [4, 8.25, 4, 9.5], "texture": "#0"},
				"south": {"uv": [8.25, 6, 7.25, 7.25], "texture": "#0"},
				"west": {"uv": [3.75, 8.25, 3.75, 9.5], "texture": "#0"},
				"up": {"uv": [8, 8.25, 9, 8.25], "texture": "#0"},
				"down": {"uv": [1.75, 8.5, 2.75, 8.5], "texture": "#0"}
			}
		}
	],
	"gui_light": "front",
	"display": {
		"thirdperson_righthand": {
			"translation": [0, -3.25, 0]
		},
		"thirdperson_lefthand": {
			"translation": [0, -3.25, 0]
		},
		"ground": {
			"translation": [0, 2.5, 0]
		},
		"gui": {
			"rotation": [18, 148, 0],
			"translation": [0, -4.5, 0],
			"scale": [0.9, 0.9, 0.9]
		},
		"head": {
			"translation": [0, -0.5, 0],
			"scale": [1.65, 1.65, 1.65]
		},
		"fixed": {
			"translation": [0, -5.25, -2.25]
		}
	}
}