{
	"credit": "Made by samus2002",
	"texture_size": [64, 64],
	"textures": {
		"0": "cosmetics/hats/cosmetic_phoenix_helm_texture",
		"1": "cosmetics/hats/phoenix_flame_vfx",
		"particle": "samus_cosmetics_1_texture/cosmetic_phoenix_helm_texture"
	},
	"elements": [
		{
			"from": [2.9875, 10.25, 3],
			"to": [13.0125, 13.25, 9],
			"rotation": {"angle": -22.5, "axis": "x", "origin": [7.9875, 10.25, 8]},
			"faces": {
				"north": {"uv": [8.25, 5, 10.75, 5.75], "texture": "#0"},
				"east": {"uv": [0, 11, 1.5, 11.75], "texture": "#0"},
				"south": {"uv": [8.25, 6, 10.75, 6.75], "texture": "#0"},
				"west": {"uv": [11, 0, 12.5, 0.75], "texture": "#0"},
				"up": {"uv": [8, 5.5, 5.5, 4], "texture": "#0"},
				"down": {"uv": [8, 5.75, 5.5, 7.25], "texture": "#0"}
			}
		},
		{
			"from": [2.975, 6.87045, 2.57822],
			"to": [2.975, 10.87045, 9.57822],
			"rotation": {"angle": 0, "axis": "x", "origin": [8, 10.87045, 5.57822]},
			"faces": {
				"north": {"uv": [11.75, 11.5, 11.75, 12.5], "texture": "#0"},
				"east": {"uv": [6.75, 9, 5, 10], "texture": "#0"},
				"south": {"uv": [0, 12, 0, 13], "texture": "#0"},
				"west": {"uv": [5, 9, 6.75, 10], "texture": "#0"},
				"up": {"uv": [0.25, 13.75, 0.25, 12], "texture": "#0"},
				"down": {"uv": [0.5, 12, 0.5, 13.75], "texture": "#0"}
			}
		},
		{
			"from": [2.975, 6.87045, 2.57822],
			"to": [13.025, 10.87045, 2.57822],
			"rotation": {"angle": 0, "axis": "x", "origin": [7.975, 10.87045, 5.57822]},
			"faces": {
				"north": {"uv": [8.25, 2.5, 10.75, 3.5], "texture": "#0"},
				"east": {"uv": [0.75, 12, 0.75, 13], "texture": "#0"},
				"south": {"uv": [10.75, 2.5, 8.25, 3.5], "texture": "#0"},
				"west": {"uv": [1, 12, 1, 13], "texture": "#0"},
				"up": {"uv": [14.5, 4, 12, 4], "texture": "#0"},
				"down": {"uv": [14.5, 4.25, 12, 4.25], "texture": "#0"}
			}
		},
		{
			"from": [7.4875, 13.95179, 3.47346],
			"to": [8.5125, 15.95179, 6.47346],
			"rotation": {"angle": -22.5, "axis": "x", "origin": [7.4875, 14.95179, 3.47346]},
			"faces": {
				"north": {"uv": [11.25, 8, 11.5, 8.5], "texture": "#0"},
				"east": {"uv": [3.5, 11, 4.25, 11.5], "texture": "#0"},
				"south": {"uv": [8.5, 11.25, 8.75, 11.75], "texture": "#0"},
				"west": {"uv": [11, 4, 11.75, 4.5], "texture": "#0"},
				"up": {"uv": [5.25, 6.75, 5, 6], "texture": "#0"},
				"down": {"uv": [11.25, 9, 11, 9.75], "texture": "#0"}
			}
		},
		{
			"from": [7.475, 15.20179, 3.94846],
			"to": [7.475, 15.47679, 5.04846],
			"rotation": {"angle": -22.5, "axis": "x", "origin": [7.5, 14.95179, 3.47346]},
			"faces": {
				"north": {"uv": [11.25, 8, 11.5, 8.5], "texture": "#0"},
				"east": {"uv": [3.5, 11, 4.25, 11.5], "texture": "#0"},
				"south": {"uv": [8.5, 11.25, 8.75, 11.75], "texture": "#0"},
				"west": {"uv": [12, 5, 12.75, 5.5], "texture": "#0"},
				"up": {"uv": [5.25, 6.75, 5, 6], "texture": "#0"},
				"down": {"uv": [11.25, 9, 11, 9.75], "texture": "#0"}
			}
		},
		{
			"from": [8.525, 15.20179, 3.94846],
			"to": [8.525, 15.47679, 5.04846],
			"rotation": {"angle": -22.5, "axis": "x", "origin": [8.5, 14.95179, 3.47346]},
			"faces": {
				"north": {"uv": [11.5, 8, 11.25, 8.5], "texture": "#0"},
				"east": {"uv": [12.75, 5, 12, 5.5], "texture": "#0"},
				"south": {"uv": [8.75, 11.25, 8.5, 11.75], "texture": "#0"},
				"west": {"uv": [4.25, 11, 3.5, 11.5], "texture": "#0"},
				"up": {"uv": [5, 6.75, 5.25, 6], "texture": "#0"},
				"down": {"uv": [11, 9, 11.25, 9.75], "texture": "#0"}
			}
		},
		{
			"from": [8, 15.25, 6.75],
			"to": [8, 18.25, 13.75],
			"rotation": {"angle": -22.5, "axis": "x", "origin": [8, 10.25, 6]},
			"faces": {
				"north": {"uv": [9.75, 11.25, 9.75, 12], "texture": "#0"},
				"east": {"uv": [11.25, 10.25, 9.5, 11], "texture": "#0"},
				"south": {"uv": [10, 11.25, 10, 12], "texture": "#0"},
				"west": {"uv": [9.5, 10.25, 11.25, 11], "texture": "#0"},
				"up": {"uv": [10.25, 13, 10.25, 11.25], "texture": "#0"},
				"down": {"uv": [10.5, 11.25, 10.5, 13], "texture": "#0"}
			}
		},
		{
			"from": [4.87724, 9.56765, 0.37233],
			"to": [4.87724, 30.56765, 23.37233],
			"rotation": {"angle": 22.5, "axis": "z", "origin": [4.87724, 19.06765, 10.37233]},
			"faces": {
				"north": {"uv": [5.25, 0, 5.25, 4.75], "texture": "#1"},
				"east": {"uv": [11.5, 4.75, 5.125, 9.875], "texture": "#1"},
				"south": {"uv": [5.25, 5, 5.25, 9.75], "texture": "#1"},
				"west": {"uv": [5.125, 4.75, 11.5, 9.875], "texture": "#1"},
				"up": {"uv": [5.5, 5, 5.5, 0], "texture": "#1"},
				"down": {"uv": [5.5, 5.25, 5.5, 10.25], "texture": "#1"}
			}
		},
		{
			"from": [11.12276, 9.56765, 0.37233],
			"to": [11.12276, 30.56765, 23.37233],
			"rotation": {"angle": -22.5, "axis": "z", "origin": [11.12276, 19.06765, 10.37233]},
			"faces": {
				"north": {"uv": [5.25, 0, 5.25, 4.75], "texture": "#1"},
				"east": {"uv": [11.5, 4.75, 5.125, 9.875], "texture": "#1"},
				"south": {"uv": [5.25, 5, 5.25, 9.75], "texture": "#1"},
				"west": {"uv": [5.125, 4.75, 11.5, 9.875], "texture": "#1"},
				"up": {"uv": [5.5, 5, 5.5, 0], "texture": "#1"},
				"down": {"uv": [5.5, 5.25, 5.5, 10.25], "texture": "#1"}
			}
		},
		{
			"from": [8, 13.35179, 0.49846],
			"to": [8, 15.17679, 3.49846],
			"rotation": {"angle": -22.5, "axis": "x", "origin": [8, 14.95179, 3.47346]},
			"faces": {
				"north": {"uv": [11, 6.25, 11, 6.75], "texture": "#0"},
				"east": {"uv": [11.75, 5.5, 11, 6], "texture": "#0"},
				"south": {"uv": [9, 11.25, 9, 11.75], "texture": "#0"},
				"west": {"uv": [11, 5.5, 11.75, 6], "texture": "#0"},
				"up": {"uv": [9.25, 12, 9.25, 11.25], "texture": "#0"},
				"down": {"uv": [9.5, 11.25, 9.5, 12], "texture": "#0"}
			}
		},
		{
			"from": [7.5, 12.25, 5],
			"to": [8.5, 15.25, 11],
			"rotation": {"angle": 0, "axis": "y", "origin": [8.5, 10.25, 8]},
			"faces": {
				"north": {"uv": [7.5, 11.25, 7.75, 12], "texture": "#0"},
				"east": {"uv": [11, 1, 12.5, 1.75], "texture": "#0"},
				"south": {"uv": [8, 11.25, 8.25, 12], "texture": "#0"},
				"west": {"uv": [1.75, 11, 3.25, 11.75], "texture": "#0"},
				"up": {"uv": [4.75, 12.5, 4.5, 11], "texture": "#0"},
				"down": {"uv": [11.5, 6.25, 11.25, 7.75], "texture": "#0"}
			}
		},
		{
			"from": [8, 13.25, 6],
			"to": [8, 18.25, 17],
			"rotation": {"angle": 0, "axis": "x", "origin": [9, 10.25, 8]},
			"faces": {
				"north": {"uv": [10.75, 11.25, 10.75, 12.5], "texture": "#0"},
				"east": {"uv": [2.75, 7.5, 0, 8.75], "texture": "#0"},
				"south": {"uv": [11, 11.25, 11, 12.5], "texture": "#0"},
				"west": {"uv": [0, 7.5, 2.75, 8.75], "texture": "#0"},
				"up": {"uv": [11.25, 14, 11.25, 11.25], "texture": "#0"},
				"down": {"uv": [11.5, 8.75, 11.5, 11.5], "texture": "#0"}
			}
		},
		{
			"from": [4.25, 7.425, 10],
			"to": [4.25, 18.425, 20],
			"rotation": {"angle": -22.5, "axis": "y", "origin": [9, 10.25, 8]},
			"faces": {
				"north": {"uv": [3.5, 11.75, 3.5, 14.5], "texture": "#0"},
				"east": {"uv": [5.25, 0, 2.75, 2.75], "texture": "#0"},
				"south": {"uv": [3.75, 11.75, 3.75, 14.5], "texture": "#0"},
				"west": {"uv": [2.75, 0, 5.25, 2.75], "texture": "#0"},
				"up": {"uv": [4, 14.25, 4, 11.75], "texture": "#0"},
				"down": {"uv": [4.25, 11.75, 4.25, 14.25], "texture": "#0"}
			}
		},
		{
			"from": [3, 10.40432, 7.77583],
			"to": [13, 13.40432, 12.77583],
			"rotation": {"angle": 0, "axis": "x", "origin": [8, 10.40432, 6.77583]},
			"faces": {
				"north": {"uv": [8.5, 7, 11, 7.75], "texture": "#0"},
				"east": {"uv": [11, 2, 12.25, 2.75], "texture": "#0"},
				"south": {"uv": [8.5, 8, 11, 8.75], "texture": "#0"},
				"west": {"uv": [11, 3, 12.25, 3.75], "texture": "#0"},
				"up": {"uv": [5.5, 8.75, 3, 7.5], "texture": "#0"},
				"down": {"uv": [8.25, 7.5, 5.75, 8.75], "texture": "#0"}
			}
		},
		{
			"from": [3, 3.40432, 8.77583],
			"to": [13, 10.40432, 12.77583],
			"rotation": {"angle": 0, "axis": "x", "origin": [8, 10.40432, 6.77583]},
			"faces": {
				"north": {"uv": [5.5, 0, 8, 1.75], "texture": "#0"},
				"east": {"uv": [0, 9, 1, 10.75], "texture": "#0"},
				"south": {"uv": [5.5, 2, 8, 3.75], "texture": "#0"},
				"west": {"uv": [1.25, 9, 2.25, 10.75], "texture": "#0"},
				"up": {"uv": [10.75, 1, 8.25, 0], "texture": "#0"},
				"down": {"uv": [10.75, 1.25, 8.25, 2.25], "texture": "#0"}
			}
		},
		{
			"from": [2.225, 2.40432, 4.85083],
			"to": [2.225, 9.40432, 8.85083],
			"rotation": {"angle": 22.5, "axis": "y", "origin": [3, 5.90432, 6.77583]},
			"faces": {
				"north": {"uv": [11.75, 6.25, 11.75, 8], "texture": "#0"},
				"east": {"uv": [4.75, 9, 3.75, 10.75], "texture": "#0"},
				"south": {"uv": [11.75, 8.25, 11.75, 10], "texture": "#0"},
				"west": {"uv": [3.75, 9, 4.75, 10.75], "texture": "#0"},
				"up": {"uv": [11.75, 11.25, 11.75, 10.25], "texture": "#0"},
				"down": {"uv": [11.5, 11.75, 11.5, 12.75], "texture": "#0"}
			}
		},
		{
			"from": [13.025, 6.87045, 2.57822],
			"to": [13.025, 10.87045, 9.57822],
			"rotation": {"angle": 0, "axis": "x", "origin": [8, 10.87045, 5.57822]},
			"faces": {
				"north": {"uv": [11.75, 11.5, 11.75, 12.5], "texture": "#0"},
				"east": {"uv": [6.75, 9, 5, 10], "texture": "#0"},
				"south": {"uv": [0, 12, 0, 13], "texture": "#0"},
				"west": {"uv": [5, 9, 6.75, 10], "texture": "#0"},
				"up": {"uv": [0.25, 13.75, 0.25, 12], "texture": "#0"},
				"down": {"uv": [0.5, 12, 0.5, 13.75], "texture": "#0"}
			}
		},
		{
			"from": [11.75, 7.425, 10],
			"to": [11.75, 18.425, 20],
			"rotation": {"angle": 22.5, "axis": "y", "origin": [7, 10.25, 8]},
			"faces": {
				"north": {"uv": [3.5, 11.75, 3.5, 14.5], "texture": "#0"},
				"east": {"uv": [5.25, 0, 2.75, 2.75], "texture": "#0"},
				"south": {"uv": [3.75, 11.75, 3.75, 14.5], "texture": "#0"},
				"west": {"uv": [2.75, 0, 5.25, 2.75], "texture": "#0"},
				"up": {"uv": [4, 14.25, 4, 11.75], "texture": "#0"},
				"down": {"uv": [4.25, 11.75, 4.25, 14.25], "texture": "#0"}
			}
		},
		{
			"from": [13.775, 2.40432, 4.85083],
			"to": [13.775, 9.40432, 8.85083],
			"rotation": {"angle": -22.5, "axis": "y", "origin": [13, 5.90432, 6.77583]},
			"faces": {
				"north": {"uv": [11.75, 6.25, 11.75, 8], "texture": "#0"},
				"east": {"uv": [4.75, 9, 3.75, 10.75], "texture": "#0"},
				"south": {"uv": [11.75, 8.25, 11.75, 10], "texture": "#0"},
				"west": {"uv": [3.75, 9, 4.75, 10.75], "texture": "#0"},
				"up": {"uv": [11.75, 11.25, 11.75, 10.25], "texture": "#0"},
				"down": {"uv": [11.5, 11.75, 11.5, 12.75], "texture": "#0"}
			}
		}
	],
	"gui_light": "front",
	"display": {
		"ground": {
			"translation": [0, 2.5, 0]
		},
		"gui": {
			"rotation": [18, 148, 0],
			"translation": [-1.75, -3, 0],
			"scale": [0.75, 0.75, 0.75]
		},
		"head": {
			"translation": [0, 1.25, -0.25],
			"scale": [1.65, 1.65, 1.65]
		},
		"fixed": {
			"translation": [0, -3.25, -8]
		}
	}
}