{
	"credit": "Made by samus2002",
	"texture_size": [64, 64],
	"textures": {
		"0": "cosmetics/hats/cosmetics_pufferfish",
		"particle": "samus_cosmetics_1_texture/cosmetics_pufferfish"
	},
	"elements": [
		{
			"from": [3, 3.25, 3],
			"to": [13, 12.25, 13],
			"rotation": {"angle": 0, "axis": "y", "origin": [7, 10.25, 7]},
			"faces": {
				"north": {"uv": [5.5, 7, 8, 9.25], "texture": "#0"},
				"east": {"uv": [7.5, 0, 10, 2.25], "texture": "#0"},
				"south": {"uv": [7.5, 2.5, 10, 4.75], "texture": "#0"},
				"west": {"uv": [8.25, 5, 10.75, 7.25], "texture": "#0"},
				"up": {"uv": [2.5, 9.5, 0, 7], "texture": "#0"},
				"down": {"uv": [5.25, 7, 2.75, 9.5], "texture": "#0"}
			}
		},
		{
			"from": [1, 1.25, 5],
			"to": [15, 14.25, 5],
			"rotation": {"angle": 0, "axis": "y", "origin": [7, 10.25, 5]},
			"faces": {
				"north": {"uv": [3.75, 0, 7.25, 3.25], "texture": "#0"},
				"east": {"uv": [2.25, 12.5, 2.25, 15.75], "texture": "#0"},
				"south": {"uv": [7.25, 0, 3.75, 3.25], "texture": "#0"},
				"west": {"uv": [2.5, 12.5, 2.5, 15.75], "texture": "#0"},
				"up": {"uv": [15.75, 4.5, 12.25, 4.5], "texture": "#0"},
				"down": {"uv": [15.75, 4.75, 12.25, 4.75], "texture": "#0"}
			}
		},
		{
			"from": [1, 1.25, 10],
			"to": [15, 14.25, 10],
			"rotation": {"angle": 0, "axis": "y", "origin": [7, 10.25, 10]},
			"faces": {
				"north": {"uv": [12.5, 11.5, 16, 14.75], "texture": "#0"},
				"east": {"uv": [6.75, 12, 6.75, 15.25], "texture": "#0"},
				"south": {"uv": [16, 11.5, 12.5, 14.75], "texture": "#0"},
				"west": {"uv": [7, 12, 7, 15.25], "texture": "#0"},
				"up": {"uv": [15.5, 6.75, 12, 6.75], "texture": "#0"},
				"down": {"uv": [3.5, 12.25, 0, 12.25], "texture": "#0"}
			}
		},
		{
			"from": [6, 4.25, 1],
			"to": [10, 8.25, 3],
			"rotation": {"angle": 0, "axis": "y", "origin": [7, 9.25, 5]},
			"faces": {
				"north": {"uv": [4, 9.75, 5, 10.75], "texture": "#0"},
				"east": {"uv": [7.5, 5, 8, 6], "texture": "#0"},
				"south": {"uv": [10.25, 7.5, 11.25, 8.5], "texture": "#0"},
				"west": {"uv": [6, 12, 6.5, 13], "texture": "#0"},
				"up": {"uv": [12.5, 8.5, 11.5, 8], "texture": "#0"},
				"down": {"uv": [13, 6, 12, 6.5], "texture": "#0"}
			}
		},
		{
			"from": [1.75, 8.25, 2.5],
			"to": [4.75, 11.25, 5.5],
			"rotation": {"angle": 45, "axis": "y", "origin": [2.75, 9.25, 3.5]},
			"faces": {
				"north": {"uv": [10.25, 8.75, 11, 9.5], "texture": "#0"},
				"east": {"uv": [4, 11, 4.75, 11.75], "texture": "#0"},
				"south": {"uv": [11, 5, 11.75, 5.75], "texture": "#0"},
				"west": {"uv": [11, 6, 11.75, 6.75], "texture": "#0"},
				"up": {"uv": [12, 9.5, 11.25, 8.75], "texture": "#0"},
				"down": {"uv": [12.25, 7, 11.5, 7.75], "texture": "#0"}
			}
		},
		{
			"from": [11.25, 8.25, 2.5],
			"to": [14.25, 11.25, 5.5],
			"rotation": {"angle": -45, "axis": "y", "origin": [13.25, 9.25, 3.5]},
			"faces": {
				"north": {"uv": [11.5, 9.75, 12.25, 10.5], "texture": "#0"},
				"east": {"uv": [11.5, 10.75, 12.25, 11.5], "texture": "#0"},
				"south": {"uv": [11.5, 11.75, 12.25, 12.5], "texture": "#0"},
				"west": {"uv": [4, 12, 4.75, 12.75], "texture": "#0"},
				"up": {"uv": [5.75, 12.75, 5, 12], "texture": "#0"},
				"down": {"uv": [12.75, 5, 12, 5.75], "texture": "#0"}
			}
		},
		{
			"from": [8, 3.25, 13],
			"to": [8, 12.25, 20],
			"rotation": {"angle": 0, "axis": "y", "origin": [8, 7.75, 16.5]},
			"faces": {
				"north": {"uv": [7.25, 12, 7.25, 14.25], "texture": "#0"},
				"east": {"uv": [7.25, 9.5, 5.5, 11.75], "texture": "#0"},
				"south": {"uv": [12.25, 0, 12.25, 2.25], "texture": "#0"},
				"west": {"uv": [5.5, 9.5, 7.25, 11.75], "texture": "#0"},
				"up": {"uv": [5.25, 11.5, 5.25, 9.75], "texture": "#0"},
				"down": {"uv": [12.25, 2.5, 12.25, 4.25], "texture": "#0"}
			}
		},
		{
			"from": [1.66061, 3.25, 6.75],
			"to": [1.66061, 12.25, 13.75],
			"rotation": {"angle": -22.5, "axis": "y", "origin": [1.66061, 7.75, 10.25]},
			"faces": {
				"north": {"uv": [0.5, 12.5, 0.5, 14.75], "texture": "#0"},
				"east": {"uv": [11.25, 10, 9.5, 12.25], "texture": "#0"},
				"south": {"uv": [0.75, 12.5, 0.75, 14.75], "texture": "#0"},
				"west": {"uv": [9.5, 10, 11.25, 12.25], "texture": "#0"},
				"up": {"uv": [1, 14.25, 1, 12.5], "texture": "#0"},
				"down": {"uv": [1.25, 12.5, 1.25, 14.25], "texture": "#0"}
			}
		},
		{
			"from": [14.33939, 3.25, 6.75],
			"to": [14.33939, 12.25, 13.75],
			"rotation": {"angle": 22.5, "axis": "y", "origin": [14.33939, 7.75, 10.25]},
			"faces": {
				"north": {"uv": [0.5, 12.5, 0.5, 14.75], "texture": "#0"},
				"east": {"uv": [11.25, 10, 9.5, 12.25], "texture": "#0"},
				"south": {"uv": [0.75, 12.5, 0.75, 14.75], "texture": "#0"},
				"west": {"uv": [9.5, 10, 11.25, 12.25], "texture": "#0"},
				"up": {"uv": [1, 14.25, 1, 12.5], "texture": "#0"},
				"down": {"uv": [1.25, 12.5, 1.25, 14.25], "texture": "#0"}
			}
		}
	],
	"gui_light": "front",
	"display": {
		"ground": {
			"translation": [0, 2.5, 0]
		},
		"gui": {
			"rotation": [18, 148, 0],
			"translation": [0.25, 0, 0],
			"scale": [0.8, 0.8, 0.8]
		},
		"head": {
			"translation": [0, 0.5, 0],
			"scale": [1.65, 1.65, 1.65]
		}
	}
}