{
	"credit": "Made by samus2002",
	"texture_size": [64, 64],
	"textures": {
		"0": "cosmetics/hats/cosmetic_top_hat",
		"particle": "samus_cosmetics_1_texture/cosmetic_top_hat"
	},
	"elements": [
		{
			"from": [4, 12.25, 5],
			"to": [12, 23.25, 11],
			"rotation": {"angle": 0, "axis": "y", "origin": [7, 19.25, 7]},
			"faces": {
				"north": {"uv": [3.25, 0, 5.25, 2.75], "texture": "#0"},
				"east": {"uv": [0, 5.5, 1.5, 8.25], "texture": "#0"},
				"south": {"uv": [3.25, 3, 5.25, 5.75], "texture": "#0"},
				"west": {"uv": [5.5, 0, 7, 2.75], "texture": "#0"},
				"up": {"uv": [7.5, 4.5, 5.5, 3], "texture": "#0"},
				"down": {"uv": [7.5, 4.75, 5.5, 6.25], "texture": "#0"}
			}
		},
		{
			"from": [2, 10.25, 3],
			"to": [14, 12.25, 13],
			"rotation": {"angle": 0, "axis": "y", "origin": [7, 17.25, 7]},
			"faces": {
				"north": {"uv": [1.75, 6, 4.75, 6.5], "texture": "#0"},
				"east": {"uv": [1.75, 6.75, 4.25, 7.25], "texture": "#0"},
				"south": {"uv": [5, 6.5, 8, 7], "texture": "#0"},
				"west": {"uv": [7.25, 0, 9.75, 0.5], "texture": "#0"},
				"up": {"uv": [3, 2.5, 0, 0], "texture": "#0"},
				"down": {"uv": [3, 2.75, 0, 5.25], "texture": "#0"}
			}
		}
	],
	"gui_light": "front",
	"display": {
		"ground": {
			"translation": [0, 2.5, 0]
		},
		"gui": {
			"rotation": [18, 148, 0],
			"translation": [0.25, -6.25, 0],
			"scale": [0.8, 0.8, 0.8]
		},
		"head": {
			"translation": [0, 0.5, 0],
			"scale": [1.65, 1.65, 1.65]
		},
		"fixed": {
			"translation": [0, -8.5, 0]
		}
	}
}