{
	"credit": "Made by samus2002",
	"texture_size": [32, 32],
	"textures": {
		"main": "cosmetics/hats/cosmetic_headphones_a"
	},
	"elements": [
		{
			"from": [2, 4.25, 5],
			"to": [4, 10.25, 11],
			"rotation": {"angle": 0, "axis": "y", "origin": [8, 7.25, 8]},
			"faces": {
				"north": {"uv": [0.75, 4.25, 1.25, 5.75], "texture": "#main"},
				"east": {"uv": [1.75, 0, 3.25, 1.5], "texture": "#main"},
				"south": {"uv": [4.25, 0.75, 4.75, 2.25], "texture": "#main"},
				"west": {"uv": [1.75, 1.75, 3.25, 3.25], "texture": "#main"},
				"up": {"uv": [2, 5.75, 1.5, 4.25], "texture": "#main"},
				"down": {"uv": [4.75, 2.5, 4.25, 4], "texture": "#main"}
			}
		},
		{
			"from": [12, 4.25, 5],
			"to": [14, 10.25, 11],
			"rotation": {"angle": 0, "axis": "x", "origin": [13, 7.25, 8]},
			"faces": {
				"north": {"uv": [3.5, 0.75, 4, 2.25], "texture": "#main"},
				"east": {"uv": [0, 0, 1.5, 1.5], "texture": "#main"},
				"south": {"uv": [3.5, 2.5, 4, 4], "texture": "#main"},
				"west": {"uv": [0, 1.75, 1.5, 3.25], "texture": "#main"},
				"up": {"uv": [3.25, 5, 2.75, 3.5], "texture": "#main"},
				"down": {"uv": [0.5, 4.25, 0, 5.75], "texture": "#main"}
			}
		},
		{
			"from": [3, 14.25, 7],
			"to": [13, 14.25, 9],
			"rotation": {"angle": 0, "axis": "y", "origin": [8, 11.25, 8]},
			"faces": {
				"north": {"uv": [5, 3.25, 7.5, 3.25], "texture": "#main"},
				"east": {"uv": [5, 3.5, 5.5, 3.5], "texture": "#main"},
				"south": {"uv": [5, 3.75, 7.5, 3.75], "texture": "#main"},
				"west": {"uv": [5, 4, 5.5, 4], "texture": "#main"},
				"up": {"uv": [2.5, 4, 0, 3.5], "texture": "#main"},
				"down": {"uv": [2.5, 3.5, 0, 4], "texture": "#main"}
			}
		},
		{
			"from": [3, 10.25, 7],
			"to": [3, 14.25, 9],
			"rotation": {"angle": 0, "axis": "y", "origin": [8, 13.25, 8]},
			"faces": {
				"north": {"uv": [2.25, 4.25, 2.25, 5.25], "texture": "#main"},
				"east": {"uv": [4.75, 4.25, 4.25, 5.25], "texture": "#main"},
				"south": {"uv": [2.5, 4.25, 2.5, 5.25], "texture": "#main"},
				"west": {"uv": [4.25, 4.25, 4.75, 5.25], "texture": "#main"},
				"up": {"uv": [5, 4.75, 5, 4.25], "texture": "#main"},
				"down": {"uv": [5, 5, 5, 5.5], "texture": "#main"}
			}
		},
		{
			"from": [13, 10.25, 7],
			"to": [13, 14.25, 9],
			"rotation": {"angle": 0, "axis": "y", "origin": [8, 13.25, 8]},
			"faces": {
				"north": {"uv": [2.25, 4.25, 2.25, 5.25], "texture": "#main"},
				"east": {"uv": [4.75, 4.25, 4.25, 5.25], "texture": "#main"},
				"south": {"uv": [2.5, 4.25, 2.5, 5.25], "texture": "#main"},
				"west": {"uv": [4.25, 4.25, 4.75, 5.25], "texture": "#main"},
				"up": {"uv": [5, 4.75, 5, 4.25], "texture": "#main"},
				"down": {"uv": [5, 5, 5, 5.5], "texture": "#main"}
			}
		},
		{
			"from": [1.5, 3.75, 4.5],
			"to": [4.5, 10.75, 11.5],
			"rotation": {"angle": 0, "axis": "y", "origin": [8, 7.25, 8]},
			"faces": {
				"north": {"uv": [8.75, 4.25, 9.25, 5.75], "texture": "#main"},
				"east": {"uv": [9.75, 0, 11.25, 1.5], "texture": "#main"},
				"south": {"uv": [12.25, 0.75, 12.75, 2.25], "texture": "#main"},
				"west": {"uv": [9.75, 1.75, 11.25, 3.25], "texture": "#main"},
				"up": {"uv": [10, 5.75, 9.5, 4.25], "texture": "#main"},
				"down": {"uv": [12.75, 2.5, 12.25, 4], "texture": "#main"}
			}
		},
		{
			"from": [11.5, 3.75, 4.5],
			"to": [14.5, 10.75, 11.5],
			"rotation": {"angle": 0, "axis": "y", "origin": [8, 7.25, 8]},
			"faces": {
				"north": {"uv": [9.25, 4.25, 8.75, 5.75], "texture": "#main"},
				"east": {"uv": [11.25, 1.75, 9.75, 3.25], "texture": "#main"},
				"south": {"uv": [12.75, 0.75, 12.25, 2.25], "texture": "#main"},
				"west": {"uv": [11.25, 0, 9.75, 1.5], "texture": "#main"},
				"up": {"uv": [9.5, 5.75, 10, 4.25], "texture": "#main"},
				"down": {"uv": [12.25, 2.5, 12.75, 4], "texture": "#main"}
			}
		},
		{
			"from": [3, 14.25, 7],
			"to": [13, 14.25, 9],
			"rotation": {"angle": 0, "axis": "y", "origin": [8, 11.25, 8]},
			"faces": {
				"north": {"uv": [13, 3.25, 15.5, 3.25], "texture": "#main"},
				"east": {"uv": [13, 3.5, 13.5, 3.5], "texture": "#main"},
				"south": {"uv": [13, 3.75, 15.5, 3.75], "texture": "#main"},
				"west": {"uv": [13, 4, 13.5, 4], "texture": "#main"},
				"up": {"uv": [10.5, 4, 8, 3.5], "texture": "#main"},
				"down": {"uv": [10.5, 3.5, 8, 4], "texture": "#main"}
			}
		},
		{
			"from": [3, 10.25, 7],
			"to": [3, 14.25, 9],
			"rotation": {"angle": 0, "axis": "y", "origin": [8, 13.25, 8]},
			"faces": {
				"north": {"uv": [10.25, 4.25, 10.25, 5.25], "texture": "#main"},
				"east": {"uv": [12.75, 4.25, 12.25, 5.25], "texture": "#main"},
				"south": {"uv": [10.5, 4.25, 10.5, 5.25], "texture": "#main"},
				"west": {"uv": [12.25, 4.25, 12.75, 5.25], "texture": "#main"},
				"up": {"uv": [13, 4.75, 13, 4.25], "texture": "#main"},
				"down": {"uv": [13, 5, 13, 5.5], "texture": "#main"}
			}
		},
		{
			"from": [13, 10.25, 7],
			"to": [13, 14.25, 9],
			"rotation": {"angle": 0, "axis": "y", "origin": [8, 13.25, 8]},
			"faces": {
				"north": {"uv": [10.25, 4.25, 10.25, 5.25], "texture": "#main"},
				"east": {"uv": [12.75, 4.25, 12.25, 5.25], "texture": "#main"},
				"south": {"uv": [10.5, 4.25, 10.5, 5.25], "texture": "#main"},
				"west": {"uv": [12.25, 4.25, 12.75, 5.25], "texture": "#main"},
				"up": {"uv": [13, 4.75, 13, 4.25], "texture": "#main"},
				"down": {"uv": [13, 5, 13, 5.5], "texture": "#main"}
			}
		},
		{
			"from": [1.75, 4, 4.75],
			"to": [4.25, 10.5, 11.25],
			"rotation": {"angle": 0, "axis": "y", "origin": [8, 7.25, 8]},
			"faces": {
				"north": {"uv": [0.75, 12.25, 1.25, 13.75], "texture": "#main"},
				"east": {"uv": [1.75, 8, 3.25, 9.5], "texture": "#main"},
				"south": {"uv": [4.25, 8.75, 4.75, 10.25], "texture": "#main"},
				"west": {"uv": [1.75, 9.75, 3.25, 11.25], "texture": "#main"},
				"up": {"uv": [2, 13.75, 1.5, 12.25], "texture": "#main"},
				"down": {"uv": [4.75, 10.5, 4.25, 12], "texture": "#main"}
			}
		},
		{
			"from": [11.75, 4, 4.75],
			"to": [14.25, 10.5, 11.25],
			"rotation": {"angle": 0, "axis": "y", "origin": [8, 7.25, 8]},
			"faces": {
				"north": {"uv": [1.25, 12.25, 0.75, 13.75], "texture": "#main"},
				"east": {"uv": [3.25, 9.75, 1.75, 11.25], "texture": "#main"},
				"south": {"uv": [4.75, 8.75, 4.25, 10.25], "texture": "#main"},
				"west": {"uv": [3.25, 8, 1.75, 9.5], "texture": "#main"},
				"up": {"uv": [1.5, 13.75, 2, 12.25], "texture": "#main"},
				"down": {"uv": [4.25, 10.5, 4.75, 12], "texture": "#main"}
			}
		},
		{
			"from": [3, 14.25, 7],
			"to": [13, 14.25, 9],
			"rotation": {"angle": 0, "axis": "y", "origin": [8, 11.25, 8]},
			"faces": {
				"north": {"uv": [5, 11.25, 7.5, 11.25], "texture": "#main"},
				"east": {"uv": [5, 11.5, 5.5, 11.5], "texture": "#main"},
				"south": {"uv": [5, 11.75, 7.5, 11.75], "texture": "#main"},
				"west": {"uv": [5, 12, 5.5, 12], "texture": "#main"},
				"up": {"uv": [2.5, 12, 0, 11.5], "texture": "#main"},
				"down": {"uv": [2.5, 11.5, 0, 12], "texture": "#main"}
			}
		},
		{
			"from": [3, 10.25, 7],
			"to": [3, 14.25, 9],
			"rotation": {"angle": 0, "axis": "y", "origin": [8, 13.25, 8]},
			"faces": {
				"north": {"uv": [2.25, 12.25, 2.25, 13.25], "texture": "#main"},
				"east": {"uv": [4.75, 12.25, 4.25, 13.25], "texture": "#main"},
				"south": {"uv": [2.5, 12.25, 2.5, 13.25], "texture": "#main"},
				"west": {"uv": [4.25, 12.25, 4.75, 13.25], "texture": "#main"},
				"up": {"uv": [5, 12.75, 5, 12.25], "texture": "#main"},
				"down": {"uv": [5, 13, 5, 13.5], "texture": "#main"}
			}
		},
		{
			"from": [13, 10.25, 7],
			"to": [13, 14.25, 9],
			"rotation": {"angle": 0, "axis": "y", "origin": [8, 13.25, 8]},
			"faces": {
				"north": {"uv": [2.25, 12.25, 2.25, 13.25], "texture": "#main"},
				"east": {"uv": [4.75, 12.25, 4.25, 13.25], "texture": "#main"},
				"south": {"uv": [2.5, 12.25, 2.5, 13.25], "texture": "#main"},
				"west": {"uv": [4.25, 12.25, 4.75, 13.25], "texture": "#main"},
				"up": {"uv": [5, 12.75, 5, 12.25], "texture": "#main"},
				"down": {"uv": [5, 13, 5, 13.5], "texture": "#main"}
			}
		}
	],
	"gui_light": "front",
	"display": {
		"ground": {
			"translation": [0, 2.5, 0]
		},
		"gui": {
			"rotation": [18, 148, 0],
			"translation": [0, -1, 0]
		},
		"head": {
			"translation": [0, 0.75, 0],
			"scale": [1.65, 1.65, 1.65]
		},
		"fixed": {
			"translation": [0, -0.5, 0]
		}
	}
}