{
	"credit": "Made by samus2002",
	"texture_size": [128, 128],
	"textures": {
		"0": "cosmetics/hats/cosmetic_helmet_of_rage",
		"particle": "samus_cosmetics_1_texture/cosmetic_helmet_of_rage"
	},
	"elements": [
		{
			"from": [3.025, 6.7851, 4.11301],
			"to": [12.975, 12.7851, 12.11301],
			"rotation": {"angle": -45, "axis": "x", "origin": [8, 7.16514, 6.82743]},
			"faces": {
				"north": {"uv": [1.5, 2.875, 2.75, 3.625], "texture": "#0"},
				"east": {"uv": [2.75, 4.375, 3.75, 5.125], "texture": "#0"},
				"south": {"uv": [2.875, 1.75, 4.125, 2.5], "texture": "#0"},
				"west": {"uv": [0, 4.625, 1, 5.375], "texture": "#0"},
				"up": {"uv": [1.25, 1, 0, 0], "texture": "#0"},
				"down": {"uv": [1.25, 1.125, 0, 2.125], "texture": "#0"}
			}
		},
		{
			"from": [2.9875, 4.25, 3.25],
			"to": [13.0125, 7.25, 6.25],
			"rotation": {"angle": 0, "axis": "y", "origin": [8.0125, 7.16514, 6.82743]},
			"faces": {
				"north": {"uv": [5.625, 3.375, 6.875, 3.75], "texture": "#0"},
				"east": {"uv": [6.75, 2.125, 7.125, 2.5], "texture": "#0"},
				"south": {"uv": [5.625, 3.875, 6.875, 4.25], "texture": "#0"},
				"west": {"uv": [1.25, 7.125, 1.625, 7.5], "texture": "#0"},
				"up": {"uv": [7.25, 4.75, 6, 4.375], "texture": "#0"},
				"down": {"uv": [7.25, 4.875, 6, 5.25], "texture": "#0"}
			}
		},
		{
			"from": [3, -1.75, 3.25],
			"to": [13, 4.25, 3.25],
			"rotation": {"angle": 0, "axis": "y", "origin": [8, 7.16514, 6.82743]},
			"faces": {
				"north": {"uv": [0, 3.75, 1.25, 4.5], "texture": "#0"},
				"east": {"uv": [7.25, 1.25, 7.25, 2], "texture": "#0"},
				"south": {"uv": [1.25, 3.75, 0, 4.5], "texture": "#0"},
				"west": {"uv": [6.75, 7.25, 6.75, 8], "texture": "#0"},
				"up": {"uv": [8.25, 4.125, 7, 4.125], "texture": "#0"},
				"down": {"uv": [8.25, 4.25, 7, 4.25], "texture": "#0"}
			}
		},
		{
			"from": [3, -1.75, 3.25],
			"to": [3, 4.25, 6.25],
			"rotation": {"angle": 0, "axis": "y", "origin": [8, 7.16514, 6.82743]},
			"faces": {
				"north": {"uv": [6.875, 7.25, 6.875, 8], "texture": "#0"},
				"east": {"uv": [5.125, 6.875, 4.75, 7.625], "texture": "#0"},
				"south": {"uv": [7, 7.25, 7, 8], "texture": "#0"},
				"west": {"uv": [4.75, 6.875, 5.125, 7.625], "texture": "#0"},
				"up": {"uv": [1.125, 2.625, 1.125, 2.25], "texture": "#0"},
				"down": {"uv": [1.25, 2.25, 1.25, 2.625], "texture": "#0"}
			}
		},
		{
			"from": [3, 7.25, 7],
			"to": [13, 12.25, 13],
			"rotation": {"angle": 0, "axis": "y", "origin": [8, 7.16514, 6.82743]},
			"faces": {
				"north": {"uv": [4.25, 3.25, 5.5, 3.875], "texture": "#0"},
				"east": {"uv": [5.625, 2.625, 6.375, 3.25], "texture": "#0"},
				"south": {"uv": [4.25, 4, 5.5, 4.625], "texture": "#0"},
				"west": {"uv": [3.25, 5.625, 4, 6.25], "texture": "#0"},
				"up": {"uv": [4.125, 3.375, 2.875, 2.625], "texture": "#0"},
				"down": {"uv": [4.125, 3.5, 2.875, 4.25], "texture": "#0"}
			}
		},
		{
			"from": [3, 1.25, 13],
			"to": [13, 7.25, 13],
			"rotation": {"angle": 0, "axis": "y", "origin": [7.975, 7.16514, 6.82743]},
			"faces": {
				"north": {"uv": [5.5, 0.875, 4.25, 1.625], "texture": "#0"},
				"east": {"uv": [7.125, 7.25, 7.125, 8], "texture": "#0"},
				"south": {"uv": [4.25, 0.875, 5.5, 1.625], "texture": "#0"},
				"west": {"uv": [7.375, 0.5, 7.375, 1.25], "texture": "#0"},
				"up": {"uv": [8.5, 2.125, 7.25, 2.125], "texture": "#0"},
				"down": {"uv": [8.5, 2.25, 7.25, 2.25], "texture": "#0"}
			}
		},
		{
			"from": [3, 1.25, 6],
			"to": [3, 7.25, 13],
			"rotation": {"angle": 0, "axis": "y", "origin": [8, 7.16514, 6.82743]},
			"faces": {
				"north": {"uv": [2.25, 7.375, 2.25, 8.125], "texture": "#0"},
				"east": {"uv": [4.75, 4.75, 3.875, 5.5], "texture": "#0"},
				"south": {"uv": [2.375, 7.375, 2.375, 8.125], "texture": "#0"},
				"west": {"uv": [3.875, 4.75, 4.75, 5.5], "texture": "#0"},
				"up": {"uv": [2.5, 8.25, 2.5, 7.375], "texture": "#0"},
				"down": {"uv": [2.625, 7.375, 2.625, 8.25], "texture": "#0"}
			}
		},
		{
			"from": [13, 1.25, 6],
			"to": [13, 7.25, 13],
			"rotation": {"angle": 0, "axis": "y", "origin": [8, 7.16514, 6.82743]},
			"faces": {
				"north": {"uv": [2.25, 7.375, 2.25, 8.125], "texture": "#0"},
				"east": {"uv": [4.75, 4.75, 3.875, 5.5], "texture": "#0"},
				"south": {"uv": [2.375, 7.375, 2.375, 8.125], "texture": "#0"},
				"west": {"uv": [3.875, 4.75, 4.75, 5.5], "texture": "#0"},
				"up": {"uv": [2.5, 8.25, 2.5, 7.375], "texture": "#0"},
				"down": {"uv": [2.625, 7.375, 2.625, 8.25], "texture": "#0"}
			}
		},
		{
			"from": [3.0125, 11.19226, 3.62827],
			"to": [12.9875, 16.19226, 10.62827],
			"rotation": {"angle": 22.5, "axis": "x", "origin": [7.9875, 7.16514, 6.82743]},
			"faces": {
				"north": {"uv": [4.25, 1.75, 5.5, 2.375], "texture": "#0"},
				"east": {"uv": [1.125, 5.5, 2, 6.125], "texture": "#0"},
				"south": {"uv": [4.25, 2.5, 5.5, 3.125], "texture": "#0"},
				"west": {"uv": [5.625, 0, 6.5, 0.625], "texture": "#0"},
				"up": {"uv": [2.625, 0.875, 1.375, 0], "texture": "#0"},
				"down": {"uv": [2.625, 1, 1.375, 1.875], "texture": "#0"}
			}
		},
		{
			"from": [-4, 9.27163, 6.64125],
			"to": [4, 14.27163, 10.64125],
			"rotation": {"angle": -22.5, "axis": "x", "origin": [0, 11.77163, 8.64125]},
			"faces": {
				"north": {"uv": [4.875, 4.75, 5.875, 5.375], "texture": "#0"},
				"east": {"uv": [2.25, 6.625, 2.75, 7.25], "texture": "#0"},
				"south": {"uv": [2.125, 5.25, 3.125, 5.875], "texture": "#0"},
				"west": {"uv": [4.125, 6.625, 4.625, 7.25], "texture": "#0"},
				"up": {"uv": [1, 2.75, 0, 2.25], "texture": "#0"},
				"down": {"uv": [6.625, 0.75, 5.625, 1.25], "texture": "#0"}
			}
		},
		{
			"from": [-2.228, 15.82192, 7.64125],
			"to": [4.772, 19.82192, 10.64125],
			"rotation": {"angle": 45, "axis": "z", "origin": [8, 6.16514, 8.32743]},
			"faces": {
				"north": {"uv": [2.125, 6, 3, 6.5], "texture": "#0"},
				"east": {"uv": [2.125, 4.625, 2.5, 5.125], "texture": "#0"},
				"south": {"uv": [6, 5.375, 6.875, 5.875], "texture": "#0"},
				"west": {"uv": [3.25, 7, 3.625, 7.5], "texture": "#0"},
				"up": {"uv": [7.375, 3, 6.5, 2.625], "texture": "#0"},
				"down": {"uv": [7.5, 0, 6.625, 0.375], "texture": "#0"}
			}
		},
		{
			"from": [-7.5, 1.35143, 6.08495],
			"to": [-5.5, 8.35143, 10.08495],
			"rotation": {"angle": 45, "axis": "x", "origin": [8, 6.16514, 8.32743]},
			"faces": {
				"north": {"uv": [5.25, 6.875, 5.5, 7.75], "texture": "#0"},
				"east": {"uv": [4.125, 5.625, 4.625, 6.5], "texture": "#0"},
				"south": {"uv": [5.625, 6.875, 5.875, 7.75], "texture": "#0"},
				"west": {"uv": [6, 6, 6.5, 6.875], "texture": "#0"},
				"up": {"uv": [4, 7.5, 3.75, 7], "texture": "#0"},
				"down": {"uv": [2, 7.125, 1.75, 7.625], "texture": "#0"}
			}
		},
		{
			"from": [-6.5, 0.96496, -3.02815],
			"to": [-6.5, 6.96496, 7.97185],
			"rotation": {"angle": 22.5, "axis": "x", "origin": [8, 6.16514, 8.32743]},
			"faces": {
				"north": {"uv": [6.5, 7, 6.5, 7.75], "texture": "#0"},
				"east": {"uv": [4.125, 0, 2.75, 0.75], "texture": "#0"},
				"south": {"uv": [2.125, 7.125, 2.125, 7.875], "texture": "#0"},
				"west": {"uv": [2.75, 0, 4.125, 0.75], "texture": "#0"},
				"up": {"uv": [0.75, 8.625, 0.75, 7.25], "texture": "#0"},
				"down": {"uv": [0.875, 7.25, 0.875, 8.625], "texture": "#0"}
			}
		},
		{
			"from": [12, 9.27163, 6.64125],
			"to": [20, 14.27163, 10.64125],
			"rotation": {"angle": -22.5, "axis": "x", "origin": [16, 11.77163, 8.64125]},
			"faces": {
				"north": {"uv": [5.875, 4.75, 4.875, 5.375], "texture": "#0"},
				"east": {"uv": [4.625, 6.625, 4.125, 7.25], "texture": "#0"},
				"south": {"uv": [3.125, 5.25, 2.125, 5.875], "texture": "#0"},
				"west": {"uv": [2.75, 6.625, 2.25, 7.25], "texture": "#0"},
				"up": {"uv": [0, 2.75, 1, 2.25], "texture": "#0"},
				"down": {"uv": [5.625, 0.75, 6.625, 1.25], "texture": "#0"}
			}
		},
		{
			"from": [11.228, 15.82192, 7.64125],
			"to": [18.228, 19.82192, 10.64125],
			"rotation": {"angle": -45, "axis": "z", "origin": [8, 6.16514, 8.32743]},
			"faces": {
				"north": {"uv": [3, 6, 2.125, 6.5], "texture": "#0"},
				"east": {"uv": [3.625, 7, 3.25, 7.5], "texture": "#0"},
				"south": {"uv": [6.875, 5.375, 6, 5.875], "texture": "#0"},
				"west": {"uv": [2.5, 4.625, 2.125, 5.125], "texture": "#0"},
				"up": {"uv": [6.5, 3, 7.375, 2.625], "texture": "#0"},
				"down": {"uv": [6.625, 0, 7.5, 0.375], "texture": "#0"}
			}
		},
		{
			"from": [21.5, 1.35143, 6.08495],
			"to": [23.5, 8.35143, 10.08495],
			"rotation": {"angle": 45, "axis": "x", "origin": [8, 6.16514, 8.32743]},
			"faces": {
				"north": {"uv": [5.5, 6.875, 5.25, 7.75], "texture": "#0"},
				"east": {"uv": [6.5, 6, 6, 6.875], "texture": "#0"},
				"south": {"uv": [5.875, 6.875, 5.625, 7.75], "texture": "#0"},
				"west": {"uv": [4.625, 5.625, 4.125, 6.5], "texture": "#0"},
				"up": {"uv": [3.75, 7.5, 4, 7], "texture": "#0"},
				"down": {"uv": [1.75, 7.125, 2, 7.625], "texture": "#0"}
			}
		},
		{
			"from": [22.5, 0.96496, -3.02815],
			"to": [22.5, 6.96496, 7.97185],
			"rotation": {"angle": 22.5, "axis": "x", "origin": [8, 6.16514, 8.32743]},
			"faces": {
				"north": {"uv": [6.5, 7, 6.5, 7.75], "texture": "#0"},
				"east": {"uv": [4.125, 0, 2.75, 0.75], "texture": "#0"},
				"south": {"uv": [2.125, 7.125, 2.125, 7.875], "texture": "#0"},
				"west": {"uv": [2.75, 0, 4.125, 0.75], "texture": "#0"},
				"up": {"uv": [0.75, 8.625, 0.75, 7.25], "texture": "#0"},
				"down": {"uv": [0.875, 7.25, 0.875, 8.625], "texture": "#0"}
			}
		}
	],
	"gui_light": "front",
	"display": {
		"ground": {
			"translation": [0, 2.5, 0]
		},
		"gui": {
			"rotation": [18, 148, 0],
			"translation": [1, 0.5, 0],
			"scale": [0.5, 0.5, 0.5]
		},
		"head": {
			"translation": [0, 0.75, 0],
			"scale": [1.65, 1.65, 1.65]
		},
		"fixed": {
			"translation": [0, 0, -3.75]
		}
	}
}