{
	"credit": "Made with Blockbench",
	"texture_size": [64, 64],
	"textures": {
		"0": "cosmetics/hats/cowboyhat"
	},
	"elements": [
		{
			"from": [1.6045, 0, 2.0045],
			"to": [14.6195, 0, 15.0195],
			"rotation": {"angle": 0, "axis": "y", "origin": [8.112, 1.25225, 8.512]},
			"faces": {
				"north": {"uv": [0, 0, 3.25, 0], "texture": "#0"},
				"east": {"uv": [0, 0, 3.25, 0], "texture": "#0"},
				"south": {"uv": [0, 0, 3.25, 0], "texture": "#0"},
				"west": {"uv": [0, 0, 3.25, 0], "texture": "#0"},
				"up": {"uv": [3.25, 3.25, 0, 0], "texture": "#0"},
				"down": {"uv": [3.25, 3.25, 0, 6.5], "texture": "#0"}
			}
		},
		{
			"from": [4.35825, 0, 4.75825],
			"to": [11.86575, 5.009, 12.26575],
			"rotation": {"angle": 0, "axis": "y", "origin": [8.112, 1.25225, 8.512]},
			"faces": {
				"north": {"uv": [3.25, 4, 5.125, 5.25], "texture": "#0"},
				"east": {"uv": [5.25, 0, 7.125, 1.25], "texture": "#0"},
				"south": {"uv": [5.25, 1.25, 7.125, 2.5], "texture": "#0"},
				"west": {"uv": [5.25, 2.5, 7.125, 3.75], "texture": "#0"},
				"up": {"uv": [5.125, 1.875, 3.25, 0], "texture": "#0"},
				"down": {"uv": [5.125, 2, 3.25, 3.875], "texture": "#0"}
			}
		},
		{
			"from": [3.98288, 0, 4.38288],
			"to": [12.24113, 2.25225, 4.38288],
			"rotation": {"angle": 0, "axis": "y", "origin": [8.112, 1.25225, 8.512]},
			"faces": {
				"north": {"uv": [3.25, 5.75, 5.375, 6.375], "texture": "#0"},
				"east": {"uv": [0, 0, 0, 0.625], "texture": "#0"},
				"south": {"uv": [5.5, 5.75, 7.625, 6.375], "texture": "#0"},
				"west": {"uv": [0, 0, 0, 0.625], "texture": "#0"},
				"up": {"uv": [2.125, 0, 0, 0], "texture": "#0"},
				"down": {"uv": [2.125, 0, 0, 0], "texture": "#0"}
			}
		},
		{
			"from": [3.98288, 0, 4.38288],
			"to": [3.98288, 2.25225, 12.64113],
			"rotation": {"angle": 0, "axis": "y", "origin": [8.112, 1.25225, 8.512]},
			"faces": {
				"north": {"uv": [0, 0, 0, 0.625], "texture": "#0"},
				"east": {"uv": [0, 6.5, 2.125, 7.125], "texture": "#0"},
				"south": {"uv": [0, 0, 0, 0.625], "texture": "#0"},
				"west": {"uv": [2.25, 6.5, 4.375, 7.125], "texture": "#0"},
				"up": {"uv": [0, 2.125, 0, 0], "texture": "#0"},
				"down": {"uv": [0, 0, 0, 2.125], "texture": "#0"}
			}
		},
		{
			"from": [3.98288, 0, 12.64113],
			"to": [12.24113, 2.25225, 12.64113],
			"rotation": {"angle": 0, "axis": "y", "origin": [8.112, 1.25225, 8.512]},
			"faces": {
				"north": {"uv": [4.5, 6.5, 6.625, 7.125], "texture": "#0"},
				"east": {"uv": [0, 0, 0, 0.625], "texture": "#0"},
				"south": {"uv": [6.75, 6.5, 8.875, 7.125], "texture": "#0"},
				"west": {"uv": [0, 0, 0, 0.625], "texture": "#0"},
				"up": {"uv": [2.125, 0, 0, 0], "texture": "#0"},
				"down": {"uv": [2.125, 0, 0, 0], "texture": "#0"}
			}
		},
		{
			"from": [12.24113, 0, 4.38288],
			"to": [12.24113, 2.25225, 12.64113],
			"rotation": {"angle": 0, "axis": "y", "origin": [8.112, 1.25225, 8.512]},
			"faces": {
				"north": {"uv": [0, 0, 0, 0.625], "texture": "#0"},
				"east": {"uv": [0, 7.25, 2.125, 7.875], "texture": "#0"},
				"south": {"uv": [0, 0, 0, 0.625], "texture": "#0"},
				"west": {"uv": [7.25, 0, 9.375, 0.625], "texture": "#0"},
				"up": {"uv": [0, 2.125, 0, 0], "texture": "#0"},
				"down": {"uv": [0, 0, 0, 2.125], "texture": "#0"}
			}
		},
		{
			"from": [6.6105, 0, 3.88213],
			"to": [9.6135, 3.003, 5.38363],
			"rotation": {"angle": 0, "axis": "y", "origin": [8.112, 1.25225, 8.512]},
			"faces": {
				"north": {"uv": [7.25, 0.75, 8, 1.5], "texture": "#0"},
				"east": {"uv": [5.25, 7.25, 5.625, 8], "texture": "#0"},
				"south": {"uv": [7.25, 1.5, 8, 2.25], "texture": "#0"},
				"west": {"uv": [5.75, 7.25, 6.125, 8], "texture": "#0"},
				"up": {"uv": [8, 5.625, 7.25, 5.25], "texture": "#0"},
				"down": {"uv": [7, 7.25, 6.25, 7.625], "texture": "#0"}
			}
		},
		{
			"from": [1.6045, 0, 2.0045],
			"to": [1.6045, 2.003, 15.0195],
			"rotation": {"angle": 0, "axis": "y", "origin": [8.112, 1.25225, 8.512]},
			"faces": {
				"north": {"uv": [0, 0, 0, 0.5], "texture": "#0"},
				"east": {"uv": [3.25, 5.25, 6.5, 5.75], "texture": "#0"},
				"south": {"uv": [0, 0, 0, 0.5], "texture": "#0"},
				"west": {"uv": [5.25, 3.75, 8.5, 4.25], "texture": "#0"},
				"up": {"uv": [0, 3.25, 0, 0], "texture": "#0"},
				"down": {"uv": [0, 0, 0, 3.25], "texture": "#0"}
			}
		},
		{
			"from": [14.6195, 0, 2.0045],
			"to": [14.6195, 2.003, 15.0195],
			"rotation": {"angle": 0, "axis": "y", "origin": [8.112, 1.25225, 8.512]},
			"faces": {
				"north": {"uv": [0, 0, 0, 0.5], "texture": "#0"},
				"east": {"uv": [5.25, 4.25, 8.5, 4.75], "texture": "#0"},
				"south": {"uv": [0, 0, 0, 0.5], "texture": "#0"},
				"west": {"uv": [5.25, 4.75, 8.5, 5.25], "texture": "#0"},
				"up": {"uv": [0, 3.25, 0, 0], "texture": "#0"},
				"down": {"uv": [0, 0, 0, 3.25], "texture": "#0"}
			}
		},
		{
			"from": [1.6045, 0, 2.0045],
			"to": [4.6075, 2.003, 2.0045],
			"rotation": {"angle": 0, "axis": "y", "origin": [8.112, 1.25225, 8.512]},
			"faces": {
				"north": {"uv": [6.5, 5.25, 7.25, 5.75], "texture": "#0"},
				"east": {"uv": [0, 0, 0, 0.5], "texture": "#0"},
				"south": {"uv": [2.25, 7.25, 3, 7.75], "texture": "#0"},
				"west": {"uv": [0, 0, 0, 0.5], "texture": "#0"},
				"up": {"uv": [0.75, 0, 0, 0], "texture": "#0"},
				"down": {"uv": [0.75, 0, 0, 0], "texture": "#0"}
			}
		},
		{
			"from": [11.6165, 0, 2.0045],
			"to": [14.6195, 2.003, 2.0045],
			"rotation": {"angle": 0, "axis": "y", "origin": [8.112, 1.25225, 8.512]},
			"faces": {
				"north": {"uv": [7.25, 2.25, 8, 2.75], "texture": "#0"},
				"east": {"uv": [0, 0, 0, 0.5], "texture": "#0"},
				"south": {"uv": [7.25, 2.75, 8, 3.25], "texture": "#0"},
				"west": {"uv": [0, 0, 0, 0.5], "texture": "#0"},
				"up": {"uv": [0.75, 0, 0, 0], "texture": "#0"},
				"down": {"uv": [0.75, 0, 0, 0], "texture": "#0"}
			}
		},
		{
			"from": [1.6045, 0, 15.0195],
			"to": [4.6075, 2.003, 15.0195],
			"rotation": {"angle": 0, "axis": "y", "origin": [8.112, 1.25225, 8.512]},
			"faces": {
				"north": {"uv": [3, 7.25, 3.75, 7.75], "texture": "#0"},
				"east": {"uv": [0, 0, 0, 0.5], "texture": "#0"},
				"south": {"uv": [7.25, 3.25, 8, 3.75], "texture": "#0"},
				"west": {"uv": [0, 0, 0, 0.5], "texture": "#0"},
				"up": {"uv": [0.75, 0, 0, 0], "texture": "#0"},
				"down": {"uv": [0.75, 0, 0, 0], "texture": "#0"}
			}
		},
		{
			"from": [11.6165, 0, 15.0195],
			"to": [14.6195, 2.003, 15.0195],
			"rotation": {"angle": 0, "axis": "y", "origin": [8.112, 1.25225, 8.512]},
			"faces": {
				"north": {"uv": [3.75, 7.25, 4.5, 7.75], "texture": "#0"},
				"east": {"uv": [0, 0, 0, 0.5], "texture": "#0"},
				"south": {"uv": [4.5, 7.25, 5.25, 7.75], "texture": "#0"},
				"west": {"uv": [0, 0, 0, 0.5], "texture": "#0"},
				"up": {"uv": [0.75, 0, 0, 0], "texture": "#0"},
				"down": {"uv": [0.75, 0, 0, 0], "texture": "#0"}
			}
		}
	],
	"display": {
		"thirdperson_righthand": {
			"rotation": [70, 0, 0],
			"translation": [0, 2.5, 3],
			"scale": [0.5, 0.5, 0.5]
		},
		"thirdperson_lefthand": {
			"rotation": [70, 0, 0],
			"translation": [0, 2.5, 3],
			"scale": [0.5, 0.5, 0.5]
		},
		"firstperson_righthand": {
			"translation": [0, 5.5, 1.5],
			"scale": [0.5, 0.5, 0.5]
		},
		"firstperson_lefthand": {
			"translation": [0, 5.5, 1.5],
			"scale": [0.5, 0.5, 0.5]
		},
		"ground": {
			"translation": [0, 6, 0]
		},
		"gui": {
			"rotation": [-160, 35, -180],
			"translation": [0, 4, 0],
			"scale": [0.8, 0.8, 0.8]
		},
		"head": {
			"translation": [0, 17.5, -1],
			"scale": [1.9, 1.9, 1.9]
		},
		"fixed": {
			"translation": [0, 4, 0]
		}
	},
	"groups": [
		{
			"name": "cowboyhat",
			"origin": [-3.9, 0, -3.5],
			"color": 0,
			"children": [0, 1, 2, 3, 4, 5, 6, 7, 8, 9, 10, 11, 12]
		}
	]
}