{"credit":"Made with Blockbench","texture_size":[64,64],"textures":{"0":"cosmecosmetics/hatstic_packv7/creaking_hat","particle":"cosmetic_packv7/creaking_hat"},"elements":[{"from":[4,0,4],"to":[12,9,12],"rotation":{"angle":0,"axis":"y","origin":[4,0,4]},"faces":{"north":{"uv":[2.25,0,4.25,2.25],"texture":"#0"},"east":{"uv":[2.25,2.25,4.25,4.5],"texture":"#0"},"south":{"uv":[4.25,0,6.25,2.25],"texture":"#0"},"west":{"uv":[4.25,2.25,6.25,4.5],"texture":"#0"},"up":{"uv":[8.25,2,6.25,0],"texture":"#0"},"down":{"uv":[8.25,2,6.25,4],"texture":"#0"}}},{"from":[-5,0,8],"to":[4,9,8],"rotation":{"angle":22.5,"axis":"y","origin":[4,0,8]},"faces":{"north":{"uv":[0,0,2.25,2.25],"texture":"#0"},"east":{"uv":[0,0,0,2.25],"texture":"#0"},"south":{"uv":[0,2.25,2.25,4.5],"texture":"#0"},"west":{"uv":[0,0,0,2.25],"texture":"#0"},"up":{"uv":[2.25,0,0,0],"texture":"#0"},"down":{"uv":[2.25,0,0,0],"texture":"#0"}}},{"from":[12,1.25,8],"to":[21,10.25,8],"rotation":{"angle":-22.5,"axis":"y","origin":[12,1.25,8]},"faces":{"north":{"uv":[2.25,0,0,2.25],"texture":"#0"},"east":{"uv":[0,0,0,2.25],"texture":"#0"},"south":{"uv":[2.25,2.25,0,4.5],"texture":"#0"},"west":{"uv":[0,0,0,2.25],"texture":"#0"},"up":{"uv":[0,0,2.25,0],"texture":"#0"},"down":{"uv":[0,0,2.25,0],"texture":"#0"}}},{"from":[3.75,9,3.75],"to":[12.25,14,3.75],"rotation":{"angle":0,"axis":"y","origin":[4.25,9,3.75]},"faces":{"north":{"uv":[4,6.75,6.25,8],"texture":"#0"},"east":{"uv":[0,0,0,1.25],"texture":"#0"},"south":{"uv":[6.25,6.75,8.5,8],"texture":"#0"},"west":{"uv":[0,0,0,1.25],"texture":"#0"},"up":{"uv":[2.25,0,0,0],"texture":"#0"},"down":{"uv":[2.25,0,0,0],"texture":"#0"}}},{"from":[3.75,9,12.25],"to":[12.25,14,12.25],"rotation":{"angle":0,"axis":"y","origin":[11.75,9,12.25]},"faces":{"north":{"uv":[6.25,6.75,8.5,8],"texture":"#0"},"east":{"uv":[0,0,0,1.25],"texture":"#0"},"south":{"uv":[4,6.75,6.25,8],"texture":"#0"},"west":{"uv":[0,0,0,1.25],"texture":"#0"},"up":{"uv":[0,0,2.25,0],"texture":"#0"},"down":{"uv":[0,0,2.25,0],"texture":"#0"}}},{"from":[3.75,9,3.75],"to":[3.75,14,12.25],"rotation":{"angle":0,"axis":"y","origin":[4.25,9,3.75]},"faces":{"north":{"uv":[0,0,0,1.25],"texture":"#0"},"east":{"uv":[4,8,6.25,9.25],"texture":"#0"},"south":{"uv":[0,0,0,1.25],"texture":"#0"},"west":{"uv":[8,4,10.25,5.25],"texture":"#0"},"up":{"uv":[0,2.25,0,0],"texture":"#0"},"down":{"uv":[0,0,0,2.25],"texture":"#0"}}},{"from":[12.25,9,3.75],"to":[12.25,14,12.25],"rotation":{"angle":0,"axis":"y","origin":[11.75,9,12.25]},"faces":{"north":{"uv":[0,0,0,1.25],"texture":"#0"},"east":{"uv":[8,4,10.25,5.25],"texture":"#0"},"south":{"uv":[0,0,0,1.25],"texture":"#0"},"west":{"uv":[4,8,6.25,9.25],"texture":"#0"},"up":{"uv":[0,0,0,2.25],"texture":"#0"},"down":{"uv":[0,2.25,0,0],"texture":"#0"}}},{"from":[3.8,-0.2,3.8],"to":[12.2,9.2,12.2],"rotation":{"angle":0,"axis":"y","origin":[4,0,4]},"faces":{"north":{"uv":[0,4.5,2,6.75],"texture":"#0"},"east":{"uv":[2,4.5,4,6.75],"texture":"#0"},"south":{"uv":[4,4.5,6,6.75],"texture":"#0"},"west":{"uv":[6,4.5,8,6.75],"texture":"#0"},"up":{"uv":[2,8.75,0,6.75],"texture":"#0"},"down":{"uv":[4,6.75,2,8.75],"texture":"#0"}}}],"gui_light":"front","display":{"ground":{"translation":[0,6.5,0]},"gui":{"rotation":[180,1.25,180],"translation":[0.5,1,0],"scale":[0.83203,0.83203,0.83203]},"head":{"translation":[0,7.25,0],"scale":[1.7,1.7,1.7]}},"groups":[{"name":"creaking_hat","origin":[8,8,8],"color":0,"children":[0,1,2,3,4,5,6,7]}],"mcmodels":"d0b5500512118c4c19371da2e4c8b124"}