{
	"credit": "Made with Blockbench",
	"texture_size": [32, 32],
	"textures": {
		"0": "cosmetics/hats/elfhat"
	},
	"elements": [
		{
			"from": [3.05, 0, 3.75],
			"to": [11.05, 3.5, 11.75],
			"rotation": {"angle": 0, "axis": "y", "origin": [7.05, 5.15631, 8.51432]},
			"faces": {
				"north": {"uv": [4, 0, 8, 1.75], "texture": "#0"},
				"east": {"uv": [4, 2, 8, 3.75], "texture": "#0"},
				"south": {"uv": [4, 4, 8, 5.75], "texture": "#0"},
				"west": {"uv": [4, 6, 8, 7.75], "texture": "#0"},
				"up": {"uv": [4, 4, 0, 0], "texture": "#0"},
				"down": {"uv": [4, 4, 0, 8], "texture": "#0"}
			}
		},
		{
			"from": [3.05, 1.63074, 13.47693],
			"to": [11.05, 4.63074, 13.47693],
			"rotation": {"angle": 22.5, "axis": "x", "origin": [7.05, 5.15631, 8.51432]},
			"faces": {
				"north": {"uv": [2.5, 8, 6.5, 9.5], "texture": "#0"},
				"east": {"uv": [0, 0, 0, 1.5], "texture": "#0"},
				"south": {"uv": [8, 2.5, 12, 4], "texture": "#0"},
				"west": {"uv": [0, 0, 0, 1.5], "texture": "#0"},
				"up": {"uv": [4, 0, 0, 0], "texture": "#0"},
				"down": {"uv": [4, 0, 0, 0], "texture": "#0"}
			}
		},
		{
			"from": [12.71875, 1.92323, 3.75],
			"to": [12.71875, 4.92323, 11.75],
			"rotation": {"angle": -22.5, "axis": "z", "origin": [7.05, 5.15631, 8.51432]},
			"faces": {
				"north": {"uv": [0, 0, 0, 1.5], "texture": "#0"},
				"east": {"uv": [8, 4, 12, 5.5], "texture": "#0"},
				"south": {"uv": [0, 0, 0, 1.5], "texture": "#0"},
				"west": {"uv": [8, 5.5, 12, 7], "texture": "#0"},
				"up": {"uv": [0, 4, 0, 0], "texture": "#0"},
				"down": {"uv": [0, 0, 0, 4], "texture": "#0"}
			}
		},
		{
			"from": [1.38125, 1.92323, 3.75],
			"to": [1.38125, 4.92323, 11.75],
			"rotation": {"angle": 22.5, "axis": "z", "origin": [7.05, 5.15631, 8.51432]},
			"faces": {
				"north": {"uv": [0, 0, 0, 1.5], "texture": "#0"},
				"east": {"uv": [6.5, 8, 10.5, 9.5], "texture": "#0"},
				"south": {"uv": [0, 0, 0, 1.5], "texture": "#0"},
				"west": {"uv": [2.5, 9.5, 6.5, 11], "texture": "#0"},
				"up": {"uv": [0, 4, 0, 0], "texture": "#0"},
				"down": {"uv": [0, 0, 0, 4], "texture": "#0"}
			}
		},
		{
			"from": [3.05, 2.21573, 2.13943],
			"to": [11.05, 5.21573, 2.13943],
			"rotation": {"angle": -22.5, "axis": "x", "origin": [7.05, 5.15631, 8.51432]},
			"faces": {
				"north": {"uv": [6.5, 9.5, 10.5, 11], "texture": "#0"},
				"east": {"uv": [0, 0, 0, 1.5], "texture": "#0"},
				"south": {"uv": [10.5, 0, 14.5, 1.5], "texture": "#0"},
				"west": {"uv": [0, 0, 0, 1.5], "texture": "#0"},
				"up": {"uv": [4, 0, 0, 0], "texture": "#0"},
				"down": {"uv": [4, 0, 0, 0], "texture": "#0"}
			}
		},
		{
			"from": [4.55, 2.27701, 5.90763],
			"to": [9.55, 6.27701, 10.90763],
			"rotation": {"angle": 22.5, "axis": "x", "origin": [7.05, 5.15631, 8.51432]},
			"faces": {
				"north": {"uv": [0, 10.5, 2.5, 12.5], "texture": "#0"},
				"east": {"uv": [10.5, 7, 13, 9], "texture": "#0"},
				"south": {"uv": [10.5, 9, 13, 11], "texture": "#0"},
				"west": {"uv": [2.5, 11, 5, 13], "texture": "#0"},
				"up": {"uv": [2.5, 10.5, 0, 8], "texture": "#0"},
				"down": {"uv": [10.5, 0, 8, 2.5], "texture": "#0"}
			}
		},
		{
			"from": [5.55, 5.28669, 6.51285],
			"to": [8.55, 9.28669, 9.51285],
			"rotation": {"angle": 45, "axis": "x", "origin": [7.05, 5.15631, 8.51432]},
			"faces": {
				"north": {"uv": [5, 11, 6.5, 13], "texture": "#0"},
				"east": {"uv": [6.5, 11, 8, 13], "texture": "#0"},
				"south": {"uv": [8, 11, 9.5, 13], "texture": "#0"},
				"west": {"uv": [9.5, 11, 11, 13], "texture": "#0"},
				"up": {"uv": [12.5, 12.5, 11, 11], "texture": "#0"},
				"down": {"uv": [13.5, 1.5, 12, 3], "texture": "#0"}
			}
		},
		{
			"from": [6.3, 6.58293, 11.61227],
			"to": [7.8, 8.08293, 14.61227],
			"rotation": {"angle": -22.5, "axis": "x", "origin": [7.05, 5.15631, 8.51432]},
			"faces": {
				"north": {"uv": [12, 12.5, 12.75, 13.25], "texture": "#0"},
				"east": {"uv": [8, 7, 9.5, 7.75], "texture": "#0"},
				"south": {"uv": [2, 13, 2.75, 13.75], "texture": "#0"},
				"west": {"uv": [10.5, 1.5, 12, 2.25], "texture": "#0"},
				"up": {"uv": [12.75, 4.5, 12, 3], "texture": "#0"},
				"down": {"uv": [12.75, 4.5, 12, 6], "texture": "#0"}
			}
		},
		{
			"from": [6.05, 8.73591, 11.39558],
			"to": [8.05, 10.73591, 13.39558],
			"rotation": {"angle": 22.5, "axis": "x", "origin": [7.05, 5.15631, 8.51432]},
			"faces": {
				"north": {"uv": [9.5, 7, 10.5, 8], "texture": "#0"},
				"east": {"uv": [12, 6, 13, 7], "texture": "#0"},
				"south": {"uv": [0, 12.5, 1, 13.5], "texture": "#0"},
				"west": {"uv": [1, 12.5, 2, 13.5], "texture": "#0"},
				"up": {"uv": [12, 13.5, 11, 12.5], "texture": "#0"},
				"down": {"uv": [13.5, 11, 12.5, 12], "texture": "#0"}
			}
		}
	],
	"display": {
		"thirdperson_righthand": {
			"rotation": [70, 0, 0],
			"translation": [0, 1, 1.5],
			"scale": [0.5, 0.5, 0.5]
		},
		"thirdperson_lefthand": {
			"rotation": [70, 0, 0],
			"translation": [0, 1, 1.5],
			"scale": [0.5, 0.5, 0.5]
		},
		"firstperson_righthand": {
			"translation": [0, 3, 0]
		},
		"firstperson_lefthand": {
			"translation": [0, 3, 0]
		},
		"ground": {
			"translation": [0, 6, 0]
		},
		"gui": {
			"rotation": [-160, 45, -180],
			"translation": [-0.5, 2.75, 0]
		},
		"head": {
			"translation": [1.75, 17.25, 0.5],
			"scale": [1.9, 1.9, 1.9]
		},
		"fixed": {
			"translation": [0.5, 3.75, 0]
		}
	},
	"groups": [
		{
			"name": "elfhat",
			"origin": [-0.95, 0, -0.25],
			"color": 0,
			"children": [0, 1, 2, 3, 4, 5, 6, 7, 8]
		}
	]
}