{"credit":"Made with Blockbench","texture_size":[32,32],"textures":{"0":"cosmetics/hats/end_hat","particle":"cosmetic_packv6/end_hat"},"elements":[{"from":[3,0,5],"to":[13,5,14],"rotation":{"angle":0,"axis":"y","origin":[3,0,5]},"faces":{"north":{"uv":[5,0,10,2.5],"texture":"#0"},"east":{"uv":[5,5,9.5,7.5],"texture":"#0"},"south":{"uv":[5,2.5,10,5],"texture":"#0"},"west":{"uv":[5,7.5,9.5,10],"texture":"#0"},"up":{"uv":[5,4.5,0,0],"texture":"#0"},"down":{"uv":[5,4.5,0,9],"texture":"#0"}}},{"from":[5,0,-1],"to":[11,3,5],"rotation":{"angle":0,"axis":"y","origin":[5,0,-1]},"faces":{"north":{"uv":[9.5,8,12.5,9.5],"texture":"#0"},"east":{"uv":[9.5,9.5,12.5,11],"texture":"#0"},"south":{"uv":[10,0,13,1.5],"texture":"#0"},"west":{"uv":[10,1.5,13,3],"texture":"#0"},"up":{"uv":[3,12,0,9],"texture":"#0"},"down":{"uv":[12.5,5,9.5,8],"texture":"#0"}}},{"from":[5,-3,-1],"to":[11,0,-1],"rotation":{"angle":0,"axis":"y","origin":[5,-3,-1]},"faces":{"north":{"uv":[3,10,6,11.5],"texture":"#0"},"east":{"uv":[0,0,0,1.5],"texture":"#0"},"south":{"uv":[10,3,13,4.5],"texture":"#0"},"west":{"uv":[0,0,0,1.5],"texture":"#0"},"up":{"uv":[3,0,0,0],"texture":"#0"},"down":{"uv":[3,0,0,0],"texture":"#0"}}},{"from":[5,-3,-1],"to":[5,0,5],"rotation":{"angle":0,"axis":"y","origin":[5,-3,-1]},"faces":{"north":{"uv":[0,0,0,1.5],"texture":"#0"},"east":{"uv":[6,10,9,11.5],"texture":"#0"},"south":{"uv":[0,0,0,1.5],"texture":"#0"},"west":{"uv":[9,11,12,12.5],"texture":"#0"},"up":{"uv":[0,3,0,0],"texture":"#0"},"down":{"uv":[0,0,0,3],"texture":"#0"}}},{"from":[11,-3,-1],"to":[11,0,5],"rotation":{"angle":0,"axis":"y","origin":[11,-3,-1]},"faces":{"north":{"uv":[0,0,0,1.5],"texture":"#0"},"east":{"uv":[12,11,9,12.5],"texture":"#0"},"south":{"uv":[0,0,0,1.5],"texture":"#0"},"west":{"uv":[9,10,6,11.5],"texture":"#0"},"up":{"uv":[0,3,0,0],"texture":"#0"},"down":{"uv":[0,0,0,3],"texture":"#0"}}},{"from":[3.25,6,11.75],"to":[6.25,8,14.75],"rotation":{"angle":22.5,"axis":"x","origin":[4.25,7,8.75]},"faces":{"north":{"uv":[3,9,4.5,10],"texture":"#0"},"east":{"uv":[6,11.5,7.5,12.5],"texture":"#0"},"south":{"uv":[7.5,11.5,9,12.5],"texture":"#0"},"west":{"uv":[0,12,1.5,13],"texture":"#0"},"up":{"uv":[4.5,13,3,11.5],"texture":"#0"},"down":{"uv":[6,11.5,4.5,13],"texture":"#0"}}},{"from":[3.75,7.5,13],"to":[5.75,10.5,15],"rotation":{"angle":22.5,"axis":"x","origin":[4.75,8.5,10]},"faces":{"north":{"uv":[1.5,12,2.5,13.5],"texture":"#0"},"east":{"uv":[12,11,13,12.5],"texture":"#0"},"south":{"uv":[12.5,4.5,13.5,6],"texture":"#0"},"west":{"uv":[6,12.5,7,14],"texture":"#0"},"up":{"uv":[13.5,7,12.5,6],"texture":"#0"},"down":{"uv":[8,12.5,7,13.5],"texture":"#0"}}},{"from":[10.25,7.5,13],"to":[12.25,10.5,15],"rotation":{"angle":22.5,"axis":"x","origin":[11.25,8.5,10]},"faces":{"north":{"uv":[2.5,12,1.5,13.5],"texture":"#0"},"east":{"uv":[7,12.5,6,14],"texture":"#0"},"south":{"uv":[13.5,4.5,12.5,6],"texture":"#0"},"west":{"uv":[13,11,12,12.5],"texture":"#0"},"up":{"uv":[12.5,7,13.5,6],"texture":"#0"},"down":{"uv":[7,12.5,8,13.5],"texture":"#0"}}},{"from":[9.75,6,11.75],"to":[12.75,8,14.75],"rotation":{"angle":22.5,"axis":"x","origin":[11.75,7,8.75]},"faces":{"north":{"uv":[4.5,9,3,10],"texture":"#0"},"east":{"uv":[1.5,12,0,13],"texture":"#0"},"south":{"uv":[9,11.5,7.5,12.5],"texture":"#0"},"west":{"uv":[7.5,11.5,6,12.5],"texture":"#0"},"up":{"uv":[3,13,4.5,11.5],"texture":"#0"},"down":{"uv":[4.5,11.5,6,13],"texture":"#0"}}}],"gui_light":"front","display":{"thirdperson_righthand":{"translation":[0,7.25,0]},"thirdperson_lefthand":{"translation":[0,7.25,0]},"gui":{"rotation":[-158.76,-32.36,-176.38],"translation":[0.75,4.5,0],"scale":[0.89648,0.89648,0.89648]},"head":{"translation":[0,14.25,-2.25],"scale":[1.7,1.7,1.7]}},"groups":[{"name":"end_hat","origin":[8,8,8],"color":0,"children":[0,1,2,3,4,5,6,7,8]}],"mcmodels":"378ba8a653ab8c930abe4f8d5cc37930"}