{"credit":"Made with Blockbench","texture_size":[32,32],"textures":{"0":"cosmetics/hats/engineer_hat","particle":"cosmetic_packv6/engineer_hat"},"elements":[{"from":[4,-1,4],"to":[4,2,12],"rotation":{"angle":0,"axis":"y","origin":[4,0,4]},"faces":{"north":{"uv":[0,0,0,1.5],"texture":"#0"},"east":{"uv":[0,0,4,1.5],"texture":"#0"},"south":{"uv":[0,0,0,1.5],"texture":"#0"},"west":{"uv":[0,1.5,4,3],"texture":"#0"},"up":{"uv":[0,4,0,0],"texture":"#0"},"down":{"uv":[0,0,0,4],"texture":"#0"}}},{"from":[12,-1,4],"to":[12,2,12],"rotation":{"angle":0,"axis":"y","origin":[12,0,4]},"faces":{"north":{"uv":[0,0,0,1.5],"texture":"#0"},"east":{"uv":[0,3,4,4.5],"texture":"#0"},"south":{"uv":[0,0,0,1.5],"texture":"#0"},"west":{"uv":[4,0,8,1.5],"texture":"#0"},"up":{"uv":[0,4,0,0],"texture":"#0"},"down":{"uv":[0,0,0,4],"texture":"#0"}}},{"from":[4,-1,4],"to":[12,2,4],"rotation":{"angle":0,"axis":"y","origin":[4,0,4]},"faces":{"north":{"uv":[4,1.5,8,3],"texture":"#0"},"east":{"uv":[0,0,0,1.5],"texture":"#0"},"south":{"uv":[4,3,8,4.5],"texture":"#0"},"west":{"uv":[0,0,0,1.5],"texture":"#0"},"up":{"uv":[4,0,0,0],"texture":"#0"},"down":{"uv":[4,0,0,0],"texture":"#0"}}},{"from":[7,2,4],"to":[9,5,4],"rotation":{"angle":0,"axis":"y","origin":[4,2,4]},"faces":{"north":{"uv":[2,6.5,3,8],"texture":"#0"},"east":{"uv":[0,0,0,1.5],"texture":"#0"},"south":{"uv":[3,6.5,4,8],"texture":"#0"},"west":{"uv":[0,0,0,1.5],"texture":"#0"},"up":{"uv":[1,0,0,0],"texture":"#0"},"down":{"uv":[1,0,0,0],"texture":"#0"}}},{"from":[7,2,12],"to":[9,5,12],"rotation":{"angle":0,"axis":"y","origin":[4,2,12]},"faces":{"north":{"uv":[4,6.5,5,8],"texture":"#0"},"east":{"uv":[0,0,0,1.5],"texture":"#0"},"south":{"uv":[5,6.5,6,8],"texture":"#0"},"west":{"uv":[0,0,0,1.5],"texture":"#0"},"up":{"uv":[1,0,0,0],"texture":"#0"},"down":{"uv":[1,0,0,0],"texture":"#0"}}},{"from":[7,5,4],"to":[9,5,12],"rotation":{"angle":0,"axis":"y","origin":[4,2,12]},"faces":{"north":{"uv":[0,0,1,0],"texture":"#0"},"east":{"uv":[0,0,4,0],"texture":"#0"},"south":{"uv":[0,0,1,0],"texture":"#0"},"west":{"uv":[0,0,4,0],"texture":"#0"},"up":{"uv":[1,8.5,0,4.5],"texture":"#0"},"down":{"uv":[2,4.5,1,8.5],"texture":"#0"}}},{"from":[11.99,1.99,10.99],"to":[12.01,5.01,12.01],"rotation":{"angle":22.5,"axis":"x","origin":[12,2,11]},"faces":{"north":{"uv":[1,9.5,1,11],"texture":"#0"},"east":{"uv":[6,7.5,6.5,9],"texture":"#0"},"south":{"uv":[0.5,9.5,0.5,11],"texture":"#0"},"west":{"uv":[6.5,7.5,7,9],"texture":"#0"},"up":{"uv":[0,11,0,10.5],"texture":"#0"},"down":{"uv":[0,9.5,0,10],"texture":"#0"}}},{"from":[4,0,12],"to":[12,2,12],"rotation":{"angle":0,"axis":"y","origin":[12,0,12]},"faces":{"north":{"uv":[2,4.5,6,5.5],"texture":"#0"},"east":{"uv":[0,0,0,1],"texture":"#0"},"south":{"uv":[2,5.5,6,6.5],"texture":"#0"},"west":{"uv":[0,0,0,1],"texture":"#0"},"up":{"uv":[4,0,0,0],"texture":"#0"},"down":{"uv":[4,0,0,0],"texture":"#0"}}},{"from":[5,-0.5,2.5],"to":[7,1.5,3.5],"rotation":{"angle":-22.5,"axis":"z","origin":[6,0.5,3.375]},"faces":{"north":{"uv":[7.5,4.5,8.5,5.5],"texture":"#0"},"east":{"uv":[3,8,3.5,9],"texture":"#0"},"south":{"uv":[7.5,5.5,8.5,6.5],"texture":"#0"},"west":{"uv":[3.5,8,4,9],"texture":"#0"},"up":{"uv":[9,4,8,3.5],"texture":"#0"},"down":{"uv":[5,8,4,8.5],"texture":"#0"}}},{"from":[4.5,-1,3.75],"to":[7.5,2,3.75],"rotation":{"angle":-22.5,"axis":"z","origin":[6,0.5,3.375]},"faces":{"north":{"uv":[6,4.5,7.5,6],"texture":"#0"},"east":{"uv":[0,0,0,1.5],"texture":"#0"},"south":{"uv":[6,6,7.5,7.5],"texture":"#0"},"west":{"uv":[0,0,0,1.5],"texture":"#0"},"up":{"uv":[1.5,0,0,0],"texture":"#0"},"down":{"uv":[1.5,0,0,0],"texture":"#0"}}},{"from":[4.5,2,2.75],"to":[7.5,2,3.75],"rotation":{"angle":-22.5,"axis":"z","origin":[6,0.5,3.375]},"faces":{"north":{"uv":[0,0,1.5,0],"texture":"#0"},"east":{"uv":[0,0,0.5,0],"texture":"#0"},"south":{"uv":[0,0,1.5,0],"texture":"#0"},"west":{"uv":[0,0,0.5,0],"texture":"#0"},"up":{"uv":[9,7,7.5,6.5],"texture":"#0"},"down":{"uv":[8.5,7.5,7,8],"texture":"#0"}}},{"from":[4.5,-1,2.75],"to":[7.5,-1,3.75],"rotation":{"angle":-22.5,"axis":"z","origin":[6,0.5,3.375]},"faces":{"north":{"uv":[0,0,1.5,0],"texture":"#0"},"east":{"uv":[0,0,0.5,0],"texture":"#0"},"south":{"uv":[0,0,1.5,0],"texture":"#0"},"west":{"uv":[0,0,0.5,0],"texture":"#0"},"up":{"uv":[9,7.5,7.5,7],"texture":"#0"},"down":{"uv":[9.5,0,8,0.5],"texture":"#0"}}},{"from":[4.5,-1,2.75],"to":[4.5,2,3.75],"rotation":{"angle":-22.5,"axis":"z","origin":[6,0.5,3.375]},"faces":{"north":{"uv":[0,0,0,1.5],"texture":"#0"},"east":{"uv":[8,0.5,8.5,2],"texture":"#0"},"south":{"uv":[0,0,0,1.5],"texture":"#0"},"west":{"uv":[2,8,2.5,9.5],"texture":"#0"},"up":{"uv":[0,0.5,0,0],"texture":"#0"},"down":{"uv":[0,0,0,0.5],"texture":"#0"}}},{"from":[7.5,-1,2.75],"to":[7.5,2,3.75],"rotation":{"angle":-22.5,"axis":"z","origin":[6,0.5,3.375]},"faces":{"north":{"uv":[0,0,0,1.5],"texture":"#0"},"east":{"uv":[8,2,8.5,3.5],"texture":"#0"},"south":{"uv":[0,0,0,1.5],"texture":"#0"},"west":{"uv":[2.5,8,3,9.5],"texture":"#0"},"up":{"uv":[0,0.5,0,0],"texture":"#0"},"down":{"uv":[0,0,0,0.5],"texture":"#0"}}},{"from":[9,-0.5,2.5],"to":[11,1.5,3.5],"rotation":{"angle":22.5,"axis":"z","origin":[10,0.5,3.375]},"faces":{"north":{"uv":[8.5,4.5,7.5,5.5],"texture":"#0"},"east":{"uv":[4,8,3.5,9],"texture":"#0"},"south":{"uv":[8.5,5.5,7.5,6.5],"texture":"#0"},"west":{"uv":[3.5,8,3,9],"texture":"#0"},"up":{"uv":[8,4,9,3.5],"texture":"#0"},"down":{"uv":[4,8,5,8.5],"texture":"#0"}}},{"from":[8.5,-1,3.75],"to":[11.5,2,3.75],"rotation":{"angle":22.5,"axis":"z","origin":[10,0.5,3.375]},"faces":{"north":{"uv":[7.5,4.5,6,6],"texture":"#0"},"east":{"uv":[0,0,0,1.5],"texture":"#0"},"south":{"uv":[7.5,6,6,7.5],"texture":"#0"},"west":{"uv":[0,0,0,1.5],"texture":"#0"},"up":{"uv":[0,0,1.5,0],"texture":"#0"},"down":{"uv":[0,0,1.5,0],"texture":"#0"}}},{"from":[8.5,2,2.75],"to":[11.5,2,3.75],"rotation":{"angle":22.5,"axis":"z","origin":[10,0.5,3.375]},"faces":{"north":{"uv":[1.5,0,0,0],"texture":"#0"},"east":{"uv":[0.5,0,0,0],"texture":"#0"},"south":{"uv":[1.5,0,0,0],"texture":"#0"},"west":{"uv":[0.5,0,0,0],"texture":"#0"},"up":{"uv":[7.5,7,9,6.5],"texture":"#0"},"down":{"uv":[7,7.5,8.5,8],"texture":"#0"}}},{"from":[8.5,-1,2.75],"to":[11.5,-1,3.75],"rotation":{"angle":22.5,"axis":"z","origin":[10,0.5,3.375]},"faces":{"north":{"uv":[1.5,0,0,0],"texture":"#0"},"east":{"uv":[0.5,0,0,0],"texture":"#0"},"south":{"uv":[1.5,0,0,0],"texture":"#0"},"west":{"uv":[0.5,0,0,0],"texture":"#0"},"up":{"uv":[7.5,7.5,9,7],"texture":"#0"},"down":{"uv":[8,0,9.5,0.5],"texture":"#0"}}},{"from":[11.5,-1,2.75],"to":[11.5,2,3.75],"rotation":{"angle":22.5,"axis":"z","origin":[10,0.5,3.375]},"faces":{"north":{"uv":[0,0,0,1.5],"texture":"#0"},"east":{"uv":[2.5,8,2,9.5],"texture":"#0"},"south":{"uv":[0,0,0,1.5],"texture":"#0"},"west":{"uv":[8.5,0.5,8,2],"texture":"#0"},"up":{"uv":[0,0.5,0,0],"texture":"#0"},"down":{"uv":[0,0,0,0.5],"texture":"#0"}}},{"from":[8.5,-1,2.75],"to":[8.5,2,3.75],"rotation":{"angle":22.5,"axis":"z","origin":[10,0.5,3.375]},"faces":{"north":{"uv":[0,0,0,1.5],"texture":"#0"},"east":{"uv":[3,8,2.5,9.5],"texture":"#0"},"south":{"uv":[0,0,0,1.5],"texture":"#0"},"west":{"uv":[8.5,2,8,3.5],"texture":"#0"},"up":{"uv":[0,0.5,0,0],"texture":"#0"},"down":{"uv":[0,0,0,0.5],"texture":"#0"}}}],"gui_light":"front","display":{"gui":{"rotation":[-172.59,-29.94,-177.96],"translation":[0.75,7,0],"scale":[1.25,1.25,1.25]},"head":{"translation":[0,12.75,0],"scale":[1.7,1.7,1.7]}},"groups":[{"name":"engineer_hat","origin":[8,8,8],"color":0,"children":[0,1,2,3,4,5,6,7,{"name":"glass1","origin":[8,8,8],"color":0,"children":[8,9,10,11,12,13]},{"name":"glass2","origin":[8,8,8],"color":0,"children":[14,15,16,17,18,19]}]}],"mcmodels":"378ba8a653ab8c930abe4f8d5cc37930"}