{
	"credit": "Made with Blockbench",
	"texture_size": [32, 32],
	"textures": {
		"0": "item/cosmetic/farmerhat"
	},
	"elements": [
		{
			"from": [4.12137, -0.11137, 3.97285],
			"to": [12.12137, 2.88863, 11.97285],
			"rotation": {"angle": 0, "axis": "y", "origin": [8.31, -3.86137, 8.05722]},
			"faces": {
				"north": {"uv": [7, 8, 11, 9.5], "texture": "#0"},
				"east": {"uv": [7, 9.5, 11, 11], "texture": "#0"},
				"south": {"uv": [11, 0, 15, 1.5], "texture": "#0"},
				"west": {"uv": [11, 1.5, 15, 3], "texture": "#0"},
				"up": {"uv": [11, 4, 7, 0], "texture": "#0"},
				"down": {"uv": [11, 4, 7, 8], "texture": "#0"}
			}
		},
		{
			"from": [1.12137, -0.11137, 0.97285],
			"to": [15.12137, -0.11137, 14.97285],
			"rotation": {"angle": 0, "axis": "y", "origin": [8.31, -3.86137, 8.05722]},
			"faces": {
				"north": {"uv": [0, 0, 7, 0], "texture": "#0"},
				"east": {"uv": [0, 0, 7, 0], "texture": "#0"},
				"south": {"uv": [0, 0, 7, 0], "texture": "#0"},
				"west": {"uv": [0, 0, 7, 0], "texture": "#0"},
				"up": {"uv": [7, 7, 0, 0], "texture": "#0"},
				"down": {"uv": [7, 7, 0, 14], "texture": "#0"}
			}
		},
		{
			"from": [3.87137, -0.11137, 3.72285],
			"to": [12.37137, 1.38863, 3.72285],
			"rotation": {"angle": 0, "axis": "y", "origin": [8.31, -3.86137, 8.05722]},
			"faces": {
				"north": {"uv": [11, 3, 15.25, 3.75], "texture": "#0"},
				"east": {"uv": [0, 0, 0, 0.75], "texture": "#0"},
				"south": {"uv": [11, 4, 15.25, 4.75], "texture": "#0"},
				"west": {"uv": [0, 0, 0, 0.75], "texture": "#0"},
				"up": {"uv": [4.25, 0, 0, 0], "texture": "#0"},
				"down": {"uv": [4.25, 0, 0, 0], "texture": "#0"}
			}
		},
		{
			"from": [3.87137, -0.11137, 3.72285],
			"to": [3.87137, 1.38863, 12.22285],
			"rotation": {"angle": 0, "axis": "y", "origin": [8.31, -3.86137, 8.05722]},
			"faces": {
				"north": {"uv": [0, 0, 0, 0.75], "texture": "#0"},
				"east": {"uv": [11, 5, 15.25, 5.75], "texture": "#0"},
				"south": {"uv": [0, 0, 0, 0.75], "texture": "#0"},
				"west": {"uv": [11, 6, 15.25, 6.75], "texture": "#0"},
				"up": {"uv": [0, 4.25, 0, 0], "texture": "#0"},
				"down": {"uv": [0, 0, 0, 4.25], "texture": "#0"}
			}
		},
		{
			"from": [3.87137, -0.11137, 12.22285],
			"to": [12.37137, 1.38863, 12.22285],
			"rotation": {"angle": 0, "axis": "y", "origin": [8.31, -3.86137, 8.05722]},
			"faces": {
				"north": {"uv": [7, 11, 11.25, 11.75], "texture": "#0"},
				"east": {"uv": [0, 0, 0, 0.75], "texture": "#0"},
				"south": {"uv": [11, 7, 15.25, 7.75], "texture": "#0"},
				"west": {"uv": [0, 0, 0, 0.75], "texture": "#0"},
				"up": {"uv": [4.25, 0, 0, 0], "texture": "#0"},
				"down": {"uv": [4.25, 0, 0, 0], "texture": "#0"}
			}
		},
		{
			"from": [12.37137, -0.11137, 3.72285],
			"to": [12.37137, 1.38863, 12.22285],
			"rotation": {"angle": 0, "axis": "y", "origin": [8.31, -3.86137, 8.05722]},
			"faces": {
				"north": {"uv": [0, 0, 0, 0.75], "texture": "#0"},
				"east": {"uv": [11, 8, 15.25, 8.75], "texture": "#0"},
				"south": {"uv": [0, 0, 0, 0.75], "texture": "#0"},
				"west": {"uv": [11, 9, 15.25, 9.75], "texture": "#0"},
				"up": {"uv": [0, 4.25, 0, 0], "texture": "#0"},
				"down": {"uv": [0, 0, 0, 4.25], "texture": "#0"}
			}
		}
	],
	"display": {
		"thirdperson_righthand": {
			"rotation": [70, 0, 0],
			"translation": [0, 1, 3],
			"scale": [0.5, 0.5, 0.5]
		},
		"thirdperson_lefthand": {
			"rotation": [70, 0, 0],
			"translation": [0, 1, 3],
			"scale": [0.5, 0.5, 0.5]
		},
		"firstperson_righthand": {
			"translation": [0, 5, 0]
		},
		"firstperson_lefthand": {
			"translation": [0, 5, 0]
		},
		"ground": {
			"translation": [0, 6.5, 0]
		},
		"gui": {
			"rotation": [-160, 45, -180],
			"translation": [0, 6, 0],
			"scale": [0.9, 0.9, 0.9]
		},
		"head": {
			"translation": [-0.25, 18, 0],
			"scale": [1.9, 1.9, 1.9]
		},
		"fixed": {
			"translation": [0, 7, 0]
		}
	},
	"groups": [
		{
			"name": "farmerhat",
			"origin": [8.31, -3.86137, 8.05722],
			"color": 0,
			"children": [0, 1, 2, 3, 4, 5]
		}
	]
}