{
	"credit": "Made with Blockbench",
	"texture_size": [64, 64],
	"textures": {
		"0": "item/cosmetic/feathershat"
	},
	"elements": [
		{
			"from": [1.252, 0, 1.002],
			"to": [15.004, 0, 14.842],
			"rotation": {"angle": 0, "axis": "y", "origin": [5.628, 0, 7.922]},
			"faces": {
				"north": {"uv": [0, 0, 3.5, 0], "texture": "#0"},
				"east": {"uv": [0, 0, 3.5, 0], "texture": "#0"},
				"south": {"uv": [0, 0, 3.5, 0], "texture": "#0"},
				"west": {"uv": [0, 0, 3.5, 0], "texture": "#0"},
				"up": {"uv": [3.5, 3.5, 0, 0], "texture": "#0"},
				"down": {"uv": [3.5, 3.5, 0, 7], "texture": "#0"}
			}
		},
		{
			"from": [3.962, 0.5, 3.962],
			"to": [3.962, 2, 12.132],
			"rotation": {"angle": 0, "axis": "y", "origin": [8.162, 1.25, 10.0895]},
			"faces": {
				"north": {"uv": [0, 0, 0, 0.375], "texture": "#0"},
				"east": {"uv": [5.5, 3.5, 7.5, 3.875], "texture": "#0"},
				"south": {"uv": [0, 0, 0, 0.375], "texture": "#0"},
				"west": {"uv": [5.5, 4, 7.5, 4.375], "texture": "#0"},
				"up": {"uv": [0, 2, 0, 0], "texture": "#0"},
				"down": {"uv": [0, 0, 0, 2], "texture": "#0"}
			}
		},
		{
			"from": [3.962, 0.5, 12.132],
			"to": [12.362, 2, 12.132],
			"rotation": {"angle": 0, "axis": "y", "origin": [8.162, 1.25, 10.0895]},
			"faces": {
				"north": {"uv": [5.5, 2.5, 7.625, 2.875], "texture": "#0"},
				"east": {"uv": [0, 0, 0, 0.375], "texture": "#0"},
				"south": {"uv": [5.5, 3, 7.625, 3.375], "texture": "#0"},
				"west": {"uv": [0, 0, 0, 0.375], "texture": "#0"},
				"up": {"uv": [2.125, 0, 0, 0], "texture": "#0"},
				"down": {"uv": [2.125, 0, 0, 0], "texture": "#0"}
			}
		},
		{
			"from": [12.362, 0.5, 4.132],
			"to": [12.362, 2, 12.132],
			"rotation": {"angle": 0, "axis": "y", "origin": [8.162, 1.25, 10.0895]},
			"faces": {
				"north": {"uv": [0, 0, 0, 0.375], "texture": "#0"},
				"east": {"uv": [5.5, 4.5, 7.5, 4.875], "texture": "#0"},
				"south": {"uv": [0, 0, 0, 0.375], "texture": "#0"},
				"west": {"uv": [5.5, 5, 7.5, 5.375], "texture": "#0"},
				"up": {"uv": [0, 2, 0, 0], "texture": "#0"},
				"down": {"uv": [0, 0, 0, 2], "texture": "#0"}
			}
		},
		{
			"from": [4.212, 0, 3.962],
			"to": [12.132, 4.504, 11.882],
			"rotation": {"angle": 0, "axis": "y", "origin": [8.172, 2.252, 7.922]},
			"faces": {
				"north": {"uv": [3.5, 4, 5.5, 5.125], "texture": "#0"},
				"east": {"uv": [3.5, 5.25, 5.5, 6.375], "texture": "#0"},
				"south": {"uv": [5.5, 0, 7.5, 1.125], "texture": "#0"},
				"west": {"uv": [5.5, 1.25, 7.5, 2.375], "texture": "#0"},
				"up": {"uv": [5.5, 2, 3.5, 0], "texture": "#0"},
				"down": {"uv": [5.5, 2, 3.5, 4], "texture": "#0"}
			}
		},
		{
			"from": [5.212, 4.504, 4.212],
			"to": [6.712, 7.504, 4.212],
			"rotation": {"angle": 22.5, "axis": "x", "origin": [6.962, 4.504, 3.962]},
			"faces": {
				"north": {"uv": [7.5, 1, 7.875, 1.75], "texture": "#0"},
				"east": {"uv": [0, 0, 0, 0.75], "texture": "#0"},
				"south": {"uv": [7.5, 1.75, 7.875, 2.5], "texture": "#0"},
				"west": {"uv": [0, 0, 0, 0.75], "texture": "#0"},
				"up": {"uv": [0.375, 0, 0, 0], "texture": "#0"},
				"down": {"uv": [0.375, 0, 0, 0], "texture": "#0"}
			}
		},
		{
			"from": [9.612, 4.38982, 4.78603],
			"to": [11.112, 7.38982, 4.78603],
			"rotation": {"angle": 22.5, "axis": "x", "origin": [10.362, 5.88982, 4.53603]},
			"faces": {
				"north": {"uv": [7.5, 3.5, 7.875, 4.25], "texture": "#0"},
				"east": {"uv": [0, 0, 0, 0.75], "texture": "#0"},
				"south": {"uv": [7.5, 4.25, 7.875, 5], "texture": "#0"},
				"west": {"uv": [0, 0, 0, 0.75], "texture": "#0"},
				"up": {"uv": [0.375, 0, 0, 0], "texture": "#0"},
				"down": {"uv": [0.375, 0, 0, 0], "texture": "#0"}
			}
		},
		{
			"from": [7.362, 4.38982, 4.78603],
			"to": [8.862, 8.38982, 4.78603],
			"rotation": {"angle": 22.5, "axis": "x", "origin": [10.362, 5.88982, 4.53603]},
			"faces": {
				"north": {"uv": [7, 6.5, 7.375, 7.5], "texture": "#0"},
				"east": {"uv": [0, 0, 0, 1], "texture": "#0"},
				"south": {"uv": [7.5, 0, 7.875, 1], "texture": "#0"},
				"west": {"uv": [0, 0, 0, 1], "texture": "#0"},
				"up": {"uv": [0.375, 0, 0, 0], "texture": "#0"},
				"down": {"uv": [0.375, 0, 0, 0], "texture": "#0"}
			}
		},
		{
			"from": [4.062, 0.64087, 7.46439],
			"to": [4.062, 5.64087, 8.96439],
			"rotation": {"angle": 22.5, "axis": "x", "origin": [4.062, 3.64087, 9.21439]},
			"faces": {
				"north": {"uv": [0, 0, 0, 1.25], "texture": "#0"},
				"east": {"uv": [3.5, 6.5, 3.875, 7.75], "texture": "#0"},
				"south": {"uv": [0, 0, 0, 1.25], "texture": "#0"},
				"west": {"uv": [4, 6.5, 4.375, 7.75], "texture": "#0"},
				"up": {"uv": [0, 0.375, 0, 0], "texture": "#0"},
				"down": {"uv": [0, 0, 0, 0.375], "texture": "#0"}
			}
		},
		{
			"from": [12.312, 1.67893, 9.27305],
			"to": [12.312, 6.67893, 10.77305],
			"rotation": {"angle": 22.5, "axis": "x", "origin": [4.062, 3.17893, 9.02305]},
			"faces": {
				"north": {"uv": [0, 0, 0, 1.25], "texture": "#0"},
				"east": {"uv": [4.5, 6.5, 4.875, 7.75], "texture": "#0"},
				"south": {"uv": [0, 0, 0, 1.25], "texture": "#0"},
				"west": {"uv": [5, 6.5, 5.375, 7.75], "texture": "#0"},
				"up": {"uv": [0, 0.375, 0, 0], "texture": "#0"},
				"down": {"uv": [0, 0, 0, 0.375], "texture": "#0"}
			}
		},
		{
			"from": [12.312, 0.67893, 7.27305],
			"to": [12.312, 5.67893, 8.77305],
			"rotation": {"angle": 22.5, "axis": "x", "origin": [4.062, 3.17893, 9.02305]},
			"faces": {
				"north": {"uv": [0, 0, 0, 1.25], "texture": "#0"},
				"east": {"uv": [5.5, 6.5, 5.875, 7.75], "texture": "#0"},
				"south": {"uv": [0, 0, 0, 1.25], "texture": "#0"},
				"west": {"uv": [6, 6.5, 6.375, 7.75], "texture": "#0"},
				"up": {"uv": [0, 0.375, 0, 0], "texture": "#0"},
				"down": {"uv": [0, 0, 0, 0.375], "texture": "#0"}
			}
		},
		{
			"from": [4.062, 1.64087, 9.46439],
			"to": [4.062, 6.64087, 10.96439],
			"rotation": {"angle": 22.5, "axis": "x", "origin": [4.062, 3.64087, 9.21439]},
			"faces": {
				"north": {"uv": [0, 0, 0, 1.25], "texture": "#0"},
				"east": {"uv": [6.5, 6.5, 6.875, 7.75], "texture": "#0"},
				"south": {"uv": [0, 0, 0, 1.25], "texture": "#0"},
				"west": {"uv": [0, 7, 0.375, 8.25], "texture": "#0"},
				"up": {"uv": [0, 0.375, 0, 0], "texture": "#0"},
				"down": {"uv": [0, 0, 0, 0.375], "texture": "#0"}
			}
		},
		{
			"from": [4.212, 0.5, 3.712],
			"to": [12.132, 2, 3.712],
			"rotation": {"angle": 0, "axis": "y", "origin": [8.172, 1.5, 3.712]},
			"faces": {
				"north": {"uv": [5.5, 5.5, 7.5, 5.875], "texture": "#0"},
				"east": {"uv": [0, 0, 0, 0.375], "texture": "#0"},
				"south": {"uv": [5.5, 6, 7.5, 6.375], "texture": "#0"},
				"west": {"uv": [0, 0, 0, 0.375], "texture": "#0"},
				"up": {"uv": [2, 0, 0, 0], "texture": "#0"},
				"down": {"uv": [2, 0, 0, 0], "texture": "#0"}
			}
		},
		{
			"from": [3.74901, -0.058, 3.07091],
			"to": [6.41701, 2.61, 4.65491],
			"rotation": {"angle": 22.5, "axis": "y", "origin": [5.08301, 1.276, 3.86291]},
			"faces": {
				"north": {"uv": [0.5, 7, 1.125, 7.625], "texture": "#0"},
				"east": {"uv": [7.5, 5, 7.875, 5.625], "texture": "#0"},
				"south": {"uv": [1.25, 7, 1.875, 7.625], "texture": "#0"},
				"west": {"uv": [7.5, 5.75, 7.875, 6.375], "texture": "#0"},
				"up": {"uv": [8.125, 6.875, 7.5, 6.5], "texture": "#0"},
				"down": {"uv": [7.625, 7.5, 7, 7.875], "texture": "#0"}
			}
		},
		{
			"from": [8.13851, -0.058, 2.19779],
			"to": [10.80651, 2.61, 3.78179],
			"rotation": {"angle": -22.5, "axis": "y", "origin": [8.172, 1.376, 7.922]},
			"faces": {
				"north": {"uv": [2, 7, 2.625, 7.625], "texture": "#0"},
				"east": {"uv": [0.5, 7.75, 0.875, 8.375], "texture": "#0"},
				"south": {"uv": [2.75, 7, 3.375, 7.625], "texture": "#0"},
				"west": {"uv": [1, 7.75, 1.375, 8.375], "texture": "#0"},
				"up": {"uv": [8.125, 7.375, 7.5, 7], "texture": "#0"},
				"down": {"uv": [2.125, 7.75, 1.5, 8.125], "texture": "#0"}
			}
		}
	],
	"display": {
		"thirdperson_righthand": {
			"rotation": [70, 0, 0],
			"translation": [0, 0, 2],
			"scale": [0.5, 0.5, 0.5]
		},
		"thirdperson_lefthand": {
			"rotation": [70, 0, 0],
			"translation": [0, 0, 2],
			"scale": [0.5, 0.5, 0.5]
		},
		"firstperson_righthand": {
			"translation": [0, 3, 0]
		},
		"firstperson_lefthand": {
			"translation": [0, 3, 0]
		},
		"ground": {
			"translation": [0, 6, 0]
		},
		"gui": {
			"rotation": [-160, 45, -180],
			"translation": [0, 4, 0],
			"scale": [0.8, 0.8, 0.8]
		},
		"head": {
			"translation": [-0.25, 18, 0.25],
			"scale": [1.9, 1.9, 1.9]
		},
		"fixed": {
			"translation": [0, 5.5, 0]
		}
	},
	"groups": [
		{
			"name": "feathershat",
			"origin": [-4.5, 0, -4.75],
			"color": 0,
			"children": [0, 1, 2, 3, 4, 5, 6, 7, 8, 9, 10, 11, 12, 13, 14]
		}
	]
}