{
	"credit": "Made with Blockbench",
	"texture_size": [64, 64],
	"textures": {
		"0": "item/cosmetic/festivalhat"
	},
	"elements": [
		{
			"from": [4.47382, 0.03863, 4.07948],
			"to": [11.75382, 7.31863, 11.35948],
			"rotation": {"angle": 0, "axis": "y", "origin": [7.59382, 3.67863, 7.19948]},
			"faces": {
				"north": {"uv": [3.5, 0, 5.25, 1.75], "texture": "#0"},
				"east": {"uv": [3.5, 1.75, 5.25, 3.5], "texture": "#0"},
				"south": {"uv": [3.5, 3.5, 5.25, 5.25], "texture": "#0"},
				"west": {"uv": [5.25, 0, 7, 1.75], "texture": "#0"},
				"up": {"uv": [7, 3.5, 5.25, 1.75], "texture": "#0"},
				"down": {"uv": [5.25, 5.25, 3.5, 7], "texture": "#0"}
			}
		},
		{
			"from": [0.83382, 0.03863, 0.43948],
			"to": [15.39382, 0.03863, 14.99948],
			"rotation": {"angle": 0, "axis": "y", "origin": [8.11382, 0.81863, 7.71948]},
			"faces": {
				"north": {"uv": [0, 0, 3.5, 0], "texture": "#0"},
				"east": {"uv": [0, 0, 3.5, 0], "texture": "#0"},
				"south": {"uv": [0, 0, 3.5, 0], "texture": "#0"},
				"west": {"uv": [0, 0, 3.5, 0], "texture": "#0"},
				"up": {"uv": [3.5, 3.5, 0, 0], "texture": "#0"},
				"down": {"uv": [3.5, 3.5, 0, 7], "texture": "#0"}
			}
		},
		{
			"from": [0.83382, 0.03863, 0.43948],
			"to": [0.83382, 2.11863, 14.99948],
			"rotation": {"angle": 0, "axis": "y", "origin": [0.83382, 0.03863, 7.71948]},
			"faces": {
				"north": {"uv": [0, 0, 0, 0.5], "texture": "#0"},
				"east": {"uv": [5.25, 3.5, 8.75, 4], "texture": "#0"},
				"south": {"uv": [0, 0, 0, 0.5], "texture": "#0"},
				"west": {"uv": [5.25, 4, 8.75, 4.5], "texture": "#0"},
				"up": {"uv": [0, 3.5, 0, 0], "texture": "#0"},
				"down": {"uv": [0, 0, 0, 3.5], "texture": "#0"}
			}
		},
		{
			"from": [0.83382, 0.03863, 0.43948],
			"to": [15.39382, 2.11863, 0.43948],
			"rotation": {"angle": 0, "axis": "y", "origin": [0.83382, 0.03863, 7.71948]},
			"faces": {
				"north": {"uv": [5.25, 4.5, 8.75, 5], "texture": "#0"},
				"east": {"uv": [0, 0, 0, 0.5], "texture": "#0"},
				"south": {"uv": [5.25, 5, 8.75, 5.5], "texture": "#0"},
				"west": {"uv": [0, 0, 0, 0.5], "texture": "#0"},
				"up": {"uv": [3.5, 0, 0, 0], "texture": "#0"},
				"down": {"uv": [3.5, 0, 0, 0], "texture": "#0"}
			}
		},
		{
			"from": [15.39382, 0.03863, 0.43948],
			"to": [15.39382, 2.11863, 14.99948],
			"rotation": {"angle": 0, "axis": "y", "origin": [0.83382, 0.03863, 7.71948]},
			"faces": {
				"north": {"uv": [0, 0, 0, 0.5], "texture": "#0"},
				"east": {"uv": [5.25, 5.5, 8.75, 6], "texture": "#0"},
				"south": {"uv": [0, 0, 0, 0.5], "texture": "#0"},
				"west": {"uv": [5.25, 6, 8.75, 6.5], "texture": "#0"},
				"up": {"uv": [0, 3.5, 0, 0], "texture": "#0"},
				"down": {"uv": [0, 0, 0, 3.5], "texture": "#0"}
			}
		},
		{
			"from": [0.83382, 0.03863, 14.99948],
			"to": [15.39382, 2.11863, 14.99948],
			"rotation": {"angle": 0, "axis": "y", "origin": [0.83382, 0.03863, 7.71948]},
			"faces": {
				"north": {"uv": [5.25, 6.5, 8.75, 7], "texture": "#0"},
				"east": {"uv": [0, 0, 0, 0.5], "texture": "#0"},
				"south": {"uv": [0, 7, 3.5, 7.5], "texture": "#0"},
				"west": {"uv": [0, 0, 0, 0.5], "texture": "#0"},
				"up": {"uv": [3.5, 0, 0, 0], "texture": "#0"},
				"down": {"uv": [3.5, 0, 0, 0], "texture": "#0"}
			}
		}
	],
	"display": {
		"thirdperson_righthand": {
			"rotation": [70, 0, 0],
			"translation": [0, 0, 1],
			"scale": [0.5, 0.5, 0.5]
		},
		"thirdperson_lefthand": {
			"rotation": [70, 0, 0],
			"translation": [0, 0, 1],
			"scale": [0.5, 0.5, 0.5]
		},
		"firstperson_righthand": {
			"translation": [0, 3, 1],
			"scale": [0.5, 0.5, 0.5]
		},
		"firstperson_lefthand": {
			"translation": [0, 3, 1],
			"scale": [0.5, 0.5, 0.5]
		},
		"ground": {
			"translation": [0, 6, 0]
		},
		"gui": {
			"rotation": [25, 45, 0],
			"translation": [0, 3, 0],
			"scale": [0.7, 0.7, 0.7]
		},
		"head": {
			"translation": [-0.25, 18, 0.5],
			"scale": [1.9, 1.9, 1.9]
		},
		"fixed": {
			"translation": [-0.5, 4, 0]
		}
	},
	"groups": [
		{
			"name": "festivalhat",
			"origin": [8.31, -3.86137, 7.80722],
			"color": 0,
			"children": [0, 1, 2, 3, 4, 5]
		}
	]
}