{"credit":"Made with Blockbench","textures":{"0":"item/cosmetic/fire_hat","1":"fire_animation","particle":"cosmetic_packv7/fire_hat"},"elements":[{"from":[4,0,4],"to":[12,3,12],"rotation":{"angle":0,"axis":"y","origin":[8,4.25,8]},"faces":{"north":{"uv":[10,8,14,9.5],"texture":"#0"},"east":{"uv":[10,9.5,14,11],"texture":"#0"},"south":{"uv":[0,10.5,4,12],"texture":"#0"},"west":{"uv":[4,10.5,8,12],"texture":"#0"},"up":{"uv":[14,4,10,0],"texture":"#0"},"down":{"uv":[14,4,10,8],"texture":"#0"}}},{"from":[3,1,3],"to":[13,8,3],"rotation":{"angle":0,"axis":"y","origin":[8,4.25,8]},"faces":{"north":{"uv":[0,0,5,3.5],"texture":"#0"},"east":{"uv":[0,0,0,3.5],"texture":"#0"},"south":{"uv":[0,0,5,3.5],"texture":"#0"},"west":{"uv":[0,0,0,3.5],"texture":"#0"},"up":{"uv":[5,0,0,0],"texture":"#0"},"down":{"uv":[5,0,0,0],"texture":"#0"}}},{"from":[3,1,13],"to":[13,8,13],"rotation":{"angle":0,"axis":"y","origin":[8,4.25,8]},"faces":{"north":{"uv":[5,0,0,3.5],"texture":"#0"},"east":{"uv":[0,0,0,3.5],"texture":"#0"},"south":{"uv":[5,0,0,3.5],"texture":"#0"},"west":{"uv":[0,0,0,3.5],"texture":"#0"},"up":{"uv":[5,0,0,0],"texture":"#0"},"down":{"uv":[5,0,0,0],"texture":"#0"}}},{"from":[3,1,3],"to":[3,8,13],"rotation":{"angle":0,"axis":"y","origin":[8,4.25,8]},"faces":{"north":{"uv":[0,0,0,3.5],"texture":"#0"},"east":{"uv":[0,7,5,10.5],"texture":"#0"},"south":{"uv":[0,0,0,3.5],"texture":"#0"},"west":{"uv":[5,7,10,10.5],"texture":"#0"},"up":{"uv":[0,5,0,0],"texture":"#0"},"down":{"uv":[0,0,0,5],"texture":"#0"}}},{"from":[13,1,3],"to":[13,8,13],"rotation":{"angle":0,"axis":"y","origin":[8,4.25,8]},"faces":{"north":{"uv":[0,0,0,3.5],"texture":"#0"},"east":{"uv":[10,7,5,10.5],"texture":"#0"},"south":{"uv":[0,0,0,3.5],"texture":"#0"},"west":{"uv":[5,7,0,10.5],"texture":"#0"},"up":{"uv":[0,5,0,0],"texture":"#0"},"down":{"uv":[0,0,0,5],"texture":"#0"}}},{"from":[8,3,5],"to":[8,11,11],"rotation":{"angle":0,"axis":"y","origin":[8,4.25,8]},"faces":{"north":{"uv":[0,0,0,8],"texture":"#1"},"east":{"uv":[0,0,6,8],"texture":"#1"},"south":{"uv":[0,0,0,8],"texture":"#1"},"west":{"uv":[6,0,12,8],"texture":"#1"},"up":{"uv":[0,6,0,0],"texture":"#1"},"down":{"uv":[0,0,0,6],"texture":"#1"}}},{"from":[5,3,8],"to":[11,11,8],"rotation":{"angle":0,"axis":"y","origin":[8,4.25,8]},"faces":{"north":{"uv":[12,0,6,8],"texture":"#1"},"east":{"uv":[0,0,0,8],"texture":"#1"},"south":{"uv":[6,0,0,8],"texture":"#1"},"west":{"uv":[0,0,0,8],"texture":"#1"},"up":{"uv":[0,0,0,6],"rotation":90,"texture":"#1"},"down":{"uv":[0,6,0,0],"rotation":270,"texture":"#1"}}}],"gui_light":"front","display":{"gui":{"rotation":[0,33.5,0],"translation":[0,4.75,0]},"head":{"translation":[0,15,0],"scale":[1.7,1.7,1.7]}},"groups":[{"name":"fire_hat","origin":[8,8,8],"color":0,"children":[0,1,2,3,4,{"name":"fire_animation","origin":[8,8,8],"color":0,"children":[5,6]}]}],"mcmodels":"d0b5500512118c4c19371da2e4c8b124"}