{
	"credit": "Made with Blockbench",
	"texture_size": [64, 64],
	"textures": {
		"0": "cosmetics/hats/flower_hat_texture",
		"particle": "springhats/flower_hat_texture"
	},
	"elements": [
		{
			"from": [3, 0, 4.5],
			"to": [13, 6, 4.5],
			"faces": {
				"north": {"uv": [0, 5.25, 2.5, 6.75], "texture": "#0"},
				"east": {"uv": [0, 5.25, 0, 6.75], "texture": "#0"},
				"south": {"uv": [2.5, 5.25, 5, 6.75], "texture": "#0"},
				"west": {"uv": [2.5, 5.25, 2.5, 6.75], "texture": "#0"},
				"up": {"uv": [2.5, 5.25, 0, 5.25], "texture": "#0"},
				"down": {"uv": [5, 5.25, 2.5, 5.25], "texture": "#0"}
			}
		},
		{
			"from": [3, 0, 6.5],
			"to": [13, 6, 6.5],
			"faces": {
				"north": {"uv": [5, 3.75, 7.5, 5.25], "texture": "#0"},
				"east": {"uv": [5, 3.75, 5, 5.25], "texture": "#0"},
				"south": {"uv": [7.5, 3.75, 10, 5.25], "texture": "#0"},
				"west": {"uv": [7.5, 3.75, 7.5, 5.25], "texture": "#0"},
				"up": {"uv": [7.5, 3.75, 5, 3.75], "texture": "#0"},
				"down": {"uv": [10, 3.75, 7.5, 3.75], "texture": "#0"}
			}
		},
		{
			"from": [3, 0, 8.5],
			"to": [13, 6, 8.5],
			"faces": {
				"north": {"uv": [5, 2.25, 7.5, 3.75], "texture": "#0"},
				"east": {"uv": [5, 2.25, 5, 3.75], "texture": "#0"},
				"south": {"uv": [7.5, 2.25, 10, 3.75], "texture": "#0"},
				"west": {"uv": [7.5, 2.25, 7.5, 3.75], "texture": "#0"},
				"up": {"uv": [7.5, 2.25, 5, 2.25], "texture": "#0"},
				"down": {"uv": [10, 2.25, 7.5, 2.25], "texture": "#0"}
			}
		},
		{
			"from": [5, 6, 7.5],
			"to": [11, 12, 8.5],
			"faces": {
				"north": {"uv": [5.25, 5.5, 6.75, 7], "texture": "#0"},
				"east": {"uv": [5, 5.5, 5.25, 7], "texture": "#0"},
				"south": {"uv": [7, 5.5, 8.5, 7], "texture": "#0"},
				"west": {"uv": [6.75, 5.5, 7, 7], "texture": "#0"},
				"up": {"uv": [6.75, 5.5, 5.25, 5.25], "texture": "#0"},
				"down": {"uv": [8.25, 5.25, 6.75, 5.5], "texture": "#0"}
			}
		},
		{
			"name": "face",
			"from": [5, 6, 7.475],
			"to": [11, 12, 7.475],
			"faces": {
				"north": {"uv": [6, 0, 7.5, 1.5], "texture": "#0"},
				"east": {"uv": [6, 0, 6, 1.5], "texture": "#0"},
				"south": {"uv": [7.5, 0, 9, 1.5], "texture": "#0"},
				"west": {"uv": [7.5, 0, 7.5, 1.5], "texture": "#0"},
				"up": {"uv": [7.5, 0, 6, 0], "texture": "#0"},
				"down": {"uv": [9, 0, 7.5, 0], "texture": "#0"}
			}
		},
		{
			"from": [2, 4, 8],
			"to": [14, 15, 8],
			"faces": {
				"north": {"uv": [10, 0, 13, 2.75], "texture": "#0"},
				"east": {"uv": [10, 0, 10, 2.75], "texture": "#0"},
				"south": {"uv": [13, 0, 16, 2.75], "texture": "#0"},
				"west": {"uv": [13, 0, 13, 2.75], "texture": "#0"},
				"up": {"uv": [13, 0, 10, 0], "texture": "#0"},
				"down": {"uv": [16, 0, 13, 0], "texture": "#0"}
			}
		},
		{
			"from": [3, 0, 10.5],
			"to": [13, 6, 10.5],
			"faces": {
				"north": {"uv": [0, 3.75, 2.5, 5.25], "texture": "#0"},
				"east": {"uv": [0, 3.75, 0, 5.25], "texture": "#0"},
				"south": {"uv": [2.5, 3.75, 5, 5.25], "texture": "#0"},
				"west": {"uv": [2.5, 3.75, 2.5, 5.25], "texture": "#0"},
				"up": {"uv": [2.5, 3.75, 0, 3.75], "texture": "#0"},
				"down": {"uv": [5, 3.75, 2.5, 3.75], "texture": "#0"}
			}
		},
		{
			"from": [3, 0, 12.5],
			"to": [13, 6, 12.5],
			"faces": {
				"north": {"uv": [0, 2.25, 2.5, 3.75], "texture": "#0"},
				"east": {"uv": [0, 2.25, 0, 3.75], "texture": "#0"},
				"south": {"uv": [2.5, 2.25, 5, 3.75], "texture": "#0"},
				"west": {"uv": [2.5, 2.25, 2.5, 3.75], "texture": "#0"},
				"up": {"uv": [2.5, 2.25, 0, 2.25], "texture": "#0"},
				"down": {"uv": [5, 2.25, 2.5, 2.25], "texture": "#0"}
			}
		}
	],
	"display": {
		"thirdperson_righthand": {
			"translation": [0, 3.75, 0]
		},
		"thirdperson_lefthand": {
			"translation": [0, 3.75, 0]
		},
		"firstperson_righthand": {
			"rotation": [12.5, 0, 0],
			"translation": [2.25, 3.75, 0]
		},
		"firstperson_lefthand": {
			"rotation": [12.5, 0, 0],
			"translation": [2.25, 3.75, 0]
		},
		"ground": {
			"translation": [0, 3, 0],
			"scale": [0.5, 0.5, 0.5]
		},
		"gui": {
			"rotation": [30, -180, 0],
			"translation": [0, 2, 0]
		},
		"head": {
			"translation": [0, 17.75, -0.75],
			"scale": [1.4, 1.4, 1.4]
		},
		"fixed": {
			"rotation": [-90, 0, 0],
			"translation": [0, 0, -16],
			"scale": [2, 2, 2]
		}
	},
	"groups": [
		{
			"name": "flower_hat",
			"origin": [0, 0, 0],
			"color": 0,
			"nbt": "{}",
			"children": [0, 1, 2, 3, 4, 5, 6, 7]
		}
	]
}