{
	"credit": "Made with Blockbench",
	"texture_size": [64, 64],
	"textures": {
		"0": "cosmetics/hats/flower_crown_hat_texture",
		"particle": "springhats/flower_crown_hat_texture"
	},
	"elements": [
		{
			"from": [3.5, 0, 3.25],
			"to": [3.5, 5, 12.75],
			"faces": {
				"north": {"uv": [2.25, 3.5, 2.25, 4.75], "texture": "#0"},
				"east": {"uv": [0, 3.5, 2.25, 4.75], "texture": "#0"},
				"south": {"uv": [4.5, 3.5, 4.5, 4.75], "texture": "#0"},
				"west": {"uv": [2.25, 3.5, 4.5, 4.75], "texture": "#0"},
				"up": {"uv": [2.25, 3.5, 2.25, 1.25], "texture": "#0"},
				"down": {"uv": [2.25, 1.25, 2.25, 3.5], "texture": "#0"}
			}
		},
		{
			"from": [3.5, 0, 12.75],
			"to": [12.5, 5, 12.75],
			"faces": {
				"north": {"uv": [4.5, 0, 6.75, 1.25], "texture": "#0"},
				"east": {"uv": [4.5, 0, 4.5, 1.25], "texture": "#0"},
				"south": {"uv": [6.75, 0, 9, 1.25], "texture": "#0"},
				"west": {"uv": [6.75, 0, 6.75, 1.25], "texture": "#0"},
				"up": {"uv": [6.75, 0, 4.5, 0], "texture": "#0"},
				"down": {"uv": [9, 0, 6.75, 0], "texture": "#0"}
			}
		},
		{
			"from": [3.5, 0, 3.25],
			"to": [12.5, 5, 3.25],
			"rotation": {"angle": 0, "axis": "y", "origin": [0, 0, 16]},
			"faces": {
				"north": {"uv": [0, 0, 2.25, 1.25], "texture": "#0"},
				"east": {"uv": [0, 0, 0, 1.25], "texture": "#0"},
				"south": {"uv": [2.25, 0, 4.5, 1.25], "texture": "#0"},
				"west": {"uv": [2.25, 0, 2.25, 1.25], "texture": "#0"},
				"up": {"uv": [2.25, 0, 0, 0], "texture": "#0"},
				"down": {"uv": [4.5, 0, 2.25, 0], "texture": "#0"}
			}
		},
		{
			"from": [12.5, 0, 3.25],
			"to": [12.5, 5, 12.75],
			"rotation": {"angle": 0, "axis": "y", "origin": [16, 0, 0]},
			"faces": {
				"north": {"uv": [2.25, 2.25, 2.25, 3.5], "texture": "#0"},
				"east": {"uv": [0, 2.25, 2.25, 3.5], "texture": "#0"},
				"south": {"uv": [4.5, 2.25, 4.5, 3.5], "texture": "#0"},
				"west": {"uv": [2.25, 2.25, 4.5, 3.5], "texture": "#0"},
				"up": {"uv": [2.25, 2.25, 2.25, 0], "texture": "#0"},
				"down": {"uv": [2.25, 0, 2.25, 2.25], "texture": "#0"}
			}
		}
	],
	"display": {
		"thirdperson_righthand": {
			"translation": [0, 3.5, -4]
		},
		"thirdperson_lefthand": {
			"translation": [0, 3.5, -4]
		},
		"firstperson_righthand": {
			"rotation": [12.5, 0, 0],
			"translation": [2.25, 3.75, 0]
		},
		"firstperson_lefthand": {
			"rotation": [12.5, 0, 0],
			"translation": [2.25, 3.75, 0]
		},
		"ground": {
			"translation": [0, 3, 0],
			"scale": [0.5, 0.5, 0.5]
		},
		"gui": {
			"rotation": [30, -140, 0],
			"translation": [0, 3.5, 0]
		},
		"head": {
			"translation": [0, 14.25, 0],
			"scale": [1.69, 1.69, 1.69]
		},
		"fixed": {
			"rotation": [-90, 0, 0],
			"translation": [0, 0, -16],
			"scale": [2, 2, 2]
		}
	},
	"groups": [
		{
			"name": "flower_crown",
			"origin": [16, 0, 0],
			"color": 0,
			"nbt": "{}",
			"children": [0, 1, 2, 3]
		}
	]
}