{"credit":"Pologony Creation Co.,Ltd.","textures":{"0":"item/cosmetic/flower_crown","particle":"plny_summer2025cosmeticsset/flower_crown"},"elements":[{"from":[2.975,7,2.975],"to":[13.025,9,13.025],"rotation":{"angle":0,"axis":"y","origin":[0,7,3]},"faces":{"north":{"uv":[0,0,10,2],"texture":"#0"},"east":{"uv":[0,3,10,5],"texture":"#0"},"south":{"uv":[0,6,10,8],"texture":"#0"},"west":{"uv":[0,9,10,11],"texture":"#0"}}},{"from":[2,6.5,2.75],"to":[5,9.5,2.76],"rotation":{"angle":22.5,"axis":"z","origin":[3.5,8,2.755]},"faces":{"north":{"uv":[11,0,14,3],"texture":"#0"},"south":{"uv":[14,0,11,3],"texture":"#0"}}},{"from":[4.5,7.5,2.65],"to":[6.5,9.5,2.66],"rotation":{"angle":-22.5,"axis":"z","origin":[4.5,7.5,2.65]},"faces":{"north":{"uv":[11,4,13,6],"texture":"#0"},"south":{"uv":[13,4,11,6],"texture":"#0"}}},{"from":[12.75,8.25,8],"to":[14.75,10.25,8.01],"rotation":{"angle":-22.5,"axis":"z","origin":[12.75,8.25,8]},"faces":{"north":{"uv":[11,7,13,9],"texture":"#0"},"south":{"uv":[13,7,11,9],"texture":"#0"}}},{"from":[12.75,6,4],"to":[14.75,8,4.01],"rotation":{"angle":22.5,"axis":"z","origin":[12.75,8,4]},"faces":{"north":{"uv":[11,10,13,12],"rotation":270,"texture":"#0"},"south":{"uv":[13,10,11,12],"rotation":90,"texture":"#0"}}},{"name":"cube inverted","from":[13,9,13],"to":[3,7,3],"rotation":{"angle":0,"axis":"y","origin":[0,7,3]},"faces":{"north":{"uv":[0,8,10,6],"texture":"#0"},"east":{"uv":[0,11,10,9],"texture":"#0"},"south":{"uv":[0,2,10,0],"texture":"#0"},"west":{"uv":[0,5,10,3],"texture":"#0"}}},{"from":[1.25,8.25,7.99],"to":[3.25,10.25,8],"rotation":{"angle":22.5,"axis":"z","origin":[3.25,8.25,8]},"faces":{"north":{"uv":[13,7,11,9],"texture":"#0"},"south":{"uv":[11,7,13,9],"texture":"#0"}}},{"from":[1.25,6,11.99],"to":[3.25,8,12],"rotation":{"angle":-22.5,"axis":"z","origin":[3.25,8,12]},"faces":{"north":{"uv":[13,10,11,12],"rotation":90,"texture":"#0"},"south":{"uv":[11,10,13,12],"rotation":270,"texture":"#0"}}},{"from":[10.80656,7.0412,2.9],"to":[12.80656,9.0412,2.91],"rotation":{"angle":22.5,"axis":"z","origin":[11.80656,8.0412,2.905]},"faces":{"north":{"uv":[11,4,13,6],"texture":"#0"},"south":{"uv":[13,4,11,6],"texture":"#0"}}},{"from":[13.245,6.75,9.255],"to":[13.255,9.75,12.255],"rotation":{"angle":-22.5,"axis":"x","origin":[13.25,8.25,10.755]},"faces":{"east":{"uv":[11,0,14,3],"texture":"#0"},"west":{"uv":[14,0,11,3],"texture":"#0"}}},{"from":[2.745,6.75,4.505],"to":[2.755,9.75,7.505],"rotation":{"angle":-22.5,"axis":"x","origin":[2.75,8.25,6.005]},"faces":{"east":{"uv":[11,0,14,3],"texture":"#0"},"west":{"uv":[14,0,11,3],"texture":"#0"}}},{"from":[3.19344,7.0412,13.09],"to":[5.19344,9.0412,13.1],"rotation":{"angle":-22.5,"axis":"z","origin":[4.19344,8.0412,13.095]},"faces":{"north":{"uv":[13,4,11,6],"texture":"#0"},"south":{"uv":[11,4,13,6],"texture":"#0"}}}],"gui_light":"front","display":{"thirdperson_righthand":{"rotation":[90,0,0],"translation":[0,2.75,1],"scale":[0.7,0.7,0.7]},"thirdperson_lefthand":{"rotation":[90,0,0],"translation":[0,2.75,1],"scale":[0.7,0.7,0.7]},"firstperson_righthand":{"rotation":[47,0,0],"translation":[2.75,1.5,0],"scale":[0.7,0.7,0.7]},"firstperson_lefthand":{"rotation":[47,0,0],"translation":[2.75,1.5,0],"scale":[0.7,0.7,0.7]},"ground":{"translation":[0,5,0],"scale":[0.7,0.7,0.7]},"gui":{"rotation":[35,135,0],"scale":[1.29,1.29,1.29]},"head":{"translation":[0,3.25,0],"scale":[1.6,1.6,1.6]},"fixed":{"rotation":[-90,0,0],"translation":[0,0,-3.75],"scale":[2,2,2]}},"groups":[{"name":"flower_crown","origin":[4.19344,8.0412,13.095],"color":0,"children":[0,1,2,3,4,5,6,7,8,9,10,11]}],"USER":"41037","NONCE":"4727bc2f5a3026a95031052c5f40157d","TIMESTAMP":"1745618591","RESOURCE":"13954","MCMODELS":"1","mcmodels":"4727bc2f5a3026a95031052c5f40157d"}