{"credit":"This is Unknown User copy!","texture_size":[64,64],"textures":{"0":"item/cosmetic/flower_garden_hat_texture","particle":"block/flower_garden_hat_texture"},"elements":[{"from":[3.9,1,3.9],"to":[12.1,3,3.9],"rotation":{"angle":0,"axis":"y","origin":[8,1,3.9]},"faces":{"north":{"uv":[6.75,7.5,8.75,8],"texture":"#0"},"east":{"uv":[9.75,2,9.75,2.5],"texture":"#0"},"south":{"uv":[6.75,8.25,8.75,8.75],"texture":"#0"},"west":{"uv":[5.25,9.75,5.25,10.25],"texture":"#0"},"up":{"uv":[11.75,2.75,9.75,2.75],"texture":"#0"},"down":{"uv":[11.75,9,9.75,9],"texture":"#0"}}},{"from":[3.9,1,12.1],"to":[12.1,3,12.1],"rotation":{"angle":0,"axis":"y","origin":[8,1,12.1]},"faces":{"north":{"uv":[9,3,11,3.5],"texture":"#0"},"east":{"uv":[5.5,9.75,5.5,10.25],"texture":"#0"},"south":{"uv":[9,3.75,11,4.25],"texture":"#0"},"west":{"uv":[5.75,9.75,5.75,10.25],"texture":"#0"},"up":{"uv":[11.75,9.25,9.75,9.25],"texture":"#0"},"down":{"uv":[11.75,9.5,9.75,9.5],"texture":"#0"}}},{"from":[3.9,1,3.9],"to":[3.9,3,12.1],"rotation":{"angle":0,"axis":"y","origin":[8,1,3.9]},"faces":{"north":{"uv":[6,9.75,6,10.25],"texture":"#0"},"east":{"uv":[9,4.5,11,5],"texture":"#0"},"south":{"uv":[6.25,9.75,6.25,10.25],"texture":"#0"},"west":{"uv":[5.25,9,7.25,9.5],"texture":"#0"},"up":{"uv":[6.5,11.75,6.5,9.75],"texture":"#0"},"down":{"uv":[6.75,9.75,6.75,11.75],"texture":"#0"}}},{"from":[12.1,1,3.9],"to":[12.1,3,12.1],"rotation":{"angle":0,"axis":"y","origin":[8,1,3.9]},"faces":{"north":{"uv":[7,9.75,7,10.25],"texture":"#0"},"east":{"uv":[9,5.25,11,5.75],"texture":"#0"},"south":{"uv":[7.25,9.75,7.25,10.25],"texture":"#0"},"west":{"uv":[9,6,11,6.5],"texture":"#0"},"up":{"uv":[9.75,11.75,9.75,9.75],"texture":"#0"},"down":{"uv":[8.75,10,8.75,12],"texture":"#0"}}},{"from":[9.1,3,3.925],"to":[12.1,6,3.925],"rotation":{"angle":22.5,"axis":"z","origin":[10.5,4.5,3.925]},"faces":{"north":{"uv":[9,8,9.75,8.75],"texture":"#0"},"east":{"uv":[10,8,10,8.75],"texture":"#0"},"south":{"uv":[9,8,9.75,8.75],"texture":"#0"},"west":{"uv":[9,10,9,10.75],"texture":"#0"},"up":{"uv":[10.75,2,10,2],"texture":"#0"},"down":{"uv":[10.75,2.25,10,2.25],"texture":"#0"}}},{"from":[6.8636,2.57071,12.075],"to":[10.8636,6.57071,12.075],"rotation":{"angle":-22.5,"axis":"z","origin":[8.8636,4.57071,12.075]},"faces":{"north":{"uv":[8.5,9,7.5,10],"texture":"#0"},"east":{"uv":[9.25,10,9.25,11],"texture":"#0"},"south":{"uv":[7.5,9,8.5,10],"texture":"#0"},"west":{"uv":[9.5,10,9.5,11],"texture":"#0"},"up":{"uv":[11,2.5,10,2.5],"texture":"#0"},"down":{"uv":[11,9.75,10,9.75],"texture":"#0"}}},{"from":[3.925,2,4],"to":[3.925,7,9],"rotation":{"angle":22.5,"axis":"x","origin":[3.925,5,7]},"faces":{"north":{"uv":[10,10,10,11.25],"texture":"#0"},"east":{"uv":[7.5,4.5,8.75,5.75],"texture":"#0"},"south":{"uv":[10.25,6.75,10.25,8],"texture":"#0"},"west":{"uv":[7.5,4.5,8.75,5.75],"texture":"#0"},"up":{"uv":[7.5,11.5,7.5,10.25],"texture":"#0"},"down":{"uv":[7.75,10.25,7.75,11.5],"texture":"#0"}}},{"from":[3.925,2,9.1],"to":[3.925,5,12.1],"rotation":{"angle":-22.5,"axis":"x","origin":[3.925,5,9.1]},"faces":{"north":{"uv":[8,10.25,8,11],"texture":"#0"},"east":{"uv":[10.5,1,9.75,1.75],"texture":"#0"},"south":{"uv":[8.25,10.25,8.25,11],"texture":"#0"},"west":{"uv":[9.75,1,10.5,1.75],"texture":"#0"},"up":{"uv":[8.5,11,8.5,10.25],"texture":"#0"},"down":{"uv":[10.25,10,10.25,10.75],"texture":"#0"}}},{"from":[12.075,3,6],"to":[12.075,8,11],"rotation":{"angle":22.5,"axis":"x","origin":[12.075,5,8]},"faces":{"north":{"uv":[0.5,11.75,0.5,10.5],"rotation":180,"texture":"#0"},"east":{"uv":[5.25,7.5,6.5,8.75],"rotation":90,"texture":"#0"},"south":{"uv":[0.75,10.5,0.75,11.75],"texture":"#0"},"west":{"uv":[5.25,7.5,6.5,8.75],"rotation":270,"texture":"#0"},"up":{"uv":[0.25,10.5,0.25,11.75],"texture":"#0"},"down":{"uv":[0,10.5,0,11.75],"rotation":180,"texture":"#0"}}},{"from":[-2,1,-2],"to":[18,1,18],"rotation":{"angle":0,"axis":"y","origin":[8,1,4]},"faces":{"north":{"uv":[10.25,8.25,15.25,8.25],"texture":"#0"},"east":{"uv":[10.25,8.5,15.25,8.5],"texture":"#0"},"south":{"uv":[10.25,8.75,15.25,8.75],"texture":"#0"},"west":{"uv":[1,10.5,6,10.5],"texture":"#0"},"up":{"uv":[5,5,0,0],"texture":"#0"},"down":{"uv":[5,0,0,5],"texture":"#0"}}},{"from":[4,1,4],"to":[12,6,12],"rotation":{"angle":0,"axis":"y","origin":[8,1,4]},"faces":{"north":{"uv":[5.25,4.5,7.25,5.75],"texture":"#0"},"east":{"uv":[5.25,6,7.25,7.25],"texture":"#0"},"south":{"uv":[7.5,0,9.5,1.25],"texture":"#0"},"west":{"uv":[7.5,1.5,9.5,2.75],"texture":"#0"},"up":{"uv":[7.25,2,5.25,0],"texture":"#0"},"down":{"uv":[7.25,2.25,5.25,4.25],"texture":"#0"}}}],"gui_light":"front","display":{"thirdperson_righthand":{"rotation":[22.5,0,0],"translation":[0,6.75,-3],"scale":[0.9,0.9,0.9]},"thirdperson_lefthand":{"rotation":[22.5,0,0],"translation":[0,6.75,-3],"scale":[0.9,0.9,0.9]},"firstperson_righthand":{"rotation":[13,0,0],"translation":[6.25,4.75,-7.75]},"firstperson_lefthand":{"rotation":[13,0,0],"translation":[6.25,4.75,-7.75]},"ground":{"translation":[0,4.5,0],"scale":[0.9,0.9,0.9]},"gui":{"rotation":[-148.25,14,-180],"translation":[0,3.5,0],"scale":[0.76,0.76,0.76]},"head":{"translation":[0,16.5,0],"scale":[1.9,1.9,1.9]},"fixed":{"rotation":[-90,0,0],"translation":[0,0,-14],"scale":[2,2,2]}},"groups":[{"name":"flower_garden_hat","origin":[8,8,8],"color":0,"children":[{"name":"band","origin":[8,1,3.9],"color":0,"children":[0,1,2,3]},{"name":"flowers","origin":[12.075,5,8],"color":0,"children":[4,5,6,7,8]},{"name":"hat","origin":[8,1,4],"color":0,"children":[9,10]}]}],"mcmodels":"7cc762d1eab8dc6fcb3c6fc0b08dff59"}