{
	"credit": "Made with Blockbench",
	"ambientocclusion": false,
	"texture_size": [64, 64],
	"textures": {
		"0": "item/cosmetic/galaxy_hat_texture",
		"particle": "custom_hats/galaxy_hat_texture"
	},
	"elements": [
		{
			"from": [3, 0.8, 3],
			"to": [13, 5.8, 13],
			"rotation": {"angle": 0, "axis": "y", "origin": [0, 0.8, 0]},
			"faces": {
				"north": {"uv": [2.5, 0, 5, 1.25], "texture": "#0"},
				"east": {"uv": [2.5, 1.25, 5, 2.5], "texture": "#0"},
				"south": {"uv": [2.5, 2.5, 5, 3.75], "texture": "#0"},
				"west": {"uv": [2.5, 3.75, 5, 5], "texture": "#0"},
				"up": {"uv": [2.5, 2.5, 0, 0], "texture": "#0"},
				"down": {"uv": [2.5, 2.5, 0, 5], "texture": "#0"}
			}
		},
		{
			"from": [0.69456, -0.04149, 3],
			"to": [3.19456, 0.95851, 13],
			"rotation": {"angle": 22.5, "axis": "z", "origin": [0.76956, 0.95851, 0]},
			"faces": {
				"north": {"uv": [5.75, 1, 6.375, 1.25], "texture": "#0"},
				"east": {"uv": [4.75, 5, 7.25, 5.25], "texture": "#0"},
				"south": {"uv": [5.75, 1.25, 6.375, 1.5], "texture": "#0"},
				"west": {"uv": [5, 4.75, 7.5, 5], "texture": "#0"},
				"up": {"uv": [0.625, 7.5, 0, 5], "texture": "#0"},
				"down": {"uv": [5.625, 0, 5, 2.5], "texture": "#0"}
			}
		},
		{
			"from": [12.80544, -0.04149, 3],
			"to": [15.30544, 0.95851, 13],
			"rotation": {"angle": -22.5, "axis": "z", "origin": [15.23044, 0.95851, 0]},
			"faces": {
				"north": {"uv": [5.75, 1.5, 6.375, 1.75], "texture": "#0"},
				"east": {"uv": [4.75, 5.25, 7.25, 5.5], "texture": "#0"},
				"south": {"uv": [5.75, 1.75, 6.375, 2], "texture": "#0"},
				"west": {"uv": [4.75, 5.5, 7.25, 5.75], "texture": "#0"},
				"up": {"uv": [1.375, 7.5, 0.75, 5], "texture": "#0"},
				"down": {"uv": [2.125, 5, 1.5, 7.5], "texture": "#0"}
			}
		},
		{
			"from": [3, 0.3412, 0.69344],
			"to": [13, 1.3412, 3.11844],
			"rotation": {"angle": -22.5, "axis": "x", "origin": [0, 1.3412, 1.69344]},
			"faces": {
				"north": {"uv": [5.75, 0, 8.25, 0.25], "texture": "#0"},
				"east": {"uv": [5.75, 2, 6.375, 2.25], "texture": "#0"},
				"south": {"uv": [5.75, 0.25, 8.25, 0.5], "texture": "#0"},
				"west": {"uv": [2.25, 5.75, 2.875, 6], "texture": "#0"},
				"up": {"uv": [4.75, 5.625, 2.25, 5], "texture": "#0"},
				"down": {"uv": [7.5, 2.5, 5, 3.125], "texture": "#0"}
			}
		},
		{
			"from": [3, 0.3412, 12.88156],
			"to": [13, 1.3412, 15.30656],
			"rotation": {"angle": 22.5, "axis": "x", "origin": [0, 1.3412, 14.30656]},
			"faces": {
				"north": {"uv": [5.75, 0.5, 8.25, 0.75], "texture": "#0"},
				"east": {"uv": [5.75, 2.25, 6.375, 2.5], "texture": "#0"},
				"south": {"uv": [5.75, 0.75, 8.25, 1], "texture": "#0"},
				"west": {"uv": [3, 5.75, 3.625, 6], "texture": "#0"},
				"up": {"uv": [7.5, 3.875, 5, 3.25], "texture": "#0"},
				"down": {"uv": [7.5, 4, 5, 4.625], "texture": "#0"}
			}
		}
	],
	"display": {
		"thirdperson_righthand": {
			"translation": [0, 4.5, -5.25],
			"scale": [0.84, 0.84, 0.84]
		},
		"thirdperson_lefthand": {
			"translation": [0, 4.5, -5.25],
			"scale": [0.84, 0.84, 0.84]
		},
		"firstperson_righthand": {
			"rotation": [16, 0, 0],
			"translation": [-1, 8, 0.5],
			"scale": [0.74, 0.74, 0.74]
		},
		"firstperson_lefthand": {
			"rotation": [16, 0, 0],
			"translation": [-1, 8, 0.5],
			"scale": [0.74, 0.74, 0.74]
		},
		"ground": {
			"translation": [0.25, 6, 0],
			"scale": [0.74, 0.74, 0.74]
		},
		"gui": {
			"rotation": [22.14, -14.1, 5.74],
			"translation": [-0.75, 5, 0],
			"scale": [0.96, 0.96, 0.96]
		},
		"head": {
			"translation": [0, 11.25, 0],
			"scale": [1.46, 1.46, 1.46]
		},
		"fixed": {
			"rotation": [-90, 0, 0],
			"translation": [0, 0, -8.5],
			"scale": [1.3, 1.3, 1.3]
		}
	},
	"groups": [
		{
			"name": "galactic_hat",
			"origin": [0, 0.5412, 14.30656],
			"color": 0,
			"children": [0, 1, 2, 3, 4]
		}
	]
}