{
	"credit": "Made with Blockbench",
	"texture_size": [128, 128],
	"textures": {
		"0": "cosmetics/hats/garden_hat_texture",
		"particle": "springhats/garden_hat_texture"
	},
	"elements": [
		{
			"name": "top",
			"from": [3, 6, 3],
			"to": [13, 10, 13],
			"faces": {
				"north": {"uv": [3.5, 4, 4.75, 4.5], "texture": "#0"},
				"east": {"uv": [2.25, 4, 3.5, 4.5], "texture": "#0"},
				"south": {"uv": [6, 4, 7.25, 4.5], "texture": "#0"},
				"west": {"uv": [4.75, 4, 6, 4.5], "texture": "#0"},
				"up": {"uv": [4.75, 4, 3.5, 2.75], "texture": "#0"},
				"down": {"uv": [6, 2.75, 4.75, 4], "texture": "#0"}
			}
		},
		{
			"from": [0, 6, 0],
			"to": [16, 6, 16],
			"faces": {
				"north": {"uv": [2, 2, 4, 2], "texture": "#0"},
				"east": {"uv": [0, 2, 2, 2], "texture": "#0"},
				"south": {"uv": [6, 2, 8, 2], "texture": "#0"},
				"west": {"uv": [4, 2, 6, 2], "texture": "#0"},
				"up": {"uv": [4, 2, 2, 0], "texture": "#0"},
				"down": {"uv": [6, 0, 4, 2], "texture": "#0"}
			}
		},
		{
			"from": [16, 6, 0],
			"to": [19, 6, 16],
			"rotation": {"angle": -22.5, "axis": "z", "origin": [16, 6, 8]},
			"faces": {
				"north": {"uv": [2.75, 4, 3.125, 4], "texture": "#0"},
				"east": {"uv": [0.75, 4, 2.75, 4], "texture": "#0"},
				"south": {"uv": [5.125, 4, 5.5, 4], "texture": "#0"},
				"west": {"uv": [3.125, 4, 5.125, 4], "texture": "#0"},
				"up": {"uv": [3.125, 4, 2.75, 2], "texture": "#0"},
				"down": {"uv": [3.5, 2, 3.125, 4], "texture": "#0"}
			}
		},
		{
			"from": [-3, 6, 0],
			"to": [0, 6, 16],
			"rotation": {"angle": 22.5, "axis": "z", "origin": [0, 6, 8]},
			"faces": {
				"north": {"uv": [2, 4, 2.375, 4], "texture": "#0"},
				"east": {"uv": [0, 4, 2, 4], "texture": "#0"},
				"south": {"uv": [4.375, 4, 4.75, 4], "texture": "#0"},
				"west": {"uv": [2.375, 4, 4.375, 4], "texture": "#0"},
				"up": {"uv": [2.375, 4, 2, 2], "texture": "#0"},
				"down": {"uv": [2.75, 2, 2.375, 4], "texture": "#0"}
			}
		},
		{
			"from": [0, 6, -3],
			"to": [16, 6, 0],
			"rotation": {"angle": -22.5, "axis": "x", "origin": [8, 6, 0]},
			"faces": {
				"north": {"uv": [3.5, 2.75, 5.5, 2.75], "texture": "#0"},
				"east": {"uv": [3.125, 2.75, 3.5, 2.75], "texture": "#0"},
				"south": {"uv": [5.875, 2.75, 7.875, 2.75], "texture": "#0"},
				"west": {"uv": [5.5, 2.75, 5.875, 2.75], "texture": "#0"},
				"up": {"uv": [5.5, 2.75, 3.5, 2.375], "texture": "#0"},
				"down": {"uv": [7.5, 2.375, 5.5, 2.75], "texture": "#0"}
			}
		},
		{
			"from": [0, 6, 16],
			"to": [16, 6, 19],
			"rotation": {"angle": 22.5, "axis": "x", "origin": [8, 6, 16]},
			"faces": {
				"north": {"uv": [3.5, 2.375, 5.5, 2.375], "texture": "#0"},
				"east": {"uv": [3.125, 2.375, 3.5, 2.375], "texture": "#0"},
				"south": {"uv": [5.875, 2.375, 7.875, 2.375], "texture": "#0"},
				"west": {"uv": [5.5, 2.375, 5.875, 2.375], "texture": "#0"},
				"up": {"uv": [5.5, 2.375, 3.5, 2], "texture": "#0"},
				"down": {"uv": [7.5, 2, 5.5, 2.375], "texture": "#0"}
			}
		},
		{
			"from": [13, 2, 5],
			"to": [13, 6, 6],
			"rotation": {"angle": 0, "axis": "y", "origin": [0, 0, 16]},
			"faces": {
				"north": {"uv": [0.625, 0.625, 0.625, 1.125], "texture": "#0"},
				"east": {"uv": [0.5, 0.625, 0.625, 1.125], "texture": "#0"},
				"south": {"uv": [0.75, 0.625, 0.75, 1.125], "texture": "#0"},
				"west": {"uv": [0.625, 0.625, 0.75, 1.125], "texture": "#0"},
				"up": {"uv": [0.625, 0.625, 0.625, 0.5], "texture": "#0"},
				"down": {"uv": [0.625, 0.5, 0.625, 0.625], "texture": "#0"}
			}
		},
		{
			"from": [3, 2, 5],
			"to": [3, 6, 6],
			"rotation": {"angle": 0, "axis": "y", "origin": [16, 0, 16]},
			"faces": {
				"north": {"uv": [0.625, 0.125, 0.625, 0.625], "texture": "#0"},
				"east": {"uv": [0.5, 0.125, 0.625, 0.625], "texture": "#0"},
				"south": {"uv": [0.75, 0.125, 0.75, 0.625], "texture": "#0"},
				"west": {"uv": [0.625, 0.125, 0.75, 0.625], "texture": "#0"},
				"up": {"uv": [0.625, 0.125, 0.625, 0], "texture": "#0"},
				"down": {"uv": [0.625, 0, 0.625, 0.125], "texture": "#0"}
			}
		},
		{
			"from": [3.00029, -4.99929, 5],
			"to": [3.00029, 2.00071, 6],
			"rotation": {"angle": 45, "axis": "z", "origin": [3.00029, 2.00071, 5.5]},
			"faces": {
				"north": {"uv": [0.375, 0.125, 0.375, 1], "texture": "#0"},
				"east": {"uv": [0.25, 0.125, 0.375, 1], "texture": "#0"},
				"south": {"uv": [0.5, 0.125, 0.5, 1], "texture": "#0"},
				"west": {"uv": [0.375, 0.125, 0.5, 1], "texture": "#0"},
				"up": {"uv": [0.375, 0.125, 0.375, 0], "texture": "#0"},
				"down": {"uv": [0.375, 0, 0.375, 0.125], "texture": "#0"}
			}
		},
		{
			"from": [13.00029, -4.99929, 5],
			"to": [13.00029, 2.00071, 6],
			"rotation": {"angle": -45, "axis": "z", "origin": [13.00029, 2.00071, 5.5]},
			"faces": {
				"north": {"uv": [0.125, 0.125, 0.125, 1], "texture": "#0"},
				"east": {"uv": [0, 0.125, 0.125, 1], "texture": "#0"},
				"south": {"uv": [0.25, 0.125, 0.25, 1], "texture": "#0"},
				"west": {"uv": [0.125, 0.125, 0.25, 1], "texture": "#0"},
				"up": {"uv": [0.125, 0.125, 0.125, 0], "texture": "#0"},
				"down": {"uv": [0.125, 0, 0.125, 0.125], "texture": "#0"}
			}
		},
		{
			"from": [7.50765, -2.99193, 5],
			"to": [8.50765, -1.99193, 6],
			"rotation": {"angle": 0, "axis": "y", "origin": [8.75765, -2.24193, 5.5]},
			"faces": {
				"north": {"uv": [0.875, 0.125, 1, 0.25], "texture": "#0"},
				"east": {"uv": [0.75, 0.125, 0.875, 0.25], "texture": "#0"},
				"south": {"uv": [1.125, 0.125, 1.25, 0.25], "texture": "#0"},
				"west": {"uv": [1, 0.125, 1.125, 0.25], "texture": "#0"},
				"up": {"uv": [1, 0.125, 0.875, 0], "texture": "#0"},
				"down": {"uv": [1.125, 0, 1, 0.125], "texture": "#0"}
			}
		},
		{
			"from": [7.50765, -4.99193, 5.5],
			"to": [8.50765, -2.99193, 5.5],
			"rotation": {"angle": 0, "axis": "y", "origin": [8.75765, -2.24193, 5.5]},
			"faces": {
				"north": {"uv": [0.75, 0.25, 0.875, 0.5], "texture": "#0"},
				"east": {"uv": [0.75, 0.25, 0.75, 0.5], "texture": "#0"},
				"south": {"uv": [0.875, 0.25, 1, 0.5], "texture": "#0"},
				"west": {"uv": [0.875, 0.25, 0.875, 0.5], "texture": "#0"},
				"up": {"uv": [0.875, 0.25, 0.75, 0.25], "texture": "#0"},
				"down": {"uv": [1, 0.25, 0.875, 0.25], "texture": "#0"}
			}
		},
		{
			"from": [0, 6, 2],
			"to": [16, 11, 2],
			"faces": {
				"north": {"uv": [4, 8.125, 6, 8.75], "texture": "#0"},
				"east": {"uv": [4, 8.125, 4, 8.75], "texture": "#0"},
				"south": {"uv": [6, 8.125, 8, 8.75], "texture": "#0"},
				"west": {"uv": [6, 8.125, 6, 8.75], "texture": "#0"},
				"up": {"uv": [6, 8.125, 4, 8.125], "texture": "#0"},
				"down": {"uv": [8, 8.125, 6, 8.125], "texture": "#0"}
			}
		},
		{
			"from": [0, 6, 14],
			"to": [16, 11, 14],
			"rotation": {"angle": 0, "axis": "y", "origin": [0, 0, 16]},
			"faces": {
				"north": {"uv": [4, 7.5, 6, 8.125], "texture": "#0"},
				"east": {"uv": [4, 7.5, 4, 8.125], "texture": "#0"},
				"south": {"uv": [6, 7.5, 8, 8.125], "texture": "#0"},
				"west": {"uv": [6, 7.5, 6, 8.125], "texture": "#0"},
				"up": {"uv": [6, 7.5, 4, 7.5], "texture": "#0"},
				"down": {"uv": [8, 7.5, 6, 7.5], "texture": "#0"}
			}
		},
		{
			"from": [2, 6, 0],
			"to": [2, 11, 16],
			"rotation": {"angle": 0, "axis": "y", "origin": [0, 0, 16]},
			"faces": {
				"north": {"uv": [2, 8.125, 2, 8.75], "texture": "#0"},
				"east": {"uv": [0, 8.125, 2, 8.75], "texture": "#0"},
				"south": {"uv": [4, 8.125, 4, 8.75], "texture": "#0"},
				"west": {"uv": [2, 8.125, 4, 8.75], "texture": "#0"},
				"up": {"uv": [2, 8.125, 2, 6.125], "texture": "#0"},
				"down": {"uv": [2, 6.125, 2, 8.125], "texture": "#0"}
			}
		},
		{
			"from": [14, 6, 0],
			"to": [14, 11, 16],
			"rotation": {"angle": 0, "axis": "y", "origin": [16, 0, 16]},
			"faces": {
				"north": {"uv": [2, 7.5, 2, 8.125], "texture": "#0"},
				"east": {"uv": [0, 7.5, 2, 8.125], "texture": "#0"},
				"south": {"uv": [4, 7.5, 4, 8.125], "texture": "#0"},
				"west": {"uv": [2, 7.5, 4, 8.125], "texture": "#0"},
				"up": {"uv": [2, 7.5, 2, 5.5], "texture": "#0"},
				"down": {"uv": [2, 5.5, 2, 7.5], "texture": "#0"}
			}
		},
		{
			"from": [12, 10, 3],
			"to": [12, 15, 13],
			"faces": {
				"north": {"uv": [3.75, 5.75, 3.75, 6.375], "texture": "#0"},
				"east": {"uv": [2.5, 5.75, 3.75, 6.375], "texture": "#0"},
				"south": {"uv": [5, 5.75, 5, 6.375], "texture": "#0"},
				"west": {"uv": [3.75, 5.75, 5, 6.375], "texture": "#0"},
				"up": {"uv": [3.75, 5.75, 3.75, 4.5], "texture": "#0"},
				"down": {"uv": [3.75, 4.5, 3.75, 5.75], "texture": "#0"}
			}
		},
		{
			"from": [4, 10, 3],
			"to": [4, 15, 13],
			"rotation": {"angle": 0, "axis": "y", "origin": [16, 0, 0]},
			"faces": {
				"north": {"uv": [1.25, 5.75, 1.25, 6.375], "texture": "#0"},
				"east": {"uv": [0, 5.75, 1.25, 6.375], "texture": "#0"},
				"south": {"uv": [2.5, 5.75, 2.5, 6.375], "texture": "#0"},
				"west": {"uv": [1.25, 5.75, 2.5, 6.375], "texture": "#0"},
				"up": {"uv": [1.25, 5.75, 1.25, 4.5], "texture": "#0"},
				"down": {"uv": [1.25, 4.5, 1.25, 5.75], "texture": "#0"}
			}
		},
		{
			"from": [3, 10, 4],
			"to": [13, 15, 4],
			"rotation": {"angle": 0, "axis": "y", "origin": [16, 0, 0]},
			"faces": {
				"north": {"uv": [6, 0, 7.25, 0.625], "texture": "#0"},
				"east": {"uv": [6, 0, 6, 0.625], "texture": "#0"},
				"south": {"uv": [7.25, 0, 8.5, 0.625], "texture": "#0"},
				"west": {"uv": [7.25, 0, 7.25, 0.625], "texture": "#0"},
				"up": {"uv": [7.25, 0, 6, 0], "texture": "#0"},
				"down": {"uv": [8.5, 0, 7.25, 0], "texture": "#0"}
			}
		},
		{
			"from": [3, 10, 12],
			"to": [13, 15, 12],
			"rotation": {"angle": 0, "axis": "y", "origin": [16, 0, 0]},
			"faces": {
				"north": {"uv": [5, 5.75, 6.25, 6.375], "texture": "#0"},
				"east": {"uv": [5, 5.75, 5, 6.375], "texture": "#0"},
				"south": {"uv": [6.25, 5.75, 7.5, 6.375], "texture": "#0"},
				"west": {"uv": [6.25, 5.75, 6.25, 6.375], "texture": "#0"},
				"up": {"uv": [6.25, 5.75, 5, 5.75], "texture": "#0"},
				"down": {"uv": [7.5, 5.75, 6.25, 5.75], "texture": "#0"}
			}
		}
	],
	"display": {
		"thirdperson_righthand": {
			"translation": [0, 0, -5.5],
			"scale": [0.69, 0.69, 0.69]
		},
		"thirdperson_lefthand": {
			"translation": [0, 0, -5.5],
			"scale": [0.69, 0.69, 0.69]
		},
		"firstperson_righthand": {
			"rotation": [12.5, 0, 0],
			"translation": [2.25, 3.75, 0],
			"scale": [0.69, 0.69, 0.69]
		},
		"firstperson_lefthand": {
			"rotation": [12.5, 0, 0],
			"translation": [2.25, 3.75, 0],
			"scale": [0.69, 0.69, 0.69]
		},
		"ground": {
			"translation": [0, 3, 0],
			"scale": [0.5, 0.5, 0.5]
		},
		"gui": {
			"rotation": [30, -180, 0],
			"translation": [0, 1.75, 0],
			"scale": [0.69, 0.69, 0.69]
		},
		"head": {
			"translation": [0, 4.75, 0],
			"scale": [1.6, 1.6, 1.6]
		},
		"fixed": {
			"rotation": [-90, 0, 0],
			"translation": [0, 0, -6.25],
			"scale": [2, 2, 2]
		}
	},
	"groups": [
		{
			"name": "garden_hat",
			"origin": [8, 8, 8],
			"color": 0,
			"nbt": "{}",
			"children": [
				{
					"name": "hat",
					"origin": [8, 6, 16],
					"color": 0,
					"nbt": "{}",
					"children": [0, 1, 2, 3, 4, 5]
				},
				{
					"name": "strap",
					"origin": [8.75765, -2.24193, 5.5],
					"color": 0,
					"nbt": "{}",
					"children": [6, 7, 8, 9, 10, 11]
				},
				{
					"name": "botanicals",
					"origin": [16, 0, 0],
					"color": 0,
					"nbt": "{}",
					"children": [
						{
							"name": "bottom",
							"origin": [16, 0, 16],
							"color": 0,
							"nbt": "{}",
							"children": [12, 13, 14, 15]
						},
						{
							"name": "top",
							"origin": [16, 0, 0],
							"color": 0,
							"nbt": "{}",
							"children": [16, 17, 18, 19]
						}
					]
				}
			]
		}
	]
}