{
	"credit": "Made with Blockbench",
	"textures": {
		"2": "cosmetics/hats/gasmask"
	},
	"elements": [
		{
			"from": [4.47137, 1.13863, 6.12285],
			"to": [4.47137, 2.13863, 13.12285],
			"rotation": {"angle": 0, "axis": "y", "origin": [8.41, 2.88863, 9.95722]},
			"faces": {
				"north": {"uv": [0, 0, 0, 1], "texture": "#2"},
				"east": {"uv": [6, 5, 13, 6], "texture": "#2"},
				"south": {"uv": [0, 0, 0, 1], "texture": "#2"},
				"west": {"uv": [6, 6, 13, 7], "texture": "#2"},
				"up": {"uv": [0, 7, 0, 0], "texture": "#2"},
				"down": {"uv": [0, 0, 0, 7], "texture": "#2"}
			}
		},
		{
			"from": [11.77137, 1.13863, 6.12285],
			"to": [11.77137, 2.13863, 13.12285],
			"rotation": {"angle": 0, "axis": "y", "origin": [8.21, 2.88863, 9.95722]},
			"faces": {
				"north": {"uv": [0, 0, 0, 1], "texture": "#2"},
				"east": {"uv": [6, 7, 13, 8], "texture": "#2"},
				"south": {"uv": [0, 0, 0, 1], "texture": "#2"},
				"west": {"uv": [3, 8, 10, 9], "texture": "#2"},
				"up": {"uv": [0, 7, 0, 0], "texture": "#2"},
				"down": {"uv": [0, 0, 0, 7], "texture": "#2"}
			}
		},
		{
			"from": [4.47137, 1.13863, 13.12285],
			"to": [11.82137, 2.13863, 13.12285],
			"rotation": {"angle": 0, "axis": "y", "origin": [8.41, 2.88863, 9.45722]},
			"faces": {
				"north": {"uv": [3, 0, 10.5, 1], "texture": "#2"},
				"east": {"uv": [0, 0, 0, 1], "texture": "#2"},
				"south": {"uv": [3, 1, 10.5, 2], "texture": "#2"},
				"west": {"uv": [0, 0, 0, 1], "texture": "#2"},
				"up": {"uv": [7.5, 0, 0, 0], "texture": "#2"},
				"down": {"uv": [7.5, 0, 0, 0], "texture": "#2"}
			}
		},
		{
			"from": [6.62137, 0.42126, 3.22071],
			"to": [9.62137, 3.42126, 5.72071],
			"rotation": {"angle": -22.5, "axis": "x", "origin": [8.12137, 1.92126, 4.47071]},
			"faces": {
				"north": {"uv": [0, 0, 3, 3], "texture": "#2"},
				"east": {"uv": [3, 2, 5.5, 5], "texture": "#2"},
				"south": {"uv": [0, 3, 3, 6], "texture": "#2"},
				"west": {"uv": [3, 5, 5.5, 8], "texture": "#2"},
				"up": {"uv": [3, 8.5, 0, 6], "texture": "#2"},
				"down": {"uv": [9, 2, 6, 4.5], "texture": "#2"}
			}
		},
		{
			"from": [4.40405, 0.38863, 4.14673],
			"to": [6.40405, 2.38863, 6.14673],
			"rotation": {"angle": 0, "axis": "y", "origin": [5.00405, 1.38863, 5.14673]},
			"faces": {
				"north": {"uv": [0, 9, 2, 11], "texture": "#2"},
				"east": {"uv": [2, 9, 4, 11], "texture": "#2"},
				"south": {"uv": [9, 2, 11, 4], "texture": "#2"},
				"west": {"uv": [4, 9, 6, 11], "texture": "#2"},
				"up": {"uv": [8, 11, 6, 9], "texture": "#2"},
				"down": {"uv": [10, 9, 8, 11], "texture": "#2"}
			}
		},
		{
			"from": [9.83868, 0.38863, 4.14673],
			"to": [11.83868, 2.38863, 6.14673],
			"rotation": {"angle": 0, "axis": "y", "origin": [11.23868, 1.38863, 5.14673]},
			"faces": {
				"north": {"uv": [10, 8, 12, 10], "texture": "#2"},
				"east": {"uv": [10, 10, 12, 12], "texture": "#2"},
				"south": {"uv": [0, 11, 2, 13], "texture": "#2"},
				"west": {"uv": [11, 0, 13, 2], "texture": "#2"},
				"up": {"uv": [4, 13, 2, 11], "texture": "#2"},
				"down": {"uv": [13, 2, 11, 4], "texture": "#2"}
			}
		}
	],
	"display": {
		"thirdperson_righthand": {
			"rotation": [70, 0, 0],
			"translation": [0, 0, 3],
			"scale": [0.5, 0.5, 0.5]
		},
		"thirdperson_lefthand": {
			"rotation": [70, 0, 0],
			"translation": [0, 0, 3],
			"scale": [0.5, 0.5, 0.5]
		},
		"firstperson_righthand": {
			"translation": [0, 5, 0]
		},
		"firstperson_lefthand": {
			"translation": [0, 5, 0]
		},
		"ground": {
			"translation": [0, 7, 0]
		},
		"gui": {
			"rotation": [-160, 35, -180],
			"translation": [-0.25, 5, 0]
		},
		"head": {
			"rotation": [-8.5, 0, 0],
			"translation": [-0.25, 6, -3],
			"scale": [1.9, 1.9, 1.9]
		},
		"fixed": {
			"translation": [0, 10, 0],
			"scale": [1.5, 1.5, 1.5]
		}
	},
	"groups": [
		{
			"name": "gasmask",
			"origin": [8.2388, -0.54178, 9.72767],
			"color": 0,
			"children": [0, 1, 2, 3, 4, 5]
		}
	]
}