{"credit":"Made with Blockbench","texture_size":[64,64],"textures":{"1":"cosmetics/hats/ghost_animation4","2":"cosmetics/hats/ghost_animation3","4":"cosmetics/hats/ghost_hat","particle":"cosmetic_packv6/ghost_animation4"},"elements":[{"from":[4,7,3],"to":[12,11,3],"rotation":{"angle":0,"axis":"y","origin":[7,8,3]},"faces":{"north":{"uv":[2.75,4.5,4.75,5.5],"texture":"#4"},"east":{"uv":[0,0,0,1],"texture":"#4"},"south":{"uv":[4.75,4.5,6.75,5.5],"texture":"#4"},"west":{"uv":[0,0,0,1],"texture":"#4"},"up":{"uv":[2,0,0,0],"texture":"#4"},"down":{"uv":[2,0,0,0],"texture":"#4"}}},{"from":[4,7,11],"to":[12,11,11],"rotation":{"angle":0,"axis":"y","origin":[7,8,11]},"faces":{"north":{"uv":[5,3.25,7,4.25],"texture":"#4"},"east":{"uv":[0,0,0,1],"texture":"#4"},"south":{"uv":[5,3.25,7,4.25],"texture":"#4"},"west":{"uv":[0,0,0,1],"texture":"#4"},"up":{"uv":[2,0,0,0],"texture":"#4"},"down":{"uv":[2,0,0,0],"texture":"#4"}}},{"from":[4,3.5,12],"to":[12,7.5,12],"rotation":{"angle":-22.5,"axis":"x","origin":[7,4.5,12]},"faces":{"north":{"uv":[4.75,5.5,6.75,6.5],"texture":"#4"},"east":{"uv":[0,0,0,1],"texture":"#4"},"south":{"uv":[4.75,5.5,6.75,6.5],"texture":"#4"},"west":{"uv":[0,0,0,1],"texture":"#4"},"up":{"uv":[2,0,0,0],"texture":"#4"},"down":{"uv":[2,0,0,0],"texture":"#4"}}},{"from":[4,11,3],"to":[12,11,11],"rotation":{"angle":0,"axis":"y","origin":[7,8,3]},"faces":{"north":{"uv":[0,0,2,0],"texture":"#4"},"east":{"uv":[0,0,2,0],"texture":"#4"},"south":{"uv":[0,0,2,0],"texture":"#4"},"west":{"uv":[0,0,2,0],"texture":"#4"},"up":{"uv":[2,2,0,0],"texture":"#4"},"down":{"uv":[2,0,0,2],"texture":"#4"}}},{"from":[4,7,3],"to":[4,11,11],"rotation":{"angle":0,"axis":"y","origin":[7,8,3]},"faces":{"north":{"uv":[0,0,0,1],"texture":"#4"},"east":{"uv":[5.75,0,7.75,1],"texture":"#4"},"south":{"uv":[0,0,0,1],"texture":"#4"},"west":{"uv":[5.75,1,7.75,2],"texture":"#4"},"up":{"uv":[0,2,0,0],"texture":"#4"},"down":{"uv":[0,0,0,2],"texture":"#4"}}},{"from":[2.75,2.25,3],"to":[2.75,6.25,11],"rotation":{"angle":-22.5,"axis":"z","origin":[5.75,3.25,3]},"faces":{"north":{"uv":[0,0,0,1],"texture":"#4"},"east":{"uv":[0,6.25,2,7.25],"texture":"#4"},"south":{"uv":[0,0,0,1],"texture":"#4"},"west":{"uv":[2,6.5,4,7.5],"texture":"#4"},"up":{"uv":[0,2,0,0],"texture":"#4"},"down":{"uv":[0,0,0,2],"texture":"#4"}}},{"from":[12,7,3],"to":[12,11,11],"rotation":{"angle":0,"axis":"y","origin":[9,8,3]},"faces":{"north":{"uv":[0,0,0,1],"texture":"#4"},"east":{"uv":[4,6.5,6,7.5],"texture":"#4"},"south":{"uv":[0,0,0,1],"texture":"#4"},"west":{"uv":[6,6.5,8,7.5],"texture":"#4"},"up":{"uv":[0,2,0,0],"texture":"#4"},"down":{"uv":[0,0,0,2],"texture":"#4"}}},{"from":[13.25,2.25,3],"to":[13.25,6.25,11],"rotation":{"angle":22.5,"axis":"z","origin":[10.25,3.25,3]},"faces":{"north":{"uv":[0,0,0,1],"texture":"#4"},"east":{"uv":[6.75,4.25,8.75,5.25],"texture":"#4"},"south":{"uv":[0,0,0,1],"texture":"#4"},"west":{"uv":[6.75,5.25,8.75,6.25],"texture":"#4"},"up":{"uv":[0,2,0,0],"texture":"#4"},"down":{"uv":[0,0,0,2],"texture":"#4"}}},{"from":[0.1,8,4.05],"to":[7.1,17,4.05],"rotation":{"angle":22.5,"axis":"y","origin":[1.1,7,4.05]},"faces":{"north":{"uv":[0,4,1.75,6.25],"texture":"#4"},"east":{"uv":[0,0,0,2.25],"texture":"#4"},"south":{"uv":[4,0,5.75,2.25],"texture":"#4"},"west":{"uv":[0,0,0,2.25],"texture":"#4"},"up":{"uv":[1.75,0,0,0],"texture":"#4"},"down":{"uv":[1.75,0,0,0],"texture":"#4"}}},{"from":[8.9,8,4.05],"to":[15.9,17,4.05],"rotation":{"angle":-22.5,"axis":"y","origin":[14.9,7,4.05]},"faces":{"north":{"uv":[1.75,4,0,6.25],"texture":"#4"},"east":{"uv":[0,0,0,2.25],"texture":"#4"},"south":{"uv":[5.75,0,4,2.25],"texture":"#4"},"west":{"uv":[0,0,0,2.25],"texture":"#4"},"up":{"uv":[0,0,1.75,0],"texture":"#4"},"down":{"uv":[0,0,1.75,0],"texture":"#4"}}},{"from":[6.5,8,1.75],"to":[9.5,12,3.75],"rotation":{"angle":0,"axis":"y","origin":[3.5,7,1.75]},"faces":{"north":{"uv":[6,8.5,6.75,9.5],"texture":"#4"},"east":{"uv":[7.5,8.5,8,9.5],"texture":"#4"},"south":{"uv":[6.75,8.5,7.5,9.5],"texture":"#4"},"west":{"uv":[9,2,9.5,3],"texture":"#4"},"up":{"uv":[3.5,4.5,2.75,4],"texture":"#4"},"down":{"uv":[10.25,5.5,9.5,6],"texture":"#4"}}},{"name":"cube_outline","from":[9.7,12.2,3.95],"to":[6.3,7.8,1.55],"rotation":{"angle":0,"axis":"y","origin":[3.5,7,1.75]},"faces":{"north":{"uv":[8.75,4,9.5,5],"texture":"#4"},"east":{"uv":[9,3,9.5,4],"texture":"#4"},"south":{"uv":[8.75,5,9.5,6],"texture":"#4"},"west":{"uv":[0,9.25,0.5,10.25],"texture":"#4"},"up":{"uv":[7,10,6.25,9.5],"texture":"#4"},"down":{"uv":[7.75,9.5,7,10],"texture":"#4"}}},{"name":"cube_outline","from":[12.2,11.2,3.2],"to":[3.8,6.8,2.8],"rotation":{"angle":0,"axis":"y","origin":[7,8,3]},"faces":{"north":{"uv":[7,2,9,3],"texture":"#4"},"east":{"uv":[7.75,9.5,8,10.5],"texture":"#4"},"south":{"uv":[7,3,9,4],"texture":"#4"},"west":{"uv":[8,9.5,8.25,10.5],"texture":"#4"},"up":{"uv":[10.75,6.25,8.75,6],"texture":"#4"},"down":{"uv":[10,9.25,8,9.5],"texture":"#4"}}},{"name":"cube_outline","from":[13.45,6.45,11.2],"to":[13.05,2.05,2.8],"rotation":{"angle":22.5,"axis":"z","origin":[10.25,3.25,3]},"faces":{"north":{"uv":[8.25,9.5,8.5,10.5],"texture":"#4"},"east":{"uv":[0,7.25,2,8.25],"texture":"#4"},"south":{"uv":[8.5,9.5,8.75,10.5],"texture":"#4"},"west":{"uv":[2,7.5,4,8.5],"texture":"#4"},"up":{"uv":[0.75,11.25,0.5,9.25],"texture":"#4"},"down":{"uv":[1,9.25,0.75,11.25],"texture":"#4"}}},{"name":"cube_outline","from":[12.2,11.2,11.2],"to":[11.8,6.8,2.8],"rotation":{"angle":0,"axis":"y","origin":[9,8,3]},"faces":{"north":{"uv":[8.75,9.5,9,10.5],"texture":"#4"},"east":{"uv":[4,7.5,6,8.5],"texture":"#4"},"south":{"uv":[9,9.5,9.25,10.5],"texture":"#4"},"west":{"uv":[6,7.5,8,8.5],"texture":"#4"},"up":{"uv":[1.25,11.25,1,9.25],"texture":"#4"},"down":{"uv":[1.5,9.25,1.25,11.25],"texture":"#4"}}},{"name":"cube_outline","from":[12.2,11.2,11.2],"to":[3.8,10.8,2.8],"rotation":{"angle":0,"axis":"y","origin":[7,8,3]},"faces":{"north":{"uv":[1.5,9.5,3.5,9.75],"texture":"#4"},"east":{"uv":[9.5,2,11.5,2.25],"texture":"#4"},"south":{"uv":[9.5,2.25,11.5,2.5],"texture":"#4"},"west":{"uv":[9.5,2.5,11.5,2.75],"texture":"#4"},"up":{"uv":[4,2,2,0],"texture":"#4"},"down":{"uv":[4,2,2,4],"texture":"#4"}}},{"name":"cube_outline","from":[12.2,11.2,11.2],"to":[3.8,6.8,10.8],"rotation":{"angle":0,"axis":"y","origin":[7,8,11]},"faces":{"north":{"uv":[7.75,0,9.75,1],"texture":"#4"},"east":{"uv":[9.25,9.5,9.5,10.5],"texture":"#4"},"south":{"uv":[7.75,1,9.75,2],"texture":"#4"},"west":{"uv":[9.5,9.5,9.75,10.5],"texture":"#4"},"up":{"uv":[11.5,3,9.5,2.75],"texture":"#4"},"down":{"uv":[11.5,3,9.5,3.25],"texture":"#4"}}},{"name":"cube_outline","from":[12.2,7.7,12.2],"to":[3.8,3.3,11.8],"rotation":{"angle":-22.5,"axis":"x","origin":[7,4.5,12]},"faces":{"north":{"uv":[8,6.25,10,7.25],"texture":"#4"},"east":{"uv":[9.75,0,10,1],"texture":"#4"},"south":{"uv":[8,7.25,10,8.25],"texture":"#4"},"west":{"uv":[9.75,1,10,2],"texture":"#4"},"up":{"uv":[11.5,3.5,9.5,3.25],"texture":"#4"},"down":{"uv":[5.5,9.5,3.5,9.75],"texture":"#4"}}},{"name":"cube_outline","from":[2.95,6.45,11.2],"to":[2.55,2.05,2.8],"rotation":{"angle":-22.5,"axis":"z","origin":[5.75,3.25,3]},"faces":{"north":{"uv":[1.5,9.75,1.75,10.75],"texture":"#4"},"east":{"uv":[0,8.25,2,9.25],"texture":"#4"},"south":{"uv":[1.75,9.75,2,10.75],"texture":"#4"},"west":{"uv":[8,8.25,10,9.25],"texture":"#4"},"up":{"uv":[9.75,5.5,9.5,3.5],"texture":"#4"},"down":{"uv":[5.75,9.5,5.5,11.5],"texture":"#4"}}},{"name":"cube_outline","from":[4.2,11.2,11.2],"to":[3.8,6.8,2.8],"rotation":{"angle":0,"axis":"y","origin":[7,8,3]},"faces":{"north":{"uv":[2,9.75,2.25,10.75],"texture":"#4"},"east":{"uv":[2,8.5,4,9.5],"texture":"#4"},"south":{"uv":[2.25,9.75,2.5,10.75],"texture":"#4"},"west":{"uv":[4,8.5,6,9.5],"texture":"#4"},"up":{"uv":[6,11.5,5.75,9.5],"texture":"#4"},"down":{"uv":[6.25,9.5,6,11.5],"texture":"#4"}}},{"from":[12,11,6.5],"to":[12,21,10.5],"rotation":{"angle":0,"axis":"y","origin":[12,11,6.5]},"faces":{"north":{"uv":[0,0,0,10],"texture":"#2"},"east":{"uv":[0,0,4,10],"texture":"#2"},"south":{"uv":[0,0,0,10],"texture":"#2"},"west":{"uv":[4,0,8,10],"texture":"#2"},"up":{"uv":[0,4,0,0],"texture":"#2"},"down":{"uv":[0,0,0,4],"texture":"#2"}}},{"from":[4,11.25,4],"to":[4,21.25,8],"rotation":{"angle":0,"axis":"y","origin":[4,11.25,4]},"faces":{"north":{"uv":[0,0,0,10],"texture":"#2"},"east":{"uv":[0,0,4,10],"texture":"#2"},"south":{"uv":[0,0,0,10],"texture":"#2"},"west":{"uv":[4,0,8,10],"texture":"#2"},"up":{"uv":[0,4,0,0],"texture":"#2"},"down":{"uv":[0,0,0,4],"texture":"#2"}}},{"from":[13.5,3.5,2.5],"to":[13.5,12.5,6.5],"rotation":{"angle":0,"axis":"y","origin":[13.5,3.5,6.5]},"faces":{"north":{"uv":[4,0,0,9],"texture":"#1"},"east":{"uv":[4,0,0,9],"texture":"#1"},"south":{"uv":[4,0,0,9],"texture":"#1"},"west":{"uv":[4,0,0,9],"texture":"#1"},"up":{"uv":[4,0,0,0],"rotation":270,"texture":"#1"},"down":{"uv":[4,0,0,0],"rotation":90,"texture":"#1"}}},{"from":[6,3.5,12.5],"to":[10,12.5,12.5],"rotation":{"angle":0,"axis":"y","origin":[6,3.5,12.5]},"faces":{"north":{"uv":[4,0,0,9],"texture":"#1"},"east":{"uv":[4,0,0,9],"texture":"#1"},"south":{"uv":[4,0,0,9],"texture":"#1"},"west":{"uv":[4,0,0,9],"texture":"#1"},"up":{"uv":[4,0,0,0],"texture":"#1"},"down":{"uv":[4,0,0,0],"texture":"#1"}}},{"from":[2.5,3.25,7.25],"to":[2.5,12.25,11.25],"rotation":{"angle":0,"axis":"y","origin":[2.5,3.25,7.25]},"faces":{"north":{"uv":[0,0,4,9],"texture":"#1"},"east":{"uv":[0,0,4,9],"texture":"#1"},"south":{"uv":[0,0,4,9],"texture":"#1"},"west":{"uv":[0,0,4,9],"texture":"#1"},"up":{"uv":[4,0,0,0],"rotation":90,"texture":"#1"},"down":{"uv":[4,0,0,0],"rotation":270,"texture":"#1"}}},{"from":[6,8,1.25],"to":[10,17,1.25],"rotation":{"angle":0,"axis":"y","origin":[6,8,1.25]},"faces":{"north":{"uv":[0,0,4,9],"texture":"#1"},"east":{"uv":[0,0,4,9],"texture":"#1"},"south":{"uv":[0,0,4,9],"texture":"#1"},"west":{"uv":[0,0,4,9],"texture":"#1"},"up":{"uv":[4,0,0,0],"texture":"#1"},"down":{"uv":[4,0,0,0],"texture":"#1"}}}],"gui_light":"front","display":{"gui":{"rotation":[180,-28.5,180],"translation":[-0.5,-1.5,0],"scale":[1.03125,1.03125,1.03125]},"head":{"translation":[0,2,1.5],"scale":[1.7,1.7,1.7]}},"groups":[{"name":"ghost_hat","origin":[8,8,8],"color":0,"children":[{"name":"group","origin":[8,8,8],"color":0,"children":[0,1,2,3,4,5,6,7,8,9,10,11,12,13,14,15,16,17,18,19]},20,21,22,23,24,25]}],"mcmodels":"378ba8a653ab8c930abe4f8d5cc37930"}