{"credit":"This is Unknown User copy!","texture_size":[128,128],"textures":{"0":"cosmetics/hats/gnome_hat_texture","particle":"block/gnome_hat_texture"},"elements":[{"from":[8,10,13],"to":[11,13,14],"rotation":{"angle":0,"axis":"y","origin":[8,11,13]},"faces":{"north":{"uv":[0.625,6.125,1,6.5],"texture":"#0"},"east":{"uv":[3.875,4.125,4,4.5],"texture":"#0"},"south":{"uv":[5,7.375,5.375,7.75],"texture":"#0"},"west":{"uv":[7.625,8.25,7.75,8.625],"texture":"#0"},"up":{"uv":[1.5,5.25,1.125,5.125],"texture":"#0"},"down":{"uv":[3.75,5.25,3.375,5.375],"texture":"#0"}}},{"from":[8,10,13],"to":[11,10,16],"rotation":{"angle":45,"axis":"x","origin":[9,10,13]},"faces":{"north":{"uv":[5.5,1.25,5.875,1.25],"texture":"#0"},"east":{"uv":[4,6.125,4.375,6.125],"texture":"#0"},"south":{"uv":[4.5,6.125,4.875,6.125],"texture":"#0"},"west":{"uv":[7,3.25,7.375,3.25],"texture":"#0"},"up":{"uv":[5.875,7.75,5.5,7.375],"texture":"#0"},"down":{"uv":[7.875,0.5,7.5,0.875],"texture":"#0"}}},{"from":[8,12.99929,13.00071],"to":[11,12.99929,16.00071],"rotation":{"angle":-45,"axis":"x","origin":[9,12.99929,13.00071]},"faces":{"north":{"uv":[8.25,0.375,8.625,0.375],"texture":"#0"},"east":{"uv":[8.25,3.125,8.625,3.125],"texture":"#0"},"south":{"uv":[8.25,6.125,8.625,6.125],"texture":"#0"},"west":{"uv":[4.625,8.375,5,8.375],"texture":"#0"},"up":{"uv":[1.625,7.875,1.25,7.5],"texture":"#0"},"down":{"uv":[2.125,7.5,1.75,7.875],"texture":"#0"}}},{"from":[8,10,13],"to":[8,13,16],"rotation":{"angle":-45,"axis":"y","origin":[8,11,13]},"faces":{"north":{"uv":[1,8.125,1,8.5],"texture":"#0"},"east":{"uv":[7.5,3.25,7.875,3.625],"texture":"#0"},"south":{"uv":[5.125,8.375,5.125,8.75],"texture":"#0"},"west":{"uv":[7.5,3.75,7.875,4.125],"texture":"#0"},"up":{"uv":[5.25,8.75,5.25,8.375],"texture":"#0"},"down":{"uv":[8.375,5.25,8.375,5.625],"texture":"#0"}}},{"from":[11,10,13],"to":[11,13,16],"rotation":{"angle":45,"axis":"y","origin":[11,11,13]},"faces":{"north":{"uv":[5.375,8.375,5.375,8.75],"texture":"#0"},"east":{"uv":[7.5,4.25,7.875,4.625],"texture":"#0"},"south":{"uv":[5.5,8.375,5.5,8.75],"texture":"#0"},"west":{"uv":[7.5,4.75,7.875,5.125],"texture":"#0"},"up":{"uv":[5.625,8.75,5.625,8.375],"texture":"#0"},"down":{"uv":[8.375,8.25,8.375,8.625],"texture":"#0"}}},{"from":[4,10,2],"to":[7,13,3],"rotation":{"angle":0,"axis":"y","origin":[4,11,3]},"faces":{"north":{"uv":[0.625,7.625,1,8],"texture":"#0"},"east":{"uv":[7.875,8.25,8,8.625],"texture":"#0"},"south":{"uv":[2.25,7.625,2.625,8],"texture":"#0"},"west":{"uv":[8.125,8.25,8.25,8.625],"texture":"#0"},"up":{"uv":[7.875,1.125,7.5,1],"texture":"#0"},"down":{"uv":[4,8.375,3.625,8.5],"texture":"#0"}}},{"from":[4,10,0],"to":[7,10,3],"rotation":{"angle":-45,"axis":"x","origin":[5,10,3]},"faces":{"north":{"uv":[8.5,0.5,8.875,0.5],"texture":"#0"},"east":{"uv":[8.5,0.625,8.875,0.625],"texture":"#0"},"south":{"uv":[8.5,0.75,8.875,0.75],"texture":"#0"},"west":{"uv":[8.5,0.875,8.875,0.875],"texture":"#0"},"up":{"uv":[3.125,8,2.75,7.625],"texture":"#0"},"down":{"uv":[3.625,7.625,3.25,8],"texture":"#0"}}},{"from":[4,12.99929,-0.00071],"to":[7,12.99929,2.99929],"rotation":{"angle":45,"axis":"x","origin":[5,12.99929,2.99929]},"faces":{"north":{"uv":[8.5,1,8.875,1],"texture":"#0"},"east":{"uv":[1.125,8.5,1.5,8.5],"texture":"#0"},"south":{"uv":[8.5,1.125,8.875,1.125],"texture":"#0"},"west":{"uv":[8.5,1.25,8.875,1.25],"texture":"#0"},"up":{"uv":[8,7.125,7.625,6.75],"texture":"#0"},"down":{"uv":[8,7.25,7.625,7.625],"texture":"#0"}}},{"from":[4,10,0],"to":[4,13,3],"rotation":{"angle":45,"axis":"y","origin":[4,11,3]},"faces":{"north":{"uv":[8.5,1.375,8.5,1.75],"texture":"#0"},"east":{"uv":[0,7.75,0.375,8.125],"texture":"#0"},"south":{"uv":[1.625,8.5,1.625,8.875],"texture":"#0"},"west":{"uv":[7.75,2.25,8.125,2.625],"texture":"#0"},"up":{"uv":[1.75,8.875,1.75,8.5],"texture":"#0"},"down":{"uv":[1.875,8.5,1.875,8.875],"texture":"#0"}}},{"from":[7,10,0],"to":[7,13,3],"rotation":{"angle":-45,"axis":"y","origin":[7,11,3]},"faces":{"north":{"uv":[2,8.5,2,8.875],"texture":"#0"},"east":{"uv":[7.75,2.75,8.125,3.125],"texture":"#0"},"south":{"uv":[2.625,8.5,2.625,8.875],"texture":"#0"},"west":{"uv":[7.75,5.75,8.125,6.125],"texture":"#0"},"up":{"uv":[2.75,8.875,2.75,8.5],"texture":"#0"},"down":{"uv":[2.875,8.5,2.875,8.875],"texture":"#0"}}},{"from":[13,11,4],"to":[14,13,6],"rotation":{"angle":0,"axis":"y","origin":[13,12,4]},"faces":{"north":{"uv":[6,7.375,6.125,7.625],"texture":"#0"},"east":{"uv":[2,7,2.25,7.25],"texture":"#0"},"south":{"uv":[5.75,7.875,5.875,8.125],"texture":"#0"},"west":{"uv":[7.25,8.25,7.5,8.5],"texture":"#0"},"up":{"uv":[4.25,8.625,4.125,8.375],"texture":"#0"},"down":{"uv":[4.5,8.375,4.375,8.625],"texture":"#0"}}},{"from":[13,13,4],"to":[16,13,6],"rotation":{"angle":45,"axis":"z","origin":[13,13,5]},"faces":{"north":{"uv":[8.5,1.875,8.875,1.875],"texture":"#0"},"east":{"uv":[6,1.25,6.25,1.25],"texture":"#0"},"south":{"uv":[8.5,3.25,8.875,3.25],"texture":"#0"},"west":{"uv":[5,6.125,5.25,6.125],"texture":"#0"},"up":{"uv":[1,6.875,0.625,6.625],"texture":"#0"},"down":{"uv":[0.375,8.25,0,8.5],"texture":"#0"}}},{"from":[13,11,4],"to":[16,11,6],"rotation":{"angle":-45,"axis":"z","origin":[13,11,5]},"faces":{"north":{"uv":[8.5,3.375,8.875,3.375],"texture":"#0"},"east":{"uv":[2.375,6.625,2.625,6.625],"texture":"#0"},"south":{"uv":[8.5,3.5,8.875,3.5],"texture":"#0"},"west":{"uv":[2.375,6.75,2.625,6.75],"texture":"#0"},"up":{"uv":[8.625,2.625,8.25,2.375],"texture":"#0"},"down":{"uv":[8.625,2.75,8.25,3],"texture":"#0"}}},{"from":[13,11,4],"to":[16,13,4],"rotation":{"angle":45,"axis":"y","origin":[13,12,4]},"faces":{"north":{"uv":[5.75,8.25,6.125,8.5],"texture":"#0"},"east":{"uv":[1.125,7.625,1.125,7.875],"texture":"#0"},"south":{"uv":[8.25,5.75,8.625,6],"texture":"#0"},"west":{"uv":[0.5,7.75,0.5,8],"texture":"#0"},"up":{"uv":[8.875,3.625,8.5,3.625],"texture":"#0"},"down":{"uv":[8.875,3.75,8.5,3.75],"texture":"#0"}}},{"from":[13,11,6],"to":[16,13,6],"rotation":{"angle":-45,"axis":"y","origin":[13,12,6]},"faces":{"north":{"uv":[6.25,8.25,6.625,8.5],"texture":"#0"},"east":{"uv":[3,8.5,3,8.75],"texture":"#0"},"south":{"uv":[6.75,8.25,7.125,8.5],"texture":"#0"},"west":{"uv":[3.125,8.5,3.125,8.75],"texture":"#0"},"up":{"uv":[8.875,3.875,8.5,3.875],"texture":"#0"},"down":{"uv":[8.875,4,8.5,4],"texture":"#0"}}},{"from":[3,6,2],"to":[13,9,14],"rotation":{"angle":0,"axis":"y","origin":[8,8,8]},"faces":{"north":{"uv":[6.25,6.75,7.5,7.125],"texture":"#0"},"east":{"uv":[5.5,5.25,7,5.625],"texture":"#0"},"south":{"uv":[6.875,0,8.125,0.375],"texture":"#0"},"west":{"uv":[5.375,5.75,6.875,6.125],"texture":"#0"},"up":{"uv":[1.25,1.5,0,0],"texture":"#0"},"down":{"uv":[2.625,0,1.375,1.5],"texture":"#0"}}},{"from":[3,9,3],"to":[13,13,13],"rotation":{"angle":0,"axis":"y","origin":[8,10,8]},"faces":{"north":{"uv":[5.5,0,6.75,0.5],"texture":"#0"},"east":{"uv":[5.5,0.625,6.75,1.125],"texture":"#0"},"south":{"uv":[4,5.5,5.25,6],"texture":"#0"},"west":{"uv":[5.5,4.625,6.75,5.125],"texture":"#0"},"up":{"uv":[1.25,2.875,0,1.625],"texture":"#0"},"down":{"uv":[2.625,1.625,1.375,2.875],"texture":"#0"}}},{"from":[4.6718,11.39315,4],"to":[12.6718,18.39315,12],"rotation":{"angle":22.5,"axis":"z","origin":[8.6718,11.39315,8]},"faces":{"north":{"uv":[1.625,4.375,2.625,5.25],"texture":"#0"},"east":{"uv":[0,5.125,1,6],"texture":"#0"},"south":{"uv":[5.25,1.375,6.25,2.25],"texture":"#0"},"west":{"uv":[5.25,2.375,6.25,3.25],"texture":"#0"},"up":{"uv":[5.125,2.375,4.125,1.375],"texture":"#0"},"down":{"uv":[5.125,2.5,4.125,3.5],"texture":"#0"}}},{"from":[-2.31355,19.38479,6],"to":[9.68645,24.38479,10],"rotation":{"angle":45,"axis":"z","origin":[9.6718,19.39315,8]},"faces":{"north":{"uv":[0,4.375,1.5,5],"texture":"#0"},"east":{"uv":[6.875,0.5,7.375,1.125],"texture":"#0"},"south":{"uv":[3.875,4.75,5.375,5.375],"texture":"#0"},"west":{"uv":[2.375,6.875,2.875,7.5],"texture":"#0"},"up":{"uv":[6.75,3.875,5.25,3.375],"texture":"#0"},"down":{"uv":[6.75,4,5.25,4.5],"texture":"#0"}}},{"from":[-0.23671,4.1627,2.025],"to":[3.76329,7.1627,13.975],"rotation":{"angle":22.5,"axis":"z","origin":[-1.23671,6.1627,8]},"faces":{"north":{"uv":[0,7.25,0.5,7.625],"texture":"#0"},"east":{"uv":[4,6.25,5.5,6.625],"texture":"#0"},"south":{"uv":[7,7.25,7.5,7.625],"texture":"#0"},"west":{"uv":[5.625,6.25,7.125,6.625],"texture":"#0"},"up":{"uv":[3.25,6.75,2.75,5.25],"texture":"#0"},"down":{"uv":[1.625,5.375,1.125,6.875],"texture":"#0"}}},{"from":[12.23671,4.1627,2.025],"to":[16.23671,7.1627,13.975],"rotation":{"angle":-22.5,"axis":"z","origin":[17.23671,6.1627,8]},"faces":{"north":{"uv":[3.75,7.375,4.25,7.75],"texture":"#0"},"east":{"uv":[6.375,1.25,7.875,1.625],"texture":"#0"},"south":{"uv":[4.375,7.375,4.875,7.75],"texture":"#0"},"west":{"uv":[6.375,1.75,7.875,2.125],"texture":"#0"},"up":{"uv":[2.25,6.875,1.75,5.375],"texture":"#0"},"down":{"uv":[3.875,5.5,3.375,7],"texture":"#0"}}},{"from":[4,-5.5,1],"to":[12,2.5,5],"rotation":{"angle":22.5,"axis":"x","origin":[4,-0.5,3]},"faces":{"north":{"uv":[2.75,4.125,3.75,5.125],"texture":"#0"},"east":{"uv":[0,6.125,0.5,7.125],"texture":"#0"},"south":{"uv":[4.125,3.625,5.125,4.625],"texture":"#0"},"west":{"uv":[6.375,2.25,6.875,3.25],"texture":"#0"},"up":{"uv":[5,7.25,4,6.75],"texture":"#0"},"down":{"uv":[6.125,6.75,5.125,7.25],"texture":"#0"}}},{"from":[10,1.5,1],"to":[15,4.5,4],"rotation":{"angle":-22.5,"axis":"z","origin":[10.5,3,2.5]},"faces":{"north":{"uv":[1.25,7,1.875,7.375],"texture":"#0"},"east":{"uv":[6,7.75,6.375,8.125],"texture":"#0"},"south":{"uv":[7,2.25,7.625,2.625],"texture":"#0"},"west":{"uv":[6.5,7.75,6.875,8.125],"texture":"#0"},"up":{"uv":[7.625,3.125,7,2.75],"texture":"#0"},"down":{"uv":[7.625,5.75,7,6.125],"texture":"#0"}}},{"from":[1,1.5,1],"to":[6,4.5,4],"rotation":{"angle":22.5,"axis":"z","origin":[5.5,3,2.5]},"faces":{"north":{"uv":[3,7.125,3.625,7.5],"texture":"#0"},"east":{"uv":[7,7.75,7.375,8.125],"texture":"#0"},"south":{"uv":[7.125,5.25,7.75,5.625],"texture":"#0"},"west":{"uv":[7.5,7.75,7.875,8.125],"texture":"#0"},"up":{"uv":[6.875,7.625,6.25,7.25],"texture":"#0"},"down":{"uv":[7.875,6.25,7.25,6.625],"texture":"#0"}}},{"from":[0.37868,-1.24264,1.025],"to":[3.37868,1.75736,3.975],"rotation":{"angle":-22.5,"axis":"z","origin":[5.5,3,2.5]},"faces":{"north":{"uv":[3.75,7.875,4.125,8.25],"texture":"#0"},"east":{"uv":[4.25,7.875,4.625,8.25],"texture":"#0"},"south":{"uv":[4.75,7.875,5.125,8.25],"texture":"#0"},"west":{"uv":[5.25,7.875,5.625,8.25],"texture":"#0"},"up":{"uv":[8.25,5.625,7.875,5.25],"texture":"#0"},"down":{"uv":[8.375,0.5,8,0.875],"texture":"#0"}}},{"from":[12.62132,-1.24264,1.025],"to":[15.62132,1.75736,3.975],"rotation":{"angle":22.5,"axis":"z","origin":[10.5,3,2.5]},"faces":{"north":{"uv":[8,1,8.375,1.375],"texture":"#0"},"east":{"uv":[1.125,8,1.5,8.375],"texture":"#0"},"south":{"uv":[8,1.5,8.375,1.875],"texture":"#0"},"west":{"uv":[1.625,8,2,8.375],"texture":"#0"},"up":{"uv":[8.375,3.625,8,3.25],"texture":"#0"},"down":{"uv":[8.375,3.75,8,4.125],"texture":"#0"}}},{"from":[6.5,2,0],"to":[9.5,5,3],"rotation":{"angle":0,"axis":"y","origin":[4.5,-1,1]},"faces":{"north":{"uv":[8,4.25,8.375,4.625],"texture":"#0"},"east":{"uv":[8,4.75,8.375,5.125],"texture":"#0"},"south":{"uv":[8,6.25,8.375,6.625],"texture":"#0"},"west":{"uv":[8,7.75,8.375,8.125],"texture":"#0"},"up":{"uv":[0.875,8.5,0.5,8.125],"texture":"#0"},"down":{"uv":[2.5,8.125,2.125,8.5],"texture":"#0"}}},{"from":[3,-1,3],"to":[13,9,13],"rotation":{"angle":0,"axis":"y","origin":[4,0,3]},"faces":{"north":{"uv":[2.75,0,4,1.25],"texture":"#0"},"east":{"uv":[2.75,1.375,4,2.625],"texture":"#0"},"south":{"uv":[2.75,2.75,4,4],"texture":"#0"},"west":{"uv":[0,3,1.25,4.25],"texture":"#0"},"up":{"uv":[2.625,4.25,1.375,3],"texture":"#0"},"down":{"uv":[5.375,0,4.125,1.25],"texture":"#0"}}},{"from":[0.5,2,8],"to":[4.5,6,10],"rotation":{"angle":22.5,"axis":"y","origin":[2,4,9]},"faces":{"north":{"uv":[6.875,3.375,7.375,3.875],"texture":"#0"},"east":{"uv":[2.375,5.375,2.625,5.875],"texture":"#0"},"south":{"uv":[6.875,4,7.375,4.5],"texture":"#0"},"west":{"uv":[2.375,6,2.625,6.5],"texture":"#0"},"up":{"uv":[3.125,8.375,2.625,8.125],"texture":"#0"},"down":{"uv":[8.625,6.75,8.125,7],"texture":"#0"}}},{"from":[11.5,2,8],"to":[15.5,6,10],"rotation":{"angle":-22.5,"axis":"y","origin":[14,4,9]},"faces":{"north":{"uv":[6.875,4.625,7.375,5.125],"texture":"#0"},"east":{"uv":[3.25,8.125,3.5,8.625],"texture":"#0"},"south":{"uv":[0.625,7,1.125,7.5],"texture":"#0"},"west":{"uv":[8.125,7.125,8.375,7.625],"texture":"#0"},"up":{"uv":[8.75,0.25,8.25,0],"texture":"#0"},"down":{"uv":[8.75,2,8.25,2.25],"texture":"#0"}}}],"gui_light":"front","display":{"thirdperson_righthand":{"translation":[0,1.75,-2],"scale":[0.8,0.8,0.8]},"thirdperson_lefthand":{"translation":[0,1.75,-2],"scale":[0.8,0.8,0.8]},"firstperson_righthand":{"rotation":[0,150,0],"translation":[8.5,0.75,-14.5]},"firstperson_lefthand":{"rotation":[0,150,0],"translation":[8.5,0.75,-14.5]},"ground":{"translation":[0,8,0],"scale":[0.9,0.9,0.9]},"gui":{"rotation":[0,165,0],"translation":[0,-0.25,0],"scale":[0.6,0.6,0.6]},"head":{"translation":[0,6.5,0],"scale":[1.6,1.6,1.6]},"fixed":{"rotation":[-90,0,0],"translation":[0,0,-18],"scale":[2,2,2]}},"groups":[{"name":"gnome_hat","origin":[8,8,8],"color":0,"children":[{"name":"flower_3","origin":[13,12,6],"color":0,"children":[0,1,2,3,4]},{"name":"flower_2","origin":[13,12,6],"color":0,"children":[5,6,7,8,9]},{"name":"flower_1","origin":[13,12,6],"color":0,"children":[10,11,12,13,14]},{"name":"hat","origin":[17.23671,6.1627,8],"color":0,"children":[15,16,17,18,19,20]},{"name":"beard","origin":[10.5,3,2.5],"color":0,"children":[21,22,23,24,25]},{"name":"head","origin":[14,4,9],"color":0,"children":[26,27,28,29]}]}],"mcmodels":"7cc762d1eab8dc6fcb3c6fc0b08dff59"}