{
	"credit": "Made with Blockbench",
	"texture_size": [64, 64],
	"textures": {
		"0": "cosmetics/hats/greenhat"
	},
	"elements": [
		{
			"from": [0.95, 0.25, 0.7],
			"to": [15.25, 0.25, 15],
			"rotation": {"angle": 0, "axis": "y", "origin": [8.1, 0.25, 8.125]},
			"faces": {
				"north": {"uv": [0, 0, 3.625, 0], "texture": "#0"},
				"east": {"uv": [0, 0, 3.625, 0], "texture": "#0"},
				"south": {"uv": [0, 0, 3.625, 0], "texture": "#0"},
				"west": {"uv": [0, 0, 3.625, 0], "texture": "#0"},
				"up": {"uv": [3.625, 3.625, 0, 0], "texture": "#0"},
				"down": {"uv": [3.625, 3.75, 0, 7.375], "texture": "#0"}
			}
		},
		{
			"from": [4.25, 0.25, 4],
			"to": [11.95, 9.25, 11.7],
			"rotation": {"angle": 0, "axis": "y", "origin": [8.1, 0.25, 8.125]},
			"faces": {
				"north": {"uv": [3.75, 0, 5.625, 2.25], "texture": "#0"},
				"east": {"uv": [3.75, 2.25, 5.625, 4.5], "texture": "#0"},
				"south": {"uv": [3.75, 4.5, 5.625, 6.75], "texture": "#0"},
				"west": {"uv": [5.75, 0, 7.625, 2.25], "texture": "#0"},
				"up": {"uv": [7.625, 4.125, 5.75, 2.25], "texture": "#0"},
				"down": {"uv": [7.625, 4.25, 5.75, 6.125], "texture": "#0"}
			}
		},
		{
			"from": [6.35, 0.25, 3],
			"to": [9.85, 2.75, 4],
			"rotation": {"angle": 0, "axis": "y", "origin": [8.1, 0.25, 8.125]},
			"faces": {
				"north": {"uv": [2, 7.5, 2.875, 8.125], "texture": "#0"},
				"east": {"uv": [3, 7.5, 3.25, 8.125], "texture": "#0"},
				"south": {"uv": [7.75, 1, 8.625, 1.625], "texture": "#0"},
				"west": {"uv": [3.25, 7.5, 3.5, 8.125], "texture": "#0"},
				"up": {"uv": [8.625, 2, 7.75, 1.75], "texture": "#0"},
				"down": {"uv": [8.625, 2, 7.75, 2.25], "texture": "#0"}
			}
		},
		{
			"from": [4.15, 0.25, 3.75],
			"to": [12.05, 1.75, 3.75],
			"rotation": {"angle": 0, "axis": "y", "origin": [8.1, 0.25, 8.125]},
			"faces": {
				"north": {"uv": [6, 7.25, 8, 7.625], "texture": "#0"},
				"east": {"uv": [0, 0, 0, 0.375], "texture": "#0"},
				"south": {"uv": [0, 7.5, 2, 7.875], "texture": "#0"},
				"west": {"uv": [0, 0, 0, 0.375], "texture": "#0"},
				"up": {"uv": [2, 0, 0, 0], "texture": "#0"},
				"down": {"uv": [2, 0, 0, 0], "texture": "#0"}
			}
		},
		{
			"from": [12.05, 0.25, 3.75],
			"to": [12.05, 1.75, 12],
			"rotation": {"angle": 0, "axis": "y", "origin": [8.1, 0.25, 8.125]},
			"faces": {
				"north": {"uv": [0, 0, 0, 0.375], "texture": "#0"},
				"east": {"uv": [5.75, 6.25, 7.875, 6.625], "texture": "#0"},
				"south": {"uv": [0, 0, 0, 0.375], "texture": "#0"},
				"west": {"uv": [3.75, 6.75, 5.875, 7.125], "texture": "#0"},
				"up": {"uv": [0, 2.125, 0, 0], "texture": "#0"},
				"down": {"uv": [0, 0, 0, 2.125], "texture": "#0"}
			}
		},
		{
			"from": [4.15, 0.25, 3.75],
			"to": [4.15, 1.75, 12],
			"rotation": {"angle": 0, "axis": "y", "origin": [8.1, 0.25, 8.125]},
			"faces": {
				"north": {"uv": [0, 0, 0, 0.375], "texture": "#0"},
				"east": {"uv": [6, 6.75, 8.125, 7.125], "texture": "#0"},
				"south": {"uv": [0, 0, 0, 0.375], "texture": "#0"},
				"west": {"uv": [3.75, 7.25, 5.875, 7.625], "texture": "#0"},
				"up": {"uv": [0, 2.125, 0, 0], "texture": "#0"},
				"down": {"uv": [0, 0, 0, 2.125], "texture": "#0"}
			}
		},
		{
			"from": [4.15, 0.25, 12],
			"to": [12.05, 1.75, 12],
			"rotation": {"angle": 0, "axis": "y", "origin": [8.1, 0.25, 8.125]},
			"faces": {
				"north": {"uv": [7.75, 0, 9.75, 0.375], "texture": "#0"},
				"east": {"uv": [0, 0, 0, 0.375], "texture": "#0"},
				"south": {"uv": [7.75, 0.5, 9.75, 0.875], "texture": "#0"},
				"west": {"uv": [0, 0, 0, 0.375], "texture": "#0"},
				"up": {"uv": [2, 0, 0, 0], "texture": "#0"},
				"down": {"uv": [2, 0, 0, 0], "texture": "#0"}
			}
		}
	],
	"display": {
		"thirdperson_righthand": {
			"rotation": [70, 0, 0],
			"scale": [0.5, 0.5, 0.5]
		},
		"thirdperson_lefthand": {
			"rotation": [70, 0, 0],
			"scale": [0.5, 0.5, 0.5]
		},
		"firstperson_righthand": {
			"translation": [0, 1, 0],
			"scale": [0.5, 0.5, 0.5]
		},
		"firstperson_lefthand": {
			"translation": [0, 1, 0],
			"scale": [0.5, 0.5, 0.5]
		},
		"ground": {
			"translation": [0, 6, 0]
		},
		"gui": {
			"rotation": [-160, 45, -180],
			"translation": [0, 3, 0],
			"scale": [0.8, 0.8, 0.8]
		},
		"head": {
			"translation": [0, 17.5, 0],
			"scale": [1.9, 1.9, 1.9]
		},
		"fixed": {
			"translation": [0, 2.5, 0]
		}
	},
	"groups": [
		{
			"name": "greenhat",
			"origin": [8.1, 1.02, 7.85],
			"color": 0,
			"children": [0, 1, 2, 3, 4, 5, 6]
		}
	]
}