{
	"credit": "Made with Blockbench",
	"texture_size": [64, 64],
	"textures": {
		"0": "cosmetics/hats/hornedhelmet"
	},
	"elements": [
		{
			"from": [4.37137, 7.88863, 4.97285],
			"to": [11.87137, 7.88863, 12.47285],
			"rotation": {"angle": 0, "axis": "y", "origin": [8.31, 2.88863, 8.80722]},
			"faces": {
				"north": {"uv": [0, 0, 1.875, 0], "texture": "#0"},
				"east": {"uv": [0, 0, 1.875, 0], "texture": "#0"},
				"south": {"uv": [0, 0, 1.875, 0], "texture": "#0"},
				"west": {"uv": [0, 0, 1.875, 0], "texture": "#0"},
				"up": {"uv": [3.875, 5.875, 2, 4], "texture": "#0"},
				"down": {"uv": [5.875, 2, 4, 3.875], "texture": "#0"}
			}
		},
		{
			"from": [7.37137, 1.88863, 4.97285],
			"to": [8.87137, 4.88863, 4.97285],
			"rotation": {"angle": 0, "axis": "y", "origin": [8.31, 2.88863, 8.80722]},
			"faces": {
				"north": {"uv": [1.5, 6.5, 1.875, 7.25], "texture": "#0"},
				"east": {"uv": [0, 0, 0, 0.75], "texture": "#0"},
				"south": {"uv": [6.5, 1.5, 6.875, 2.25], "texture": "#0"},
				"west": {"uv": [0, 0, 0, 0.75], "texture": "#0"},
				"up": {"uv": [0.375, 0, 0, 0], "texture": "#0"},
				"down": {"uv": [0.375, 0, 0, 0], "texture": "#0"}
			}
		},
		{
			"from": [7.37137, 6.88863, 3.97285],
			"to": [8.87137, 8.38863, 12.97285],
			"rotation": {"angle": 0, "axis": "y", "origin": [8.31, 2.88863, 8.80722]},
			"faces": {
				"north": {"uv": [6.75, 6.5, 7.125, 6.875], "texture": "#0"},
				"east": {"uv": [4, 5.5, 6.25, 5.875], "texture": "#0"},
				"south": {"uv": [0, 7, 0.375, 7.375], "texture": "#0"},
				"west": {"uv": [0, 6, 2.25, 6.375], "texture": "#0"},
				"up": {"uv": [6.375, 2.25, 6, 0], "texture": "#0"},
				"down": {"uv": [2.625, 6, 2.25, 8.25], "texture": "#0"}
			}
		},
		{
			"from": [4.37137, 4.88863, 4.97285],
			"to": [11.87137, 7.88863, 4.97285],
			"rotation": {"angle": 0, "axis": "y", "origin": [8.31, 2.88863, 8.80722]},
			"faces": {
				"north": {"uv": [4, 4, 5.875, 4.75], "texture": "#0"},
				"east": {"uv": [0, 0, 0, 0.75], "texture": "#0"},
				"south": {"uv": [4, 4.75, 5.875, 5.5], "texture": "#0"},
				"west": {"uv": [0, 0, 0, 0.75], "texture": "#0"},
				"up": {"uv": [1.875, 0, 0, 0], "texture": "#0"},
				"down": {"uv": [1.875, 0, 0, 0], "texture": "#0"}
			}
		},
		{
			"from": [4.37137, -0.11137, 12.47285],
			"to": [11.87137, 7.88863, 12.47285],
			"rotation": {"angle": 0, "axis": "y", "origin": [8.31, 2.88863, 8.80722]},
			"faces": {
				"north": {"uv": [0, 0, 1.875, 2], "texture": "#0"},
				"east": {"uv": [0, 0, 0, 2], "texture": "#0"},
				"south": {"uv": [0, 2, 1.875, 4], "texture": "#0"},
				"west": {"uv": [0, 0, 0, 2], "texture": "#0"},
				"up": {"uv": [1.875, 0, 0, 0], "texture": "#0"},
				"down": {"uv": [1.875, 0, 0, 0], "texture": "#0"}
			}
		},
		{
			"from": [11.87137, -0.11137, 4.97285],
			"to": [11.87137, 7.88863, 12.47285],
			"rotation": {"angle": 0, "axis": "y", "origin": [8.31, 2.88863, 8.80722]},
			"faces": {
				"north": {"uv": [0, 0, 0, 2], "texture": "#0"},
				"east": {"uv": [2, 0, 3.875, 2], "texture": "#0"},
				"south": {"uv": [0, 0, 0, 2], "texture": "#0"},
				"west": {"uv": [2, 2, 3.875, 4], "texture": "#0"},
				"up": {"uv": [0, 1.875, 0, 0], "texture": "#0"},
				"down": {"uv": [0, 0, 0, 1.875], "texture": "#0"}
			}
		},
		{
			"from": [4.37137, -0.11137, 4.97285],
			"to": [4.37137, 7.88863, 12.47285],
			"rotation": {"angle": 0, "axis": "y", "origin": [8.31, 2.88863, 8.80722]},
			"faces": {
				"north": {"uv": [0, 0, 0, 2], "texture": "#0"},
				"east": {"uv": [0, 4, 1.875, 6], "texture": "#0"},
				"south": {"uv": [0, 0, 0, 2], "texture": "#0"},
				"west": {"uv": [4, 0, 5.875, 2], "texture": "#0"},
				"up": {"uv": [0, 1.875, 0, 0], "texture": "#0"},
				"down": {"uv": [0, 0, 0, 1.875], "texture": "#0"}
			}
		},
		{
			"from": [2.12137, 5.53863, 7.72285],
			"to": [4.62137, 7.53863, 9.72285],
			"rotation": {"angle": -22.5, "axis": "z", "origin": [2.87137, 5.78863, 8.72285]},
			"faces": {
				"north": {"uv": [5.25, 6, 5.875, 6.5], "texture": "#0"},
				"east": {"uv": [6.5, 2.25, 7, 2.75], "texture": "#0"},
				"south": {"uv": [6, 6, 6.625, 6.5], "texture": "#0"},
				"west": {"uv": [6.5, 2.75, 7, 3.25], "texture": "#0"},
				"up": {"uv": [6.875, 5.75, 6.25, 5.25], "texture": "#0"},
				"down": {"uv": [0.625, 6.5, 0, 7], "texture": "#0"}
			}
		},
		{
			"from": [11.62137, 5.53863, 7.72285],
			"to": [14.12137, 7.53863, 9.72285],
			"rotation": {"angle": 22.5, "axis": "z", "origin": [13.12137, 5.78863, 8.72285]},
			"faces": {
				"north": {"uv": [6.5, 0, 7.125, 0.5], "texture": "#0"},
				"east": {"uv": [6.5, 3.25, 7, 3.75], "texture": "#0"},
				"south": {"uv": [6.5, 0.5, 7.125, 1], "texture": "#0"},
				"west": {"uv": [6.5, 3.75, 7, 4.25], "texture": "#0"},
				"up": {"uv": [1.375, 7, 0.75, 6.5], "texture": "#0"},
				"down": {"uv": [7.125, 1, 6.5, 1.5], "texture": "#0"}
			}
		},
		{
			"from": [14.12137, 5.53863, 7.72285],
			"to": [16.12137, 9.53863, 9.72285],
			"rotation": {"angle": 22.5, "axis": "z", "origin": [13.12137, 5.78863, 8.72285]},
			"faces": {
				"north": {"uv": [6, 2.25, 6.5, 3.25], "texture": "#0"},
				"east": {"uv": [2.75, 6, 3.25, 7], "texture": "#0"},
				"south": {"uv": [3.25, 6, 3.75, 7], "texture": "#0"},
				"west": {"uv": [6, 3.25, 6.5, 4.25], "texture": "#0"},
				"up": {"uv": [7, 4.75, 6.5, 4.25], "texture": "#0"},
				"down": {"uv": [7, 4.75, 6.5, 5.25], "texture": "#0"}
			}
		},
		{
			"from": [16.12137, 9.53863, 7.72285],
			"to": [16.12137, 10.53863, 9.72285],
			"rotation": {"angle": 22.5, "axis": "z", "origin": [13.12137, 5.78863, 8.72285]},
			"faces": {
				"north": {"uv": [0, 0, 0, 0.25], "texture": "#0"},
				"east": {"uv": [6.25, 5.75, 6.75, 6], "texture": "#0"},
				"south": {"uv": [0, 0, 0, 0.25], "texture": "#0"},
				"west": {"uv": [0.5, 7, 1, 7.25], "texture": "#0"},
				"up": {"uv": [0, 0.5, 0, 0], "texture": "#0"},
				"down": {"uv": [0, 0, 0, 0.5], "texture": "#0"}
			}
		},
		{
			"from": [14.12137, 9.53863, 7.72285],
			"to": [16.12137, 10.53863, 7.72285],
			"rotation": {"angle": 22.5, "axis": "z", "origin": [13.12137, 5.78863, 8.72285]},
			"faces": {
				"north": {"uv": [1, 7, 1.5, 7.25], "texture": "#0"},
				"east": {"uv": [0, 0, 0, 0.25], "texture": "#0"},
				"south": {"uv": [7, 1.5, 7.5, 1.75], "texture": "#0"},
				"west": {"uv": [0, 0, 0, 0.25], "texture": "#0"},
				"up": {"uv": [0.5, 0, 0, 0], "texture": "#0"},
				"down": {"uv": [0.5, 0, 0, 0], "texture": "#0"}
			}
		},
		{
			"from": [14.12137, 9.53863, 9.72285],
			"to": [16.12137, 10.53863, 9.72285],
			"rotation": {"angle": 22.5, "axis": "z", "origin": [13.12137, 5.78863, 8.72285]},
			"faces": {
				"north": {"uv": [7, 1.75, 7.5, 2], "texture": "#0"},
				"east": {"uv": [0, 0, 0, 0.25], "texture": "#0"},
				"south": {"uv": [7, 2, 7.5, 2.25], "texture": "#0"},
				"west": {"uv": [0, 0, 0, 0.25], "texture": "#0"},
				"up": {"uv": [0.5, 0, 0, 0], "texture": "#0"},
				"down": {"uv": [0.5, 0, 0, 0], "texture": "#0"}
			}
		},
		{
			"from": [0.12137, 5.53863, 7.72285],
			"to": [2.12137, 9.53863, 9.72285],
			"rotation": {"angle": -22.5, "axis": "z", "origin": [2.87137, 5.78863, 8.72285]},
			"faces": {
				"north": {"uv": [3.75, 6, 4.25, 7], "texture": "#0"},
				"east": {"uv": [4.25, 6, 4.75, 7], "texture": "#0"},
				"south": {"uv": [6, 4.25, 6.5, 5.25], "texture": "#0"},
				"west": {"uv": [4.75, 6, 5.25, 7], "texture": "#0"},
				"up": {"uv": [5.75, 7, 5.25, 6.5], "texture": "#0"},
				"down": {"uv": [6.25, 6.5, 5.75, 7], "texture": "#0"}
			}
		},
		{
			"from": [0.12137, 9.53863, 7.72285],
			"to": [0.12137, 10.53863, 9.72285],
			"rotation": {"angle": -22.5, "axis": "z", "origin": [2.87137, 5.78863, 8.72285]},
			"faces": {
				"north": {"uv": [0, 0, 0, 0.25], "texture": "#0"},
				"east": {"uv": [7, 2.25, 7.5, 2.5], "texture": "#0"},
				"south": {"uv": [0, 0, 0, 0.25], "texture": "#0"},
				"west": {"uv": [7, 2.5, 7.5, 2.75], "texture": "#0"},
				"up": {"uv": [0, 0.5, 0, 0], "texture": "#0"},
				"down": {"uv": [0, 0, 0, 0.5], "texture": "#0"}
			}
		},
		{
			"from": [0.12137, 9.53863, 9.72285],
			"to": [2.12137, 10.53863, 9.72285],
			"rotation": {"angle": -22.5, "axis": "z", "origin": [2.87137, 5.78863, 8.72285]},
			"faces": {
				"north": {"uv": [2.75, 7, 3.25, 7.25], "texture": "#0"},
				"east": {"uv": [0, 0, 0, 0.25], "texture": "#0"},
				"south": {"uv": [7, 2.75, 7.5, 3], "texture": "#0"},
				"west": {"uv": [0, 0, 0, 0.25], "texture": "#0"},
				"up": {"uv": [0.5, 0, 0, 0], "texture": "#0"},
				"down": {"uv": [0.5, 0, 0, 0], "texture": "#0"}
			}
		},
		{
			"from": [0.12137, 9.53863, 7.72285],
			"to": [2.12137, 10.53863, 7.72285],
			"rotation": {"angle": -22.5, "axis": "z", "origin": [2.87137, 5.78863, 8.72285]},
			"faces": {
				"north": {"uv": [7, 3, 7.5, 3.25], "texture": "#0"},
				"east": {"uv": [0, 0, 0, 0.25], "texture": "#0"},
				"south": {"uv": [3.25, 7, 3.75, 7.25], "texture": "#0"},
				"west": {"uv": [0, 0, 0, 0.25], "texture": "#0"},
				"up": {"uv": [0.5, 0, 0, 0], "texture": "#0"},
				"down": {"uv": [0.5, 0, 0, 0], "texture": "#0"}
			}
		},
		{
			"from": [4.37137, -0.11137, 4.97285],
			"to": [5.37137, 2.88863, 4.97285],
			"rotation": {"angle": 0, "axis": "y", "origin": [8.31, 2.88863, 8.80722]},
			"faces": {
				"north": {"uv": [2, 6.5, 2.25, 7.25], "texture": "#0"},
				"east": {"uv": [0, 0, 0, 0.75], "texture": "#0"},
				"south": {"uv": [6.25, 6.5, 6.5, 7.25], "texture": "#0"},
				"west": {"uv": [0, 0, 0, 0.75], "texture": "#0"},
				"up": {"uv": [0.25, 0, 0, 0], "texture": "#0"},
				"down": {"uv": [0.25, 0, 0, 0], "texture": "#0"}
			}
		},
		{
			"from": [10.87137, -0.11137, 4.97285],
			"to": [11.87137, 2.88863, 4.97285],
			"rotation": {"angle": 0, "axis": "y", "origin": [8.31, 2.88863, 8.80722]},
			"faces": {
				"north": {"uv": [6.5, 6.5, 6.75, 7.25], "texture": "#0"},
				"east": {"uv": [0, 0, 0, 0.75], "texture": "#0"},
				"south": {"uv": [6.75, 5.75, 7, 6.5], "texture": "#0"},
				"west": {"uv": [0, 0, 0, 0.75], "texture": "#0"},
				"up": {"uv": [0.25, 0, 0, 0], "texture": "#0"},
				"down": {"uv": [0.25, 0, 0, 0], "texture": "#0"}
			}
		}
	],
	"display": {
		"thirdperson_righthand": {
			"rotation": [70, 0, 0],
			"scale": [0.7, 0.7, 0.7]
		},
		"thirdperson_lefthand": {
			"rotation": [70, 0, 0],
			"scale": [0.7, 0.7, 0.7]
		},
		"firstperson_righthand": {
			"translation": [0, 2, 0],
			"scale": [0.7, 0.7, 0.7]
		},
		"firstperson_lefthand": {
			"translation": [0, 2, 0],
			"scale": [0.7, 0.7, 0.7]
		},
		"ground": {
			"translation": [0, 5, 0]
		},
		"gui": {
			"rotation": [-160, 35, -180],
			"translation": [0, 2, 0]
		},
		"head": {
			"translation": [-0.25, 8.5, -1.25],
			"scale": [1.9, 1.9, 1.9]
		},
		"fixed": {
			"translation": [0, 2.5, 0]
		}
	},
	"groups": [
		{
			"name": "hornedhelmet",
			"origin": [8.2388, -0.54178, 9.72767],
			"color": 0,
			"children": [0, 1, 2, 3, 4, 5, 6, 7, 8, 9, 10, 11, 12, 13, 14, 15, 16, 17, 18]
		}
	]
}