{
	"credit": "Made with Blockbench",
	"texture_size": [64, 64],
	"textures": {
		"0": "cosmetics/hats/icehockeyhelmet"
	},
	"elements": [
		{
			"from": [4.12137, 7.63863, 4.72285],
			"to": [12.12137, 7.63863, 12.72285],
			"rotation": {"angle": 0, "axis": "y", "origin": [8.12137, 7.63863, 8.72285]},
			"faces": {
				"north": {"uv": [0, 0, 2, 0], "texture": "#0"},
				"east": {"uv": [0, 0, 2, 0], "texture": "#0"},
				"south": {"uv": [0, 0, 2, 0], "texture": "#0"},
				"west": {"uv": [0, 0, 2, 0], "texture": "#0"},
				"up": {"uv": [2, 2, 0, 0], "texture": "#0"},
				"down": {"uv": [2, 2, 0, 4], "texture": "#0"}
			}
		},
		{
			"from": [4.12137, 0.13863, 4.72285],
			"to": [4.12137, 7.63863, 12.72285],
			"rotation": {"angle": 0, "axis": "y", "origin": [4.12137, 7.63863, 8.72285]},
			"faces": {
				"north": {"uv": [0, 0, 0, 1.875], "texture": "#0"},
				"east": {"uv": [2, 0, 4, 1.875], "texture": "#0"},
				"south": {"uv": [0, 0, 0, 1.875], "texture": "#0"},
				"west": {"uv": [2, 2, 4, 3.875], "texture": "#0"},
				"up": {"uv": [0, 2, 0, 0], "texture": "#0"},
				"down": {"uv": [0, 0, 0, 2], "texture": "#0"}
			}
		},
		{
			"from": [4.12137, 0.13863, 12.72285],
			"to": [12.12137, 7.63863, 12.72285],
			"rotation": {"angle": 0, "axis": "y", "origin": [8.12137, 7.63863, 8.72285]},
			"faces": {
				"north": {"uv": [0, 4, 2, 5.875], "texture": "#0"},
				"east": {"uv": [0, 0, 0, 1.875], "texture": "#0"},
				"south": {"uv": [4, 0, 6, 1.875], "texture": "#0"},
				"west": {"uv": [0, 0, 0, 1.875], "texture": "#0"},
				"up": {"uv": [2, 0, 0, 0], "texture": "#0"},
				"down": {"uv": [2, 0, 0, 0], "texture": "#0"}
			}
		},
		{
			"from": [12.12137, 0.13863, 4.72285],
			"to": [12.12137, 7.63863, 12.72285],
			"rotation": {"angle": 0, "axis": "y", "origin": [8.12137, 7.63863, 8.72285]},
			"faces": {
				"north": {"uv": [0, 0, 0, 1.875], "texture": "#0"},
				"east": {"uv": [2, 4, 4, 5.875], "texture": "#0"},
				"south": {"uv": [0, 0, 0, 1.875], "texture": "#0"},
				"west": {"uv": [4, 2, 6, 3.875], "texture": "#0"},
				"up": {"uv": [0, 2, 0, 0], "texture": "#0"},
				"down": {"uv": [0, 0, 0, 2], "texture": "#0"}
			}
		},
		{
			"from": [4.12137, 5.13863, 4.72285],
			"to": [12.12137, 7.63863, 4.72285],
			"rotation": {"angle": 0, "axis": "y", "origin": [8.12137, 7.63863, 8.72285]},
			"faces": {
				"north": {"uv": [6, 0.75, 8, 1.375], "texture": "#0"},
				"east": {"uv": [0, 0, 0, 0.625], "texture": "#0"},
				"south": {"uv": [6, 1.5, 8, 2.125], "texture": "#0"},
				"west": {"uv": [0, 0, 0, 0.625], "texture": "#0"},
				"up": {"uv": [2, 0, 0, 0], "texture": "#0"},
				"down": {"uv": [2, 0, 0, 0], "texture": "#0"}
			}
		},
		{
			"from": [3.87137, 4.06827, 3.73522],
			"to": [3.87137, 6.06827, 9.73522],
			"rotation": {"angle": -22.5, "axis": "x", "origin": [8.12137, 3.06827, 5.43166]},
			"faces": {
				"north": {"uv": [0, 0, 0, 0.5], "texture": "#0"},
				"east": {"uv": [2.25, 6, 3.75, 6.5], "texture": "#0"},
				"south": {"uv": [0, 0, 0, 0.5], "texture": "#0"},
				"west": {"uv": [6, 2.25, 7.5, 2.75], "texture": "#0"},
				"up": {"uv": [0, 1.5, 0, 0], "texture": "#0"},
				"down": {"uv": [0, 0, 0, 1.5], "texture": "#0"}
			}
		},
		{
			"from": [12.37137, 4.06827, 3.73522],
			"to": [12.37137, 6.06827, 9.73522],
			"rotation": {"angle": -22.5, "axis": "x", "origin": [8.12137, 3.06827, 5.43166]},
			"faces": {
				"north": {"uv": [0, 0, 0, 0.5], "texture": "#0"},
				"east": {"uv": [6, 2.75, 7.5, 3.25], "texture": "#0"},
				"south": {"uv": [0, 0, 0, 0.5], "texture": "#0"},
				"west": {"uv": [6, 3.25, 7.5, 3.75], "texture": "#0"},
				"up": {"uv": [0, 1.5, 0, 0], "texture": "#0"},
				"down": {"uv": [0, 0, 0, 1.5], "texture": "#0"}
			}
		},
		{
			"from": [3.37137, 4.56827, 8.23522],
			"to": [4.37137, 5.56827, 9.23522],
			"rotation": {"angle": -22.5, "axis": "x", "origin": [8.12137, 3.06827, 5.43166]},
			"faces": {
				"north": {"uv": [3.75, 6, 4, 6.25], "texture": "#0"},
				"east": {"uv": [6, 3.75, 6.25, 4], "texture": "#0"},
				"south": {"uv": [3.75, 6.25, 4, 6.5], "texture": "#0"},
				"west": {"uv": [2.25, 6.5, 2.5, 6.75], "texture": "#0"},
				"up": {"uv": [2.75, 6.75, 2.5, 6.5], "texture": "#0"},
				"down": {"uv": [3, 6.5, 2.75, 6.75], "texture": "#0"}
			}
		},
		{
			"from": [11.87137, 4.56827, 8.23522],
			"to": [12.87137, 5.56827, 9.23522],
			"rotation": {"angle": -22.5, "axis": "x", "origin": [8.12137, 3.06827, 5.43166]},
			"faces": {
				"north": {"uv": [3, 6.5, 3.25, 6.75], "texture": "#0"},
				"east": {"uv": [3.25, 6.5, 3.5, 6.75], "texture": "#0"},
				"south": {"uv": [3.5, 6.5, 3.75, 6.75], "texture": "#0"},
				"west": {"uv": [3.75, 6.5, 4, 6.75], "texture": "#0"},
				"up": {"uv": [4.25, 6.75, 4, 6.5], "texture": "#0"},
				"down": {"uv": [4.5, 6.5, 4.25, 6.75], "texture": "#0"}
			}
		},
		{
			"from": [3.87137, 1.06827, 3.73522],
			"to": [12.37137, 6.06827, 3.73522],
			"rotation": {"angle": -22.5, "axis": "x", "origin": [8.12137, 3.06827, 5.43166]},
			"faces": {
				"north": {"uv": [4, 4, 6.125, 5.25], "texture": "#0"},
				"east": {"uv": [0, 0, 0, 1.25], "texture": "#0"},
				"south": {"uv": [4, 5.25, 6.125, 6.5], "texture": "#0"},
				"west": {"uv": [0, 0, 0, 1.25], "texture": "#0"},
				"up": {"uv": [2.125, 0, 0, 0], "texture": "#0"},
				"down": {"uv": [2.125, 0, 0, 0], "texture": "#0"}
			}
		},
		{
			"from": [3.87137, 1.06827, 3.73522],
			"to": [3.87137, 4.06827, 5.73522],
			"rotation": {"angle": -22.5, "axis": "x", "origin": [8.12137, 3.06827, 5.43166]},
			"faces": {
				"north": {"uv": [0, 0, 0, 0.75], "texture": "#0"},
				"east": {"uv": [6.25, 3.75, 6.75, 4.5], "texture": "#0"},
				"south": {"uv": [0, 0, 0, 0.75], "texture": "#0"},
				"west": {"uv": [6.25, 4.5, 6.75, 5.25], "texture": "#0"},
				"up": {"uv": [0, 0.5, 0, 0], "texture": "#0"},
				"down": {"uv": [0, 0, 0, 0.5], "texture": "#0"}
			}
		},
		{
			"from": [12.37137, 4.63863, 2.72285],
			"to": [12.37137, 4.63863, 4.72285],
			"rotation": {"angle": -22.5, "axis": "x", "origin": [3.87137, 4.63863, 9.22285]},
			"faces": {
				"north": {"uv": [0, 0, 0, 0], "texture": "#0"},
				"east": {"uv": [0, 0, 0.5, 0], "texture": "#0"},
				"south": {"uv": [0, 0, 0, 0], "texture": "#0"},
				"west": {"uv": [0, 0, 0.5, 0], "texture": "#0"},
				"up": {"uv": [0, 0.5, 0, 0], "texture": "#0"},
				"down": {"uv": [0, 0, 0, 0.5], "texture": "#0"}
			}
		},
		{
			"from": [12.37137, 1.06827, 3.73522],
			"to": [12.37137, 4.06827, 5.73522],
			"rotation": {"angle": -22.5, "axis": "x", "origin": [8.12137, 3.06827, 5.43166]},
			"faces": {
				"north": {"uv": [0, 0, 0, 0.75], "texture": "#0"},
				"east": {"uv": [6.25, 5.25, 6.75, 6], "texture": "#0"},
				"south": {"uv": [0, 0, 0, 0.75], "texture": "#0"},
				"west": {"uv": [6.25, 6, 6.75, 6.75], "texture": "#0"},
				"up": {"uv": [0, 0.5, 0, 0], "texture": "#0"},
				"down": {"uv": [0, 0, 0, 0.5], "texture": "#0"}
			}
		},
		{
			"from": [3.87137, 4.98193, 2.89437],
			"to": [12.37137, 4.98193, 5.39437],
			"rotation": {"angle": -22.5, "axis": "x", "origin": [8.12137, 4.48193, 2.29437]},
			"faces": {
				"north": {"uv": [0, 0, 2.125, 0], "texture": "#0"},
				"east": {"uv": [0, 0, 0.625, 0], "texture": "#0"},
				"south": {"uv": [0, 0, 2.125, 0], "texture": "#0"},
				"west": {"uv": [0, 0, 0.625, 0], "texture": "#0"},
				"up": {"uv": [2.125, 6.625, 0, 6], "texture": "#0"},
				"down": {"uv": [8.125, 0, 6, 0.625], "texture": "#0"}
			}
		}
	],
	"display": {
		"thirdperson_righthand": {
			"rotation": [70, 0, 0],
			"scale": [0.7, 0.7, 0.7]
		},
		"thirdperson_lefthand": {
			"rotation": [70, 0, 0],
			"scale": [0.7, 0.7, 0.7]
		},
		"firstperson_righthand": {
			"translation": [0, 2, 0]
		},
		"firstperson_lefthand": {
			"translation": [0, 2, 0]
		},
		"ground": {
			"translation": [0, 6, 0]
		},
		"gui": {
			"rotation": [-160, 45, -180],
			"translation": [0, 3, 0]
		},
		"head": {
			"translation": [0, 8, -1.5],
			"scale": [1.8, 1.8, 1.8]
		},
		"fixed": {
			"translation": [0, 3.5, 0]
		}
	},
	"groups": [
		{
			"name": "icehockeyhelmet",
			"origin": [8.12137, 4.73193, 2.39437],
			"color": 0,
			"children": [0, 1, 2, 3, 4, 5, 6, 7, 8, 9, 10, 11, 12, 13]
		}
	]
}