{
	"credit": "Made with Blockbench",
	"texture_size": [32, 32],
	"textures": {
		"2": "cosmetics/hats/illusionisthat"
	},
	"elements": [
		{
			"from": [0.95, 0.25, 0.7],
			"to": [4.25, 0.25, 15],
			"rotation": {"angle": 0, "axis": "y", "origin": [8.1, 0.25, 8.125]},
			"faces": {
				"north": {"uv": [0, 0, 1.75, 0], "texture": "#2"},
				"east": {"uv": [0, 0, 7.25, 0], "texture": "#2"},
				"south": {"uv": [0, 0, 1.75, 0], "texture": "#2"},
				"west": {"uv": [0, 0, 7.25, 0], "texture": "#2"},
				"up": {"uv": [5.75, 15.25, 4, 8], "texture": "#2"},
				"down": {"uv": [9.75, 4, 8, 11.25], "texture": "#2"}
			}
		},
		{
			"from": [4.25, 0.25, 0.7],
			"to": [11.95, 0.25, 4],
			"rotation": {"angle": 0, "axis": "y", "origin": [8.1, 0.25, 8.125]},
			"faces": {
				"north": {"uv": [0, 0, 3.75, 0], "texture": "#2"},
				"east": {"uv": [0, 0, 1.75, 0], "texture": "#2"},
				"south": {"uv": [0, 0, 3.75, 0], "texture": "#2"},
				"west": {"uv": [0, 0, 1.75, 0], "texture": "#2"},
				"up": {"uv": [11.75, 13.25, 8, 11.5], "texture": "#2"},
				"down": {"uv": [3.75, 12, 0, 13.75], "texture": "#2"}
			}
		},
		{
			"from": [4.25, 0.25, 4],
			"to": [11.95, 7.95, 11.7],
			"rotation": {"angle": 0, "axis": "y", "origin": [8.1, 0.25, 8.125]},
			"faces": {
				"north": {"uv": [0, 0, 3.75, 3.75], "texture": "#2"},
				"east": {"uv": [0, 4, 3.75, 7.75], "texture": "#2"},
				"south": {"uv": [4, 0, 7.75, 3.75], "texture": "#2"},
				"west": {"uv": [4, 4, 7.75, 7.75], "texture": "#2"},
				"up": {"uv": [3.75, 11.75, 0, 8], "texture": "#2"},
				"down": {"uv": [11.75, 0, 8, 3.75], "texture": "#2"}
			}
		},
		{
			"from": [11.95, 0.25, 0.7],
			"to": [15.25, 0.25, 15],
			"rotation": {"angle": 0, "axis": "y", "origin": [8.1, 0.25, 8.125]},
			"faces": {
				"north": {"uv": [0, 0, 1.75, 0], "texture": "#2"},
				"east": {"uv": [0, 0, 7.25, 0], "texture": "#2"},
				"south": {"uv": [0, 0, 1.75, 0], "texture": "#2"},
				"west": {"uv": [0, 0, 7.25, 0], "texture": "#2"},
				"up": {"uv": [7.75, 15.25, 6, 8], "texture": "#2"},
				"down": {"uv": [11.75, 4, 10, 11.25], "texture": "#2"}
			}
		},
		{
			"from": [4.25, 0.25, 11.7],
			"to": [11.95, 0.25, 15],
			"rotation": {"angle": 0, "axis": "y", "origin": [8.1, 0.25, 8.125]},
			"faces": {
				"north": {"uv": [0, 0, 3.75, 0], "texture": "#2"},
				"east": {"uv": [0, 0, 1.75, 0], "texture": "#2"},
				"south": {"uv": [0, 0, 3.75, 0], "texture": "#2"},
				"west": {"uv": [0, 0, 1.75, 0], "texture": "#2"},
				"up": {"uv": [15.75, 1.75, 12, 0], "texture": "#2"},
				"down": {"uv": [15.75, 2, 12, 3.75], "texture": "#2"}
			}
		}
	],
	"display": {
		"thirdperson_righthand": {
			"rotation": [70, 0, 0],
			"translation": [0, 0, 1],
			"scale": [0.5, 0.5, 0.5]
		},
		"thirdperson_lefthand": {
			"rotation": [70, 0, 0],
			"translation": [0, 0, 1],
			"scale": [0.5, 0.5, 0.5]
		},
		"firstperson_righthand": {
			"translation": [0, 2.5, 0]
		},
		"firstperson_lefthand": {
			"translation": [0, 2.5, 0]
		},
		"ground": {
			"translation": [0, 6, 0]
		},
		"gui": {
			"rotation": [25, 45, 0],
			"translation": [0, 3, 0],
			"scale": [0.8, 0.8, 0.8]
		},
		"head": {
			"translation": [-0.25, 18, 0.25],
			"scale": [1.9, 1.9, 1.9]
		},
		"fixed": {
			"translation": [0, 5, 0]
		}
	},
	"groups": [
		{
			"name": "illusionisthat",
			"origin": [8.1, 1.02, 7.85],
			"color": 0,
			"children": [0, 1, 2, 3, 4]
		}
	]
}