{
	"credit": "Made with Blockbench",
	"ambientocclusion": false,
	"texture_size": [64, 64],
	"textures": {
		"0": "cosmetics/hats/jet_pilot_helmet_hat_texture",
		"particle": "custom_hats/jet_pilot_helmet_hat_texture"
	},
	"elements": [
		{
			"from": [3, -1, 5],
			"to": [3, 0, 6],
			"rotation": {"angle": 0, "axis": "y", "origin": [3, -2, 4]},
			"faces": {
				"north": {"uv": [0, 0, 0, 0.25], "texture": "#0"},
				"east": {"uv": [9.25, 9, 9.5, 9.25], "texture": "#0"},
				"south": {"uv": [0, 0, 0, 0.25], "texture": "#0"},
				"west": {"uv": [9.5, 3.5, 9.75, 3.75], "texture": "#0"},
				"up": {"uv": [0, 0.25, 0, 0], "texture": "#0"},
				"down": {"uv": [0, 0, 0, 0.25], "texture": "#0"}
			}
		},
		{
			"from": [3, -1, 5],
			"to": [13, -1, 6],
			"rotation": {"angle": 0, "axis": "y", "origin": [3, -2, 4]},
			"faces": {
				"north": {"uv": [0, 0, 2.5, 0], "texture": "#0"},
				"east": {"uv": [0, 0, 0.25, 0], "texture": "#0"},
				"south": {"uv": [0, 0, 2.5, 0], "texture": "#0"},
				"west": {"uv": [0, 0, 0.25, 0], "texture": "#0"},
				"up": {"uv": [9, 0.75, 6.5, 0.5], "texture": "#0"},
				"down": {"uv": [9, 0.75, 6.5, 1], "texture": "#0"}
			}
		},
		{
			"from": [13, -1, 5],
			"to": [13, 0, 6],
			"rotation": {"angle": 0, "axis": "y", "origin": [13, -2, 4]},
			"faces": {
				"north": {"uv": [0, 0, 0, 0.25], "texture": "#0"},
				"east": {"uv": [9.5, 3.75, 9.75, 4], "texture": "#0"},
				"south": {"uv": [0, 0, 0, 0.25], "texture": "#0"},
				"west": {"uv": [6, 9.5, 6.25, 9.75], "texture": "#0"},
				"up": {"uv": [0, 0.25, 0, 0], "texture": "#0"},
				"down": {"uv": [0, 0, 0, 0.25], "texture": "#0"}
			}
		},
		{
			"from": [13.125, 1.875, 11],
			"to": [13.125, 2.875, 12.775],
			"rotation": {"angle": 45, "axis": "x", "origin": [13.85, 0.875, 9.5]},
			"faces": {
				"north": {"uv": [0, 0, 0, 0.25], "texture": "#0"},
				"east": {"uv": [6, 9, 6.5, 9.25], "texture": "#0"},
				"south": {"uv": [0, 0, 0, 0.25], "texture": "#0"},
				"west": {"uv": [9, 7.25, 9.5, 7.5], "texture": "#0"},
				"up": {"uv": [0, 0.5, 0, 0], "texture": "#0"},
				"down": {"uv": [0, 0, 0, 0.5], "texture": "#0"}
			}
		},
		{
			"from": [13, 0.5, 11],
			"to": [13.25, 1.5, 12],
			"rotation": {"angle": 0, "axis": "y", "origin": [13, -0.5, 10]},
			"faces": {
				"north": {"uv": [6.25, 9.5, 6.5, 9.75], "texture": "#0"},
				"east": {"uv": [7, 9.5, 7.25, 9.75], "texture": "#0"},
				"south": {"uv": [7.25, 9.5, 7.5, 9.75], "texture": "#0"},
				"west": {"uv": [9.5, 7.25, 9.75, 7.5], "texture": "#0"},
				"up": {"uv": [7.75, 9.75, 7.5, 9.5], "texture": "#0"},
				"down": {"uv": [9.75, 7.5, 9.5, 7.75], "texture": "#0"}
			}
		},
		{
			"from": [2.875, 0.07258, 12.02742],
			"to": [13.125, 1.07258, 12.02742],
			"rotation": {"angle": 45, "axis": "x", "origin": [6.15, -0.92742, 11.30242]},
			"faces": {
				"north": {"uv": [6.5, 1, 9, 1.25], "texture": "#0"},
				"east": {"uv": [0, 0, 0, 0.25], "texture": "#0"},
				"south": {"uv": [6.5, 1.25, 9, 1.5], "texture": "#0"},
				"west": {"uv": [0, 0, 0, 0.25], "texture": "#0"},
				"up": {"uv": [2.5, 0, 0, 0], "texture": "#0"},
				"down": {"uv": [2.5, 0, 0, 0], "texture": "#0"}
			}
		},
		{
			"from": [2.75, 0.5, 11],
			"to": [3, 1.5, 12],
			"rotation": {"angle": 0, "axis": "y", "origin": [3, -0.5, 10]},
			"faces": {
				"north": {"uv": [7.75, 9.5, 8, 9.75], "texture": "#0"},
				"east": {"uv": [8, 9.5, 8.25, 9.75], "texture": "#0"},
				"south": {"uv": [8.25, 9.5, 8.5, 9.75], "texture": "#0"},
				"west": {"uv": [8.5, 9.5, 8.75, 9.75], "texture": "#0"},
				"up": {"uv": [9, 9.75, 8.75, 9.5], "texture": "#0"},
				"down": {"uv": [9.75, 8.75, 9.5, 9], "texture": "#0"}
			}
		},
		{
			"from": [2.875, 1.875, 11],
			"to": [2.875, 2.875, 12.775],
			"rotation": {"angle": 45, "axis": "x", "origin": [2.15, 0.875, 9.5]},
			"faces": {
				"north": {"uv": [0, 0, 0, 0.25], "texture": "#0"},
				"east": {"uv": [9, 7.5, 9.5, 7.75], "texture": "#0"},
				"south": {"uv": [0, 0, 0, 0.25], "texture": "#0"},
				"west": {"uv": [7.75, 9, 8.25, 9.25], "texture": "#0"},
				"up": {"uv": [0, 0.5, 0, 0], "texture": "#0"},
				"down": {"uv": [0, 0, 0, 0.5], "texture": "#0"}
			}
		},
		{
			"from": [5, -0.5, 3.5],
			"to": [8, 0.5, 3.5],
			"rotation": {"angle": 0, "axis": "y", "origin": [7, -1.5, 3.5]},
			"faces": {
				"north": {"uv": [9, 3, 9.75, 3.25], "texture": "#0"},
				"east": {"uv": [0, 0, 0, 0.25], "texture": "#0"},
				"south": {"uv": [3.25, 9, 4, 9.25], "texture": "#0"},
				"west": {"uv": [0, 0, 0, 0.25], "texture": "#0"},
				"up": {"uv": [0.75, 0, 0, 0], "texture": "#0"},
				"down": {"uv": [0.75, 0, 0, 0], "texture": "#0"}
			}
		},
		{
			"from": [4, 0.5, 3.5],
			"to": [5, 1.5, 3.5],
			"rotation": {"angle": 0, "axis": "y", "origin": [6, -0.5, 3.5]},
			"faces": {
				"north": {"uv": [9, 9.5, 9.25, 9.75], "texture": "#0"},
				"east": {"uv": [0, 0, 0, 0.25], "texture": "#0"},
				"south": {"uv": [9.5, 9, 9.75, 9.25], "texture": "#0"},
				"west": {"uv": [0, 0, 0, 0.25], "texture": "#0"},
				"up": {"uv": [0.25, 0, 0, 0], "texture": "#0"},
				"down": {"uv": [0.25, 0, 0, 0], "texture": "#0"}
			}
		},
		{
			"from": [2.25, 1.5, 3.5],
			"to": [4, 2.5, 3.5],
			"rotation": {"angle": 0, "axis": "y", "origin": [4.25, 0.5, 3.5]},
			"faces": {
				"north": {"uv": [8.25, 9, 8.75, 9.25], "texture": "#0"},
				"east": {"uv": [0, 0, 0, 0.25], "texture": "#0"},
				"south": {"uv": [8.75, 9, 9.25, 9.25], "texture": "#0"},
				"west": {"uv": [0, 0, 0, 0.25], "texture": "#0"},
				"up": {"uv": [0.5, 0, 0, 0], "texture": "#0"},
				"down": {"uv": [0.5, 0, 0, 0], "texture": "#0"}
			}
		},
		{
			"from": [2.25, 1.5, 3.5],
			"to": [2.25, 2.5, 5.5],
			"rotation": {"angle": 0, "axis": "y", "origin": [2.25, 0.5, 3.5]},
			"faces": {
				"north": {"uv": [0, 0, 0, 0.25], "texture": "#0"},
				"east": {"uv": [9, 8.75, 9.5, 9], "texture": "#0"},
				"south": {"uv": [0, 0, 0, 0.25], "texture": "#0"},
				"west": {"uv": [9.25, 0, 9.75, 0.25], "texture": "#0"},
				"up": {"uv": [0, 0.5, 0, 0], "texture": "#0"},
				"down": {"uv": [0, 0, 0, 0.5], "texture": "#0"}
			}
		},
		{
			"from": [2, 1.5, 5.5],
			"to": [2.5, 2.5, 6.5],
			"rotation": {"angle": 0, "axis": "y", "origin": [2.5, 0.5, 4.5]},
			"faces": {
				"north": {"uv": [9.25, 9.5, 9.5, 9.75], "texture": "#0"},
				"east": {"uv": [9.5, 9.25, 9.75, 9.5], "texture": "#0"},
				"south": {"uv": [9.5, 9.5, 9.75, 9.75], "texture": "#0"},
				"west": {"uv": [9.75, 0, 10, 0.25], "texture": "#0"},
				"up": {"uv": [10, 0.5, 9.75, 0.25], "texture": "#0"},
				"down": {"uv": [10, 0.5, 9.75, 0.75], "texture": "#0"}
			}
		},
		{
			"from": [2.25, 1.5, 6.5],
			"to": [2.25, 2.5, 8],
			"rotation": {"angle": 0, "axis": "y", "origin": [2.25, 0.5, 6.5]},
			"faces": {
				"north": {"uv": [0, 0, 0, 0.25], "texture": "#0"},
				"east": {"uv": [9.25, 0.25, 9.75, 0.5], "texture": "#0"},
				"south": {"uv": [0, 0, 0, 0.25], "texture": "#0"},
				"west": {"uv": [9.25, 1.5, 9.75, 1.75], "texture": "#0"},
				"up": {"uv": [0, 0.5, 0, 0], "texture": "#0"},
				"down": {"uv": [0, 0, 0, 0.5], "texture": "#0"}
			}
		},
		{
			"from": [2.975, 1.5, 8],
			"to": [2.975, 2.5, 13.775],
			"rotation": {"angle": 0, "axis": "y", "origin": [2.25, 0.5, 6.5]},
			"faces": {
				"north": {"uv": [0, 0, 0, 0.25], "texture": "#0"},
				"east": {"uv": [0, 8.25, 1.5, 8.5], "texture": "#0"},
				"south": {"uv": [0, 0, 0, 0.25], "texture": "#0"},
				"west": {"uv": [6.5, 8.25, 8, 8.5], "texture": "#0"},
				"up": {"uv": [0, 1.5, 0, 0], "texture": "#0"},
				"down": {"uv": [0, 0, 0, 1.5], "texture": "#0"}
			}
		},
		{
			"from": [2.25, 1.5, 8],
			"to": [2.975, 2.5, 8],
			"rotation": {"angle": 0, "axis": "y", "origin": [2.25, 0.5, 6.5]},
			"faces": {
				"north": {"uv": [9.75, 0.75, 10, 1], "texture": "#0"},
				"east": {"uv": [0, 0, 0, 0.25], "texture": "#0"},
				"south": {"uv": [9.75, 1, 10, 1.25], "texture": "#0"},
				"west": {"uv": [0, 0, 0, 0.25], "texture": "#0"},
				"up": {"uv": [0.25, 0, 0, 0], "texture": "#0"},
				"down": {"uv": [0.25, 0, 0, 0], "texture": "#0"}
			}
		},
		{
			"from": [2.975, 1.5, 13.775],
			"to": [7, 2.5, 13.775],
			"rotation": {"angle": 0, "axis": "y", "origin": [2.25, 0.5, 6.75]},
			"faces": {
				"north": {"uv": [7, 8.75, 8, 9], "texture": "#0"},
				"east": {"uv": [0, 0, 0, 0.25], "texture": "#0"},
				"south": {"uv": [8, 8.75, 9, 9], "texture": "#0"},
				"west": {"uv": [0, 0, 0, 0.25], "texture": "#0"},
				"up": {"uv": [1, 0, 0, 0], "texture": "#0"},
				"down": {"uv": [1, 0, 0, 0], "texture": "#0"}
			}
		},
		{
			"from": [7, 1.25, 13.5],
			"to": [9, 4, 14.25],
			"rotation": {"angle": 0, "axis": "y", "origin": [4, 1, 13.5]},
			"faces": {
				"north": {"uv": [1.5, 8.25, 2, 9], "texture": "#0"},
				"east": {"uv": [2.75, 5.75, 3, 6.5], "texture": "#0"},
				"south": {"uv": [3.25, 8.25, 3.75, 9], "texture": "#0"},
				"west": {"uv": [3.75, 7.25, 4, 8], "texture": "#0"},
				"up": {"uv": [9.75, 2, 9.25, 1.75], "texture": "#0"},
				"down": {"uv": [9.75, 2, 9.25, 2.25], "texture": "#0"}
			}
		},
		{
			"from": [7.25, 4, 13.75],
			"to": [7.5, 6, 14],
			"rotation": {"angle": 0, "axis": "y", "origin": [4.25, 3.75, 13.5]},
			"faces": {
				"north": {"uv": [3, 9.25, 3.25, 9.75], "texture": "#0"},
				"east": {"uv": [3.25, 9.25, 3.5, 9.75], "texture": "#0"},
				"south": {"uv": [3.5, 9.25, 3.75, 9.75], "texture": "#0"},
				"west": {"uv": [3.75, 9.25, 4, 9.75], "texture": "#0"},
				"up": {"uv": [10, 1.5, 9.75, 1.25], "texture": "#0"},
				"down": {"uv": [10, 1.5, 9.75, 1.75], "texture": "#0"}
			}
		},
		{
			"from": [4, 1.9, 13],
			"to": [12, 6.6, 13.5],
			"rotation": {"angle": 0, "axis": "y", "origin": [4, 1.55, 13]},
			"faces": {
				"north": {"uv": [2, 4.5, 4, 5.75], "texture": "#0"},
				"east": {"uv": [6.5, 8.75, 6.75, 10], "texture": "#0"},
				"south": {"uv": [4, 5.5, 6, 6.75], "texture": "#0"},
				"west": {"uv": [6.75, 8.75, 7, 10], "texture": "#0"},
				"up": {"uv": [9, 7.25, 7, 7], "texture": "#0"},
				"down": {"uv": [9, 7.25, 7, 7.5], "texture": "#0"}
			}
		},
		{
			"from": [3, 0, 4],
			"to": [4, 8.5, 12],
			"rotation": {"angle": 0, "axis": "y", "origin": [3, 0.5, 4]},
			"faces": {
				"north": {"uv": [5, 6.75, 5.25, 9], "texture": "#0"},
				"east": {"uv": [0, 0, 2, 2.25], "texture": "#0"},
				"south": {"uv": [5.25, 6.75, 5.5, 9], "texture": "#0"},
				"west": {"uv": [2, 0, 4, 2.25], "texture": "#0"},
				"up": {"uv": [2.5, 9, 2.25, 7], "texture": "#0"},
				"down": {"uv": [2.75, 7, 2.5, 9], "texture": "#0"}
			}
		},
		{
			"from": [4, 7.5, 4],
			"to": [12, 8.5, 12],
			"rotation": {"angle": 0, "axis": "y", "origin": [4, 2.5, 11]},
			"faces": {
				"north": {"uv": [7, 7.5, 9, 7.75], "texture": "#0"},
				"east": {"uv": [0, 7.75, 2, 8], "texture": "#0"},
				"south": {"uv": [6, 7.75, 8, 8], "texture": "#0"},
				"west": {"uv": [0, 8, 2, 8.25], "texture": "#0"},
				"up": {"uv": [6, 5.5, 4, 3.5], "texture": "#0"},
				"down": {"uv": [2, 4.5, 0, 6.5], "texture": "#0"}
			}
		},
		{
			"from": [12, 0, 4],
			"to": [13, 8.5, 12],
			"rotation": {"angle": 0, "axis": "y", "origin": [13, 0.5, 4]},
			"faces": {
				"north": {"uv": [5.5, 6.75, 5.75, 9], "texture": "#0"},
				"east": {"uv": [0, 2.25, 2, 4.5], "texture": "#0"},
				"south": {"uv": [5.75, 6.75, 6, 9], "texture": "#0"},
				"west": {"uv": [2, 2.25, 4, 4.5], "texture": "#0"},
				"up": {"uv": [3, 9, 2.75, 7], "texture": "#0"},
				"down": {"uv": [3.25, 7.25, 3, 9.25], "texture": "#0"}
			}
		},
		{
			"from": [3, 0.95, 12],
			"to": [13, 7.55, 13],
			"rotation": {"angle": 0, "axis": "y", "origin": [4, 1.55, 12]},
			"faces": {
				"north": {"uv": [4, 0, 6.5, 1.75], "texture": "#0"},
				"east": {"uv": [2, 7.75, 2.25, 9.5], "texture": "#0"},
				"south": {"uv": [4, 1.75, 6.5, 3.5], "texture": "#0"},
				"west": {"uv": [4.75, 8, 5, 9.75], "texture": "#0"},
				"up": {"uv": [9, 1.75, 6.5, 1.5], "texture": "#0"},
				"down": {"uv": [9, 1.75, 6.5, 2], "texture": "#0"}
			}
		},
		{
			"from": [13, 0.5, 4.5],
			"to": [13.5, 3.5, 7.5],
			"rotation": {"angle": 0, "axis": "y", "origin": [13, 0.5, 4.5]},
			"faces": {
				"north": {"uv": [4, 9, 4.25, 9.75], "texture": "#0"},
				"east": {"uv": [2, 5.75, 2.75, 6.5], "texture": "#0"},
				"south": {"uv": [4.25, 9, 4.5, 9.75], "texture": "#0"},
				"west": {"uv": [0, 7, 0.75, 7.75], "texture": "#0"},
				"up": {"uv": [4.75, 9.75, 4.5, 9], "texture": "#0"},
				"down": {"uv": [5.25, 9, 5, 9.75], "texture": "#0"}
			}
		},
		{
			"from": [2.5, 0.5, 4.5],
			"to": [3, 3.5, 7.5],
			"rotation": {"angle": 0, "axis": "y", "origin": [3, 0.5, 4.5]},
			"faces": {
				"north": {"uv": [9, 5, 9.25, 5.75], "texture": "#0"},
				"east": {"uv": [0.75, 7, 1.5, 7.75], "texture": "#0"},
				"south": {"uv": [5.25, 9, 5.5, 9.75], "texture": "#0"},
				"west": {"uv": [1.5, 7, 2.25, 7.75], "texture": "#0"},
				"up": {"uv": [5.75, 9.75, 5.5, 9], "texture": "#0"},
				"down": {"uv": [6, 9, 5.75, 9.75], "texture": "#0"}
			}
		},
		{
			"from": [4.55, 3.76665, 1.76144],
			"to": [11.55, 4.76665, 1.76144],
			"rotation": {"angle": 0, "axis": "y", "origin": [4.1, 6.76665, 8.01144]},
			"faces": {
				"north": {"uv": [13.25, 6, 15, 6.25], "texture": "#0"},
				"east": {"uv": [12.25, 10.25, 12.25, 10.5], "texture": "#0"},
				"south": {"uv": [14.25, 8.25, 16, 8.5], "texture": "#0"},
				"west": {"uv": [11.75, 11.75, 11.75, 12], "texture": "#0"},
				"up": {"uv": [9.5, 12.5, 7.75, 12.5], "texture": "#0"},
				"down": {"uv": [3.75, 13.5, 2, 13.5], "texture": "#0"}
			}
		},
		{
			"from": [3.05, 5.76665, 1.76144],
			"to": [12.95, 6.76665, 1.76144],
			"rotation": {"angle": 0, "axis": "y", "origin": [4, 8.76665, 8.01144]},
			"faces": {
				"north": {"uv": [13.25, 0, 15.75, 0.25], "texture": "#0"},
				"east": {"uv": [10.25, 11.25, 10.25, 11.5], "texture": "#0"},
				"south": {"uv": [12.75, 2.75, 15.25, 3], "texture": "#0"},
				"west": {"uv": [12.25, 11.25, 12.25, 11.5], "texture": "#0"},
				"up": {"uv": [8, 12.25, 5.5, 12.25], "texture": "#0"},
				"down": {"uv": [13, 13, 10.5, 13], "texture": "#0"}
			}
		},
		{
			"from": [3.575, 4.76665, 1.76144],
			"to": [12.45, 5.76665, 1.76144],
			"rotation": {"angle": 0, "axis": "y", "origin": [4, 7.76665, 8.01144]},
			"faces": {
				"north": {"uv": [13.75, 4.5, 16, 4.75], "texture": "#0"},
				"east": {"uv": [11.25, 6.25, 11.25, 6.5], "texture": "#0"},
				"south": {"uv": [13.25, 7.25, 15.5, 7.5], "texture": "#0"},
				"west": {"uv": [11.5, 5.5, 11.5, 5.5], "texture": "#0"},
				"up": {"uv": [13.5, 9, 11.25, 9], "texture": "#0"},
				"down": {"uv": [14.75, 12.5, 12.5, 12.5], "texture": "#0"}
			}
		},
		{
			"from": [3, 4.26665, 2.01144],
			"to": [13, 5.51665, 3.01144],
			"rotation": {"angle": 22.5, "axis": "x", "origin": [4, 7.51665, 8.26144]},
			"faces": {
				"north": {"uv": [6.5, 2.5, 9, 2.75], "texture": "#0"},
				"east": {"uv": [9.75, 1.75, 10, 2], "texture": "#0"},
				"south": {"uv": [6.5, 2.75, 9, 3], "texture": "#0"},
				"west": {"uv": [9.75, 2, 10, 2.25], "texture": "#0"},
				"up": {"uv": [9, 3.25, 6.5, 3], "texture": "#0"},
				"down": {"uv": [9, 3.25, 6.5, 3.5], "texture": "#0"}
			}
		},
		{
			"from": [2.275, 12, 4.75],
			"to": [13.725, 13.25, 7.5],
			"rotation": {"angle": -45, "axis": "x", "origin": [4, 7, 9.5]},
			"faces": {
				"north": {"uv": [6.5, 0, 9.25, 0.25], "texture": "#0"},
				"east": {"uv": [9, 3.25, 9.75, 3.5], "texture": "#0"},
				"south": {"uv": [6.5, 0.25, 9.25, 0.5], "texture": "#0"},
				"west": {"uv": [9, 5.75, 9.75, 6], "texture": "#0"},
				"up": {"uv": [8.75, 4.25, 6, 3.5], "texture": "#0"},
				"down": {"uv": [8.75, 4.25, 6, 5], "texture": "#0"}
			}
		},
		{
			"from": [2.025, 10.94857, 5.50864],
			"to": [13.975, 12.44857, 7.50864],
			"rotation": {"angle": -22.5, "axis": "x", "origin": [4, 5.94857, 10.50864]},
			"faces": {
				"north": {"uv": [6, 5, 9, 5.5], "texture": "#0"},
				"east": {"uv": [8.75, 8.25, 9.25, 8.75], "texture": "#0"},
				"south": {"uv": [6, 5.5, 9, 6], "texture": "#0"},
				"west": {"uv": [0, 9, 0.5, 9.5], "texture": "#0"},
				"up": {"uv": [9, 6.5, 6, 6], "texture": "#0"},
				"down": {"uv": [3, 6.5, 0, 7], "texture": "#0"}
			}
		},
		{
			"from": [4.41081, 9.34379, 6.30402],
			"to": [6.41081, 10.34379, 11.30402],
			"rotation": {"angle": 22.5, "axis": "y", "origin": [1.16081, 4.34379, 11.30402]},
			"faces": {
				"north": {"uv": [9.25, 2.25, 9.75, 2.5], "texture": "#0"},
				"east": {"uv": [8.75, 4, 10, 4.25], "texture": "#0"},
				"south": {"uv": [9.25, 5, 9.75, 5.25], "texture": "#0"},
				"west": {"uv": [8.75, 4.25, 10, 4.5], "texture": "#0"},
				"up": {"uv": [6.5, 7.75, 6, 6.5], "texture": "#0"},
				"down": {"uv": [7, 6.5, 6.5, 7.75], "texture": "#0"}
			}
		},
		{
			"from": [2.53909, 9.59379, 9.72633],
			"to": [5.61409, 10.09379, 11.72633],
			"rotation": {"angle": -22.5, "axis": "y", "origin": [7.53909, 4.34379, 14.97633]},
			"faces": {
				"north": {"uv": [9, 6, 9.75, 6.25], "texture": "#0"},
				"east": {"uv": [9.25, 5.25, 9.75, 5.5], "texture": "#0"},
				"south": {"uv": [9, 6.25, 9.75, 6.5], "texture": "#0"},
				"west": {"uv": [9.25, 5.5, 9.75, 5.75], "texture": "#0"},
				"up": {"uv": [8.75, 8.75, 8, 8.25], "texture": "#0"},
				"down": {"uv": [0.75, 8.5, 0, 9], "texture": "#0"}
			}
		},
		{
			"from": [7, 9.34379, 5.4409],
			"to": [9, 10.34379, 11.2409],
			"rotation": {"angle": 0, "axis": "y", "origin": [3.75, 4.34379, 10.4409]},
			"faces": {
				"north": {"uv": [6, 9.25, 6.5, 9.5], "texture": "#0"},
				"east": {"uv": [8.25, 8, 9.75, 8.25], "texture": "#0"},
				"south": {"uv": [9.25, 6.5, 9.75, 6.75], "texture": "#0"},
				"west": {"uv": [6.5, 8.5, 8, 8.75], "texture": "#0"},
				"up": {"uv": [3.5, 7.25, 3, 5.75], "texture": "#0"},
				"down": {"uv": [4, 5.75, 3.5, 7.25], "texture": "#0"}
			}
		},
		{
			"from": [10.38591, 9.59379, 9.72633],
			"to": [13.46091, 10.09379, 11.72633],
			"rotation": {"angle": 22.5, "axis": "y", "origin": [8.46091, 4.34379, 14.97633]},
			"faces": {
				"north": {"uv": [7, 9, 7.75, 9.25], "texture": "#0"},
				"east": {"uv": [9.25, 6.75, 9.75, 7], "texture": "#0"},
				"south": {"uv": [9, 7, 9.75, 7.25], "texture": "#0"},
				"west": {"uv": [7, 9.25, 7.5, 9.5], "texture": "#0"},
				"up": {"uv": [1.5, 9, 0.75, 8.5], "texture": "#0"},
				"down": {"uv": [9.5, 3.5, 8.75, 4], "texture": "#0"}
			}
		},
		{
			"from": [9.58919, 9.34379, 6.30402],
			"to": [11.58919, 10.34379, 11.30402],
			"rotation": {"angle": -22.5, "axis": "y", "origin": [14.83919, 4.34379, 11.30402]},
			"faces": {
				"north": {"uv": [7.5, 9.25, 8, 9.5], "texture": "#0"},
				"east": {"uv": [8.75, 4.5, 10, 4.75], "texture": "#0"},
				"south": {"uv": [8, 9.25, 8.5, 9.5], "texture": "#0"},
				"west": {"uv": [8.75, 4.75, 10, 5], "texture": "#0"},
				"up": {"uv": [4.5, 8, 4, 6.75], "texture": "#0"},
				"down": {"uv": [5, 6.75, 4.5, 8], "texture": "#0"}
			}
		},
		{
			"from": [7, 8.34379, 9.4409],
			"to": [9, 9.34379, 11.2409],
			"rotation": {"angle": 0, "axis": "y", "origin": [3.75, 3.34379, 14.4409]},
			"faces": {
				"north": {"uv": [9.25, 8.25, 9.75, 8.5], "texture": "#0"},
				"east": {"uv": [8.5, 9.25, 9, 9.5], "texture": "#0"},
				"south": {"uv": [9.25, 8.5, 9.75, 8.75], "texture": "#0"},
				"west": {"uv": [9, 9.25, 9.5, 9.5], "texture": "#0"},
				"up": {"uv": [1, 9.5, 0.5, 9], "texture": "#0"},
				"down": {"uv": [9.5, 0.5, 9, 1], "texture": "#0"}
			}
		},
		{
			"from": [2, 4.5, 5],
			"to": [3, 6.5, 7],
			"rotation": {"angle": 0, "axis": "y", "origin": [3, 3.5, 5]},
			"faces": {
				"north": {"uv": [0, 9.5, 0.25, 10], "texture": "#0"},
				"east": {"uv": [1, 9, 1.5, 9.5], "texture": "#0"},
				"south": {"uv": [0.25, 9.5, 0.5, 10], "texture": "#0"},
				"west": {"uv": [9, 1, 9.5, 1.5], "texture": "#0"},
				"up": {"uv": [0.75, 10, 0.5, 9.5], "texture": "#0"},
				"down": {"uv": [9.75, 0.5, 9.5, 1], "texture": "#0"}
			}
		},
		{
			"from": [2.425, 8.83076, 5.64853],
			"to": [2.875, 12.33076, 7.84853],
			"rotation": {"angle": -45, "axis": "x", "origin": [-6.85, 6.08076, 10.34853]},
			"faces": {
				"north": {"uv": [1.5, 9, 1.75, 10], "texture": "#0"},
				"east": {"uv": [3.25, 7.25, 3.75, 8.25], "texture": "#0"},
				"south": {"uv": [9, 1.5, 9.25, 2.5], "texture": "#0"},
				"west": {"uv": [3.75, 8, 4.25, 9], "texture": "#0"},
				"up": {"uv": [1, 10, 0.75, 9.5], "texture": "#0"},
				"down": {"uv": [1.25, 9.5, 1, 10], "texture": "#0"}
			}
		},
		{
			"from": [13, 4.5, 5],
			"to": [14, 6.5, 7],
			"rotation": {"angle": 0, "axis": "y", "origin": [13, 3.5, 5]},
			"faces": {
				"north": {"uv": [9.5, 1, 9.75, 1.5], "texture": "#0"},
				"east": {"uv": [2.25, 9, 2.75, 9.5], "texture": "#0"},
				"south": {"uv": [1.25, 9.5, 1.5, 10], "texture": "#0"},
				"west": {"uv": [9, 2.5, 9.5, 3], "texture": "#0"},
				"up": {"uv": [2.25, 10, 2, 9.5], "texture": "#0"},
				"down": {"uv": [2.5, 9.5, 2.25, 10], "texture": "#0"}
			}
		},
		{
			"from": [13.125, 8.83076, 5.64853],
			"to": [13.575, 12.33076, 7.84853],
			"rotation": {"angle": -45, "axis": "x", "origin": [22.85, 6.08076, 10.34853]},
			"faces": {
				"north": {"uv": [1.75, 9, 2, 10], "texture": "#0"},
				"east": {"uv": [4.25, 8, 4.75, 9], "texture": "#0"},
				"south": {"uv": [2.75, 9, 3, 10], "texture": "#0"},
				"west": {"uv": [6, 8, 6.5, 9], "texture": "#0"},
				"up": {"uv": [2.75, 10, 2.5, 9.5], "texture": "#0"},
				"down": {"uv": [9.75, 2.5, 9.5, 3], "texture": "#0"}
			}
		}
	],
	"display": {
		"thirdperson_righthand": {
			"rotation": [-56, 0, 0],
			"translation": [0, -1.25, -7.75],
			"scale": [0.82, 0.82, 0.82]
		},
		"thirdperson_lefthand": {
			"rotation": [-56, 0, 0],
			"translation": [0, -1.25, -7.75],
			"scale": [0.82, 0.82, 0.82]
		},
		"firstperson_righthand": {
			"rotation": [-20, 180, 0],
			"translation": [-2.5, 7.25, 1],
			"scale": [0.64, 0.64, 0.64]
		},
		"firstperson_lefthand": {
			"rotation": [-20, 180, 0],
			"translation": [-2.5, 7.25, 1],
			"scale": [0.64, 0.64, 0.64]
		},
		"ground": {
			"translation": [0, 6.25, 0],
			"scale": [0.88, 0.88, 0.88]
		},
		"gui": {
			"rotation": [-169.04, 21.75, 178.44],
			"translation": [0.25, 3.5, 0],
			"scale": [1.08, 1.08, 1.08]
		},
		"head": {
			"translation": [0, 7.75, -0.25],
			"scale": [1.76, 1.76, 1.76]
		},
		"fixed": {
			"rotation": [-90, 0, 0],
			"translation": [0, 0, -14.75],
			"scale": [1.91, 1.91, 1.91]
		}
	},
	"groups": [
		{
			"name": "jet_pilot_helmet_hat",
			"origin": [8, 8, 8],
			"color": 0,
			"children": [
				{
					"name": "helmet_chin_and_neck_strap",
					"origin": [2.15, 0.875, 9.5],
					"color": 0,
					"children": [0, 1, 2, 3, 4, 5, 6, 7]
				},
				{
					"name": "helmet_mic_and_receiver",
					"origin": [4.25, 3.75, 13.5],
					"color": 0,
					"children": [8, 9, 10, 11, 12, 13, 14, 15, 16, 17, 18]
				},
				{
					"name": "helmet_core",
					"origin": [13, 0.5, 4.5],
					"color": 0,
					"children": [19, 20, 21, 22, 23, 24, 25]
				},
				{
					"name": "helmet_visor",
					"origin": [4, 7.76665, 8.01144],
					"color": 0,
					"children": [26, 27, 28]
				},
				{
					"name": "helmet_mask",
					"origin": [3.75, 3.34379, 14.4409],
					"color": 0,
					"children": [29, 30, 31, 32, 33, 34, 35, 36, 37, 38, 39, 40, 41]
				}
			]
		}
	]
}