{
	"credit": "Made with Blockbench",
	"texture_size": [64, 64],
	"textures": {
		"0": "cosmetics/hats/kinghat"
	},
	"elements": [
		{
			"from": [4.45, 0.5, 4.3],
			"to": [10.75, 5.45, 10.6],
			"rotation": {"angle": 0, "axis": "y", "origin": [7.6, 4.2125, 7.45]},
			"faces": {
				"north": {"uv": [0, 5.25, 1.75, 6.625], "texture": "#0"},
				"east": {"uv": [5.75, 0, 7.5, 1.375], "texture": "#0"},
				"south": {"uv": [6, 1.5, 7.75, 2.875], "texture": "#0"},
				"west": {"uv": [1.75, 6, 3.5, 7.375], "texture": "#0"},
				"up": {"uv": [3.75, 1.75, 2, 0], "texture": "#0"},
				"down": {"uv": [3.75, 1.75, 2, 3.5], "texture": "#0"}
			}
		},
		{
			"from": [4, 0.5, 4.75],
			"to": [4.9, 0.5, 10.15],
			"rotation": {"angle": 0, "axis": "y", "origin": [7.6, 4.2125, 7.45]},
			"faces": {
				"north": {"uv": [0, 0, 0.25, 0], "texture": "#0"},
				"east": {"uv": [0, 0, 1.5, 0], "texture": "#0"},
				"south": {"uv": [0, 0, 0.25, 0], "texture": "#0"},
				"west": {"uv": [0, 0, 1.5, 0], "texture": "#0"},
				"up": {"uv": [1.5, 8.25, 1.25, 6.75], "texture": "#0"},
				"down": {"uv": [1.75, 6.75, 1.5, 8.25], "texture": "#0"}
			}
		},
		{
			"from": [4, 1.4, 3.85],
			"to": [4, 5.9, 11.05],
			"rotation": {"angle": 0, "axis": "y", "origin": [7.6, 4.2125, 7.45]},
			"faces": {
				"north": {"uv": [0, 0, 0, 1.25], "texture": "#0"},
				"east": {"uv": [2, 3.5, 4, 4.75], "texture": "#0"},
				"south": {"uv": [0, 0, 0, 1.25], "texture": "#0"},
				"west": {"uv": [3.75, 0, 5.75, 1.25], "texture": "#0"},
				"up": {"uv": [0, 2, 0, 0], "texture": "#0"},
				"down": {"uv": [0, 0, 0, 2], "texture": "#0"}
			}
		},
		{
			"from": [4, 5.9, 3.85],
			"to": [11.2, 5.9, 11.05],
			"rotation": {"angle": 0, "axis": "y", "origin": [7.6, 4.2125, 7.45]},
			"faces": {
				"north": {"uv": [0, 0, 2, 0], "texture": "#0"},
				"east": {"uv": [0, 0, 2, 0], "texture": "#0"},
				"south": {"uv": [0, 0, 2, 0], "texture": "#0"},
				"west": {"uv": [0, 0, 2, 0], "texture": "#0"},
				"up": {"uv": [2, 2, 0, 0], "texture": "#0"},
				"down": {"uv": [2, 2, 0, 4], "texture": "#0"}
			}
		},
		{
			"from": [6.25, 5.9, 7.45],
			"to": [8.95, 8.6, 7.45],
			"rotation": {"angle": 0, "axis": "y", "origin": [7.6, 4.2125, 7.45]},
			"faces": {
				"north": {"uv": [6, 6.5, 6.75, 7.25], "texture": "#0"},
				"east": {"uv": [0, 0, 0, 0.75], "texture": "#0"},
				"south": {"uv": [0, 6.75, 0.75, 7.5], "texture": "#0"},
				"west": {"uv": [0, 0, 0, 0.75], "texture": "#0"},
				"up": {"uv": [0.75, 0, 0, 0], "texture": "#0"},
				"down": {"uv": [0.75, 0, 0, 0], "texture": "#0"}
			}
		},
		{
			"from": [11.2, 1.4, 3.85],
			"to": [11.2, 5.9, 11.05],
			"rotation": {"angle": 0, "axis": "y", "origin": [7.15, 4.2125, 7.45]},
			"faces": {
				"north": {"uv": [0, 0, 0, 1.25], "texture": "#0"},
				"east": {"uv": [3.75, 1.25, 5.75, 2.5], "texture": "#0"},
				"south": {"uv": [0, 0, 0, 1.25], "texture": "#0"},
				"west": {"uv": [0, 4, 2, 5.25], "texture": "#0"},
				"up": {"uv": [0, 2, 0, 0], "texture": "#0"},
				"down": {"uv": [0, 0, 0, 2], "texture": "#0"}
			}
		},
		{
			"from": [4, 1.4, 11.05],
			"to": [11.2, 5.9, 11.05],
			"rotation": {"angle": 0, "axis": "y", "origin": [7.6, 4.2125, 7]},
			"faces": {
				"north": {"uv": [4, 2.5, 6, 3.75], "texture": "#0"},
				"east": {"uv": [0, 0, 0, 1.25], "texture": "#0"},
				"south": {"uv": [4, 3.75, 6, 5], "texture": "#0"},
				"west": {"uv": [0, 0, 0, 1.25], "texture": "#0"},
				"up": {"uv": [2, 0, 0, 0], "texture": "#0"},
				"down": {"uv": [2, 0, 0, 0], "texture": "#0"}
			}
		},
		{
			"from": [10.3, 0.5, 4.75],
			"to": [11.2, 0.5, 10.15],
			"rotation": {"angle": 0, "axis": "y", "origin": [7.6, 4.2125, 7.45]},
			"faces": {
				"north": {"uv": [0, 0, 0.25, 0], "texture": "#0"},
				"east": {"uv": [0, 0, 1.5, 0], "texture": "#0"},
				"south": {"uv": [0, 0, 0.25, 0], "texture": "#0"},
				"west": {"uv": [0, 0, 1.5, 0], "texture": "#0"},
				"up": {"uv": [0.25, 9, 0, 7.5], "texture": "#0"},
				"down": {"uv": [0.5, 7.5, 0.25, 9], "texture": "#0"}
			}
		},
		{
			"from": [4, 0.5, 3.85],
			"to": [11.2, 0.5, 4.75],
			"rotation": {"angle": 0, "axis": "y", "origin": [7.6, 4.2125, 7.45]},
			"faces": {
				"north": {"uv": [0, 0, 2, 0], "texture": "#0"},
				"east": {"uv": [0, 0, 0.25, 0], "texture": "#0"},
				"south": {"uv": [0, 0, 2, 0], "texture": "#0"},
				"west": {"uv": [0, 0, 0.25, 0], "texture": "#0"},
				"up": {"uv": [5.5, 7, 3.5, 6.75], "texture": "#0"},
				"down": {"uv": [5.5, 7, 3.5, 7.25], "texture": "#0"}
			}
		},
		{
			"from": [4, 1.4, 3.85],
			"to": [11.2, 5.9, 3.85],
			"rotation": {"angle": 0, "axis": "y", "origin": [7.6, 4.2125, 7.9]},
			"faces": {
				"north": {"uv": [2, 4.75, 4, 6], "texture": "#0"},
				"east": {"uv": [0, 0, 0, 1.25], "texture": "#0"},
				"south": {"uv": [4, 5, 6, 6.25], "texture": "#0"},
				"west": {"uv": [0, 0, 0, 1.25], "texture": "#0"},
				"up": {"uv": [2, 0, 0, 0], "texture": "#0"},
				"down": {"uv": [2, 0, 0, 0], "texture": "#0"}
			}
		},
		{
			"from": [4, 0.05, 2.95],
			"to": [11.2, 1.85, 3.85],
			"rotation": {"angle": 0, "axis": "y", "origin": [7.6, 4.2125, 7.45]},
			"faces": {
				"north": {"uv": [6, 6, 8, 6.5], "texture": "#0"},
				"east": {"uv": [3.75, 2.5, 4, 3], "texture": "#0"},
				"south": {"uv": [3.5, 6.25, 5.5, 6.75], "texture": "#0"},
				"west": {"uv": [3.75, 3, 4, 3.5], "texture": "#0"},
				"up": {"uv": [8.75, 7.25, 6.75, 7], "texture": "#0"},
				"down": {"uv": [5.5, 7.25, 3.5, 7.5], "texture": "#0"}
			}
		},
		{
			"from": [3.1, 0.05, 2.95],
			"to": [4, 1.85, 11.05],
			"rotation": {"angle": 0, "axis": "y", "origin": [7.6, 4.2125, 7.45]},
			"faces": {
				"north": {"uv": [1.75, 5.25, 2, 5.75], "texture": "#0"},
				"east": {"uv": [6, 4, 8.25, 4.5], "texture": "#0"},
				"south": {"uv": [5.75, 1.5, 6, 2], "texture": "#0"},
				"west": {"uv": [6, 4.5, 8.25, 5], "texture": "#0"},
				"up": {"uv": [1, 9, 0.75, 6.75], "texture": "#0"},
				"down": {"uv": [1.25, 6.75, 1, 9], "texture": "#0"}
			}
		},
		{
			"from": [3.1, 0.05, 11.05],
			"to": [11.2, 1.85, 11.95],
			"rotation": {"angle": 0, "axis": "y", "origin": [7.6, 4.2125, 7.45]},
			"faces": {
				"north": {"uv": [6, 5, 8.25, 5.5], "texture": "#0"},
				"east": {"uv": [5.75, 2, 6, 2.5], "texture": "#0"},
				"south": {"uv": [6, 5.5, 8.25, 6], "texture": "#0"},
				"west": {"uv": [7.5, 0.25, 7.75, 0.75], "texture": "#0"},
				"up": {"uv": [9, 6.75, 6.75, 6.5], "texture": "#0"},
				"down": {"uv": [9, 6.75, 6.75, 7], "texture": "#0"}
			}
		},
		{
			"from": [11.2, 0.05, 2.95],
			"to": [12.1, 1.85, 11.95],
			"rotation": {"angle": 0, "axis": "y", "origin": [7.15, 4.2125, 7.45]},
			"faces": {
				"north": {"uv": [0.5, 7.5, 0.75, 8], "texture": "#0"},
				"east": {"uv": [6, 3, 8.5, 3.5], "texture": "#0"},
				"south": {"uv": [7.5, 0.75, 7.75, 1.25], "texture": "#0"},
				"west": {"uv": [6, 3.5, 8.5, 4], "texture": "#0"},
				"up": {"uv": [5.75, 8.75, 5.5, 6.25], "texture": "#0"},
				"down": {"uv": [6, 6.25, 5.75, 8.75], "texture": "#0"}
			}
		},
		{
			"from": [4, 0.5, 10.15],
			"to": [11.2, 0.5, 11.05],
			"rotation": {"angle": 0, "axis": "y", "origin": [7.6, 4.2125, 7.45]},
			"faces": {
				"north": {"uv": [0, 0, 2, 0], "texture": "#0"},
				"east": {"uv": [0, 0, 0.25, 0], "texture": "#0"},
				"south": {"uv": [0, 0, 2, 0], "texture": "#0"},
				"west": {"uv": [0, 0, 0.25, 0], "texture": "#0"},
				"up": {"uv": [8, 7.5, 6, 7.25], "texture": "#0"},
				"down": {"uv": [9.5, 0, 7.5, 0.25], "texture": "#0"}
			}
		}
	],
	"display": {
		"thirdperson_righthand": {
			"rotation": [70, 0, 0],
			"translation": [0, 0, 2],
			"scale": [0.7, 0.7, 0.7]
		},
		"thirdperson_lefthand": {
			"rotation": [70, 0, 0],
			"translation": [0, 0, 2],
			"scale": [0.7, 0.7, 0.7]
		},
		"firstperson_righthand": {
			"translation": [0, 3, 0]
		},
		"firstperson_lefthand": {
			"translation": [0, 3, 0]
		},
		"ground": {
			"translation": [0, 6, 0]
		},
		"gui": {
			"rotation": [-160, 45, -180],
			"translation": [0, 4, 0]
		},
		"head": {
			"translation": [0.75, 19, 1.25],
			"scale": [2.1, 2.1, 2.1]
		},
		"fixed": {
			"translation": [0, 5, 0]
		}
	},
	"groups": [
		{
			"name": "kinghat",
			"origin": [0.4, 0.5, 0.25],
			"color": 0,
			"children": [0, 1, 2, 3, 4, 5, 6, 7, 8, 9, 10, 11, 12, 13, 14]
		}
	]
}