{
	"credit": "Made with Blockbench",
	"texture_size": [64, 64],
	"textures": {
		"0": "cosmetics/hats/knighthelmet"
	},
	"elements": [
		{
			"from": [3.57731, 4.45596, 5.0001],
			"to": [4.47731, 7.15596, 10.4001],
			"rotation": {"angle": 0, "axis": "y", "origin": [8.20208, 4.41096, 6.60603]},
			"faces": {
				"north": {"uv": [4.508, 7.758, 4.742, 8.375], "texture": "#0"},
				"east": {"uv": [6.758, 6.008, 8.125, 6.625], "texture": "#0"},
				"south": {"uv": [7.758, 7.258, 7.992, 7.875], "texture": "#0"},
				"west": {"uv": [6.258, 6.758, 7.625, 7.375], "texture": "#0"},
				"up": {"uv": [1.742, 8.625, 1.508, 7.258], "texture": "#0"},
				"down": {"uv": [7.492, 7.508, 7.258, 8.875], "texture": "#0"}
			}
		},
		{
			"from": [11.76731, 4.45596, 5.0001],
			"to": [12.66731, 7.15596, 10.4001],
			"rotation": {"angle": 0, "axis": "y", "origin": [8.20208, 4.41096, 6.60603]},
			"faces": {
				"north": {"uv": [0.008, 8.008, 0.242, 8.625], "texture": "#0"},
				"east": {"uv": [1.758, 7.008, 3.125, 7.625], "texture": "#0"},
				"south": {"uv": [0.258, 8.008, 0.492, 8.625], "texture": "#0"},
				"west": {"uv": [3.258, 7.008, 4.625, 7.625], "texture": "#0"},
				"up": {"uv": [7.742, 8.875, 7.508, 7.508], "texture": "#0"},
				"down": {"uv": [1.992, 7.758, 1.758, 9.125], "texture": "#0"}
			}
		},
		{
			"from": [3.57731, 4.45596, 10.4001],
			"to": [12.66731, 7.15596, 11.3001],
			"rotation": {"angle": 0, "axis": "y", "origin": [8.20208, 4.41096, 6.60603]},
			"faces": {
				"north": {"uv": [6.008, 0.008, 8.242, 0.625], "texture": "#0"},
				"east": {"uv": [0.508, 8.008, 0.742, 8.625], "texture": "#0"},
				"south": {"uv": [6.008, 0.758, 8.242, 1.375], "texture": "#0"},
				"west": {"uv": [0.758, 8.008, 0.992, 8.625], "texture": "#0"},
				"up": {"uv": [9.492, 3.242, 7.258, 3.008], "texture": "#0"},
				"down": {"uv": [9.492, 3.258, 7.258, 3.492], "texture": "#0"}
			}
		},
		{
			"from": [4.47731, 1.98096, 2.9751],
			"to": [4.47731, 9.27096, 10.2651],
			"rotation": {"angle": 0, "axis": "y", "origin": [8.20208, 4.41096, 6.60603]},
			"faces": {
				"north": {"uv": [0.008, 0.008, 0.008, 1.875], "texture": "#0"},
				"east": {"uv": [0.008, 0.008, 1.875, 1.875], "texture": "#0"},
				"south": {"uv": [0.008, 0.008, 0.008, 1.875], "texture": "#0"},
				"west": {"uv": [0.008, 2.008, 1.875, 3.875], "texture": "#0"},
				"up": {"uv": [0.008, 1.875, 0.008, 0.008], "texture": "#0"},
				"down": {"uv": [0.008, 0.008, 0.008, 1.875], "texture": "#0"}
			}
		},
		{
			"from": [4.47731, 0.85596, 2.9751],
			"to": [6.09731, 4.45596, 2.9751],
			"rotation": {"angle": 0, "axis": "y", "origin": [8.20208, 4.41096, 6.60603]},
			"faces": {
				"north": {"uv": [2.008, 7.758, 2.375, 8.625], "texture": "#0"},
				"east": {"uv": [0.008, 0.008, 0.008, 0.875], "texture": "#0"},
				"south": {"uv": [2.508, 7.758, 2.875, 8.625], "texture": "#0"},
				"west": {"uv": [0.008, 0.008, 0.008, 0.875], "texture": "#0"},
				"up": {"uv": [0.375, 0.008, 0.008, 0.008], "texture": "#0"},
				"down": {"uv": [0.375, 0.008, 0.008, 0.008], "texture": "#0"}
			}
		},
		{
			"from": [6.09731, -0.04404, 2.9751],
			"to": [10.14731, 2.65596, 2.9751],
			"rotation": {"angle": 0, "axis": "y", "origin": [8.20208, 4.41096, 6.60603]},
			"faces": {
				"north": {"uv": [0.008, 7.258, 0.992, 7.875], "texture": "#0"},
				"east": {"uv": [0.008, 0.008, 0.008, 0.625], "texture": "#0"},
				"south": {"uv": [7.258, 2.258, 8.242, 2.875], "texture": "#0"},
				"west": {"uv": [0.008, 0.008, 0.008, 0.625], "texture": "#0"},
				"up": {"uv": [0.992, 0.008, 0.008, 0.008], "texture": "#0"},
				"down": {"uv": [0.992, 0.008, 0.008, 0.008], "texture": "#0"}
			}
		},
		{
			"from": [4.47731, 0.85596, 2.9751],
			"to": [4.47731, 1.98096, 4.7751],
			"rotation": {"angle": 0, "axis": "y", "origin": [8.20208, 4.41096, 6.60603]},
			"faces": {
				"north": {"uv": [0.008, 0.008, 0.008, 0.242], "texture": "#0"},
				"east": {"uv": [7.258, 3.508, 7.742, 3.742], "texture": "#0"},
				"south": {"uv": [0.008, 0.008, 0.008, 0.242], "texture": "#0"},
				"west": {"uv": [7.508, 5.758, 7.992, 5.992], "texture": "#0"},
				"up": {"uv": [0.008, 0.492, 0.008, 0.008], "texture": "#0"},
				"down": {"uv": [0.008, 0.008, 0.008, 0.492], "texture": "#0"}
			}
		},
		{
			"from": [10.14731, 0.85596, 2.9751],
			"to": [11.76731, 4.45596, 2.9751],
			"rotation": {"angle": 0, "axis": "y", "origin": [8.20208, 4.41096, 6.60603]},
			"faces": {
				"north": {"uv": [3.008, 7.758, 3.375, 8.625], "texture": "#0"},
				"east": {"uv": [0.008, 0.008, 0.008, 0.875], "texture": "#0"},
				"south": {"uv": [3.508, 7.758, 3.875, 8.625], "texture": "#0"},
				"west": {"uv": [0.008, 0.008, 0.008, 0.875], "texture": "#0"},
				"up": {"uv": [0.375, 0.008, 0.008, 0.008], "texture": "#0"},
				"down": {"uv": [0.375, 0.008, 0.008, 0.008], "texture": "#0"}
			}
		},
		{
			"from": [11.76731, 0.85596, 2.9751],
			"to": [11.76731, 1.98096, 4.7751],
			"rotation": {"angle": 0, "axis": "y", "origin": [8.20208, 4.41096, 6.60603]},
			"faces": {
				"north": {"uv": [0.008, 0.008, 0.008, 0.242], "texture": "#0"},
				"east": {"uv": [7.758, 5.008, 8.242, 5.242], "texture": "#0"},
				"south": {"uv": [0.008, 0.008, 0.008, 0.242], "texture": "#0"},
				"west": {"uv": [8.008, 1.508, 8.492, 1.742], "texture": "#0"},
				"up": {"uv": [0.008, 0.492, 0.008, 0.008], "texture": "#0"},
				"down": {"uv": [0.008, 0.008, 0.008, 0.492], "texture": "#0"}
			}
		},
		{
			"from": [4.07231, 4.2889, 0.6151],
			"to": [12.17231, 7.5289, 0.6151],
			"rotation": {"angle": 45, "axis": "x", "origin": [8.12231, 4.86111, 5.85098]},
			"faces": {
				"north": {"uv": [5.508, 5.258, 7.492, 5.992], "texture": "#0"},
				"east": {"uv": [0.008, 0.008, 0.008, 0.742], "texture": "#0"},
				"south": {"uv": [2.008, 5.758, 3.992, 6.492], "texture": "#0"},
				"west": {"uv": [0.008, 0.008, 0.008, 0.742], "texture": "#0"},
				"up": {"uv": [1.992, 0.008, 0.008, 0.008], "texture": "#0"},
				"down": {"uv": [1.992, 0.008, 0.008, 0.008], "texture": "#0"}
			}
		},
		{
			"from": [4.07231, 4.2889, 0.6151],
			"to": [4.07231, 7.5289, 5.3851],
			"rotation": {"angle": 45, "axis": "x", "origin": [8.12231, 4.86111, 5.85098]},
			"faces": {
				"north": {"uv": [0.008, 0.008, 0.008, 0.742], "texture": "#0"},
				"east": {"uv": [6.008, 2.258, 7.242, 2.992], "texture": "#0"},
				"south": {"uv": [0.008, 0.008, 0.008, 0.742], "texture": "#0"},
				"west": {"uv": [6.008, 3.008, 7.242, 3.742], "texture": "#0"},
				"up": {"uv": [0.008, 1.242, 0.008, 0.008], "texture": "#0"},
				"down": {"uv": [0.008, 0.008, 0.008, 1.242], "texture": "#0"}
			}
		},
		{
			"from": [12.17231, 4.2889, 0.6151],
			"to": [12.17231, 7.5289, 5.3851],
			"rotation": {"angle": 45, "axis": "x", "origin": [8.12231, 4.86111, 5.85098]},
			"faces": {
				"north": {"uv": [0.008, 0.008, 0.008, 0.742], "texture": "#0"},
				"east": {"uv": [5.508, 6.008, 6.742, 6.742], "texture": "#0"},
				"south": {"uv": [0.008, 0.008, 0.008, 0.742], "texture": "#0"},
				"west": {"uv": [4.008, 6.258, 5.242, 6.992], "texture": "#0"},
				"up": {"uv": [0.008, 1.242, 0.008, 0.008], "texture": "#0"},
				"down": {"uv": [0.008, 0.008, 0.008, 1.242], "texture": "#0"}
			}
		},
		{
			"from": [4.47731, 2.02596, 10.2651],
			"to": [11.76731, 9.27096, 10.2651],
			"rotation": {"angle": 0, "axis": "y", "origin": [8.20208, 4.41096, 6.60603]},
			"faces": {
				"north": {"uv": [2.008, 4.008, 3.875, 5.742], "texture": "#0"},
				"east": {"uv": [0.008, 0.008, 0.008, 1.742], "texture": "#0"},
				"south": {"uv": [4.008, 2.008, 5.875, 3.742], "texture": "#0"},
				"west": {"uv": [0.008, 0.008, 0.008, 1.742], "texture": "#0"},
				"up": {"uv": [1.875, 0.008, 0.008, 0.008], "texture": "#0"},
				"down": {"uv": [1.875, 0.008, 0.008, 0.008], "texture": "#0"}
			}
		},
		{
			"from": [4.47731, 9.27096, 2.9751],
			"to": [11.76731, 9.27096, 10.2651],
			"rotation": {"angle": 0, "axis": "y", "origin": [8.20208, 4.41096, 6.60603]},
			"faces": {
				"north": {"uv": [0.008, 0.008, 1.875, 0.008], "texture": "#0"},
				"east": {"uv": [0.008, 0.008, 1.875, 0.008], "texture": "#0"},
				"south": {"uv": [0.008, 0.008, 1.875, 0.008], "texture": "#0"},
				"west": {"uv": [0.008, 0.008, 1.875, 0.008], "texture": "#0"},
				"up": {"uv": [3.875, 1.875, 2.008, 0.008], "texture": "#0"},
				"down": {"uv": [3.875, 2.008, 2.008, 3.875], "texture": "#0"}
			}
		},
		{
			"from": [7.31231, 9.22596, 4.8201],
			"to": [9.11231, 11.22596, 12.0201],
			"rotation": {"angle": 0, "axis": "y", "origin": [8.20208, 4.41096, 6.60603]},
			"faces": {
				"north": {"uv": [4.008, 7.758, 4.492, 8.242], "texture": "#0"},
				"east": {"uv": [2.008, 6.508, 3.742, 6.992], "texture": "#0"},
				"south": {"uv": [7.758, 4.008, 8.242, 4.492], "texture": "#0"},
				"west": {"uv": [0.008, 6.758, 1.742, 7.242], "texture": "#0"},
				"up": {"uv": [5.742, 8.492, 5.258, 6.758], "texture": "#0"},
				"down": {"uv": [6.242, 6.758, 5.758, 8.492], "texture": "#0"}
			}
		},
		{
			"from": [7.31231, 5.62596, 10.2201],
			"to": [9.11231, 9.22596, 12.0201],
			"rotation": {"angle": 0, "axis": "y", "origin": [8.20208, 4.41096, 6.60603]},
			"faces": {
				"north": {"uv": [4.758, 7.008, 5.242, 7.875], "texture": "#0"},
				"east": {"uv": [1.008, 7.258, 1.492, 8.125], "texture": "#0"},
				"south": {"uv": [6.258, 7.508, 6.742, 8.375], "texture": "#0"},
				"west": {"uv": [6.758, 7.508, 7.242, 8.375], "texture": "#0"},
				"up": {"uv": [8.242, 4.992, 7.758, 4.508], "texture": "#0"},
				"down": {"uv": [8.242, 6.758, 7.758, 7.242], "texture": "#0"}
			}
		},
		{
			"from": [8.12231, 10.98096, 3.0651],
			"to": [8.12231, 14.22096, 11.9751],
			"rotation": {"angle": 0, "axis": "y", "origin": [8.20208, 4.41096, 6.60603]},
			"faces": {
				"north": {"uv": [0.008, 0.008, 0.008, 0.742], "texture": "#0"},
				"east": {"uv": [5.508, 3.758, 7.742, 4.492], "texture": "#0"},
				"south": {"uv": [0.008, 0.008, 0.008, 0.742], "texture": "#0"},
				"west": {"uv": [5.508, 4.508, 7.742, 5.242], "texture": "#0"},
				"up": {"uv": [0.008, 2.242, 0.008, 0.008], "texture": "#0"},
				"down": {"uv": [0.008, 0.008, 0.008, 2.242], "texture": "#0"}
			}
		},
		{
			"from": [8.12231, 4.50096, 11.9751],
			"to": [8.12231, 14.22096, 15.2151],
			"rotation": {"angle": 0, "axis": "y", "origin": [8.20208, 4.41096, 6.60603]},
			"faces": {
				"north": {"uv": [0.008, 0.008, 0.008, 2.375], "texture": "#0"},
				"east": {"uv": [4.008, 3.758, 4.742, 6.125], "texture": "#0"},
				"south": {"uv": [0.008, 0.008, 0.008, 2.375], "texture": "#0"},
				"west": {"uv": [4.758, 3.758, 5.492, 6.125], "texture": "#0"},
				"up": {"uv": [0.008, 0.742, 0.008, 0.008], "texture": "#0"},
				"down": {"uv": [0.008, 0.008, 0.008, 0.742], "texture": "#0"}
			}
		},
		{
			"from": [4.47731, 6.03096, 2.9751],
			"to": [11.76731, 9.27096, 2.9751],
			"rotation": {"angle": 0, "axis": "y", "origin": [8.20208, 4.41096, 6.60603]},
			"faces": {
				"north": {"uv": [0.008, 6.008, 1.875, 6.742], "texture": "#0"},
				"east": {"uv": [0.008, 0.008, 0.008, 0.742], "texture": "#0"},
				"south": {"uv": [6.008, 1.508, 7.875, 2.242], "texture": "#0"},
				"west": {"uv": [0.008, 0.008, 0.008, 0.742], "texture": "#0"},
				"up": {"uv": [1.875, 0.008, 0.008, 0.008], "texture": "#0"},
				"down": {"uv": [1.875, 0.008, 0.008, 0.008], "texture": "#0"}
			}
		},
		{
			"from": [6.50231, 4.41096, 2.9751],
			"to": [9.74231, 6.03096, 2.9751],
			"rotation": {"angle": 0, "axis": "y", "origin": [8.20208, 4.41096, 6.60603]},
			"faces": {
				"north": {"uv": [7.508, 5.258, 8.242, 5.625], "texture": "#0"},
				"east": {"uv": [0.008, 0.008, 0.008, 0.375], "texture": "#0"},
				"south": {"uv": [7.758, 3.508, 8.492, 3.875], "texture": "#0"},
				"west": {"uv": [0.008, 0.008, 0.008, 0.375], "texture": "#0"},
				"up": {"uv": [0.742, 0.008, 0.008, 0.008], "texture": "#0"},
				"down": {"uv": [0.742, 0.008, 0.008, 0.008], "texture": "#0"}
			}
		},
		{
			"from": [11.76731, 1.98096, 2.9751],
			"to": [11.76731, 9.27096, 10.2651],
			"rotation": {"angle": 0, "axis": "y", "origin": [8.20208, 4.41096, 6.60603]},
			"faces": {
				"north": {"uv": [0.008, 0.008, 0.008, 1.875], "texture": "#0"},
				"east": {"uv": [0.008, 4.008, 1.875, 5.875], "texture": "#0"},
				"south": {"uv": [0.008, 0.008, 0.008, 1.875], "texture": "#0"},
				"west": {"uv": [4.008, 0.008, 5.875, 1.875], "texture": "#0"},
				"up": {"uv": [0.008, 1.875, 0.008, 0.008], "texture": "#0"},
				"down": {"uv": [0.008, 0.008, 0.008, 1.875], "texture": "#0"}
			}
		}
	],
	"display": {
		"thirdperson_righthand": {
			"rotation": [70, 0, 0],
			"scale": [0.7, 0.7, 0.7]
		},
		"thirdperson_lefthand": {
			"rotation": [70, 0, 0],
			"scale": [0.7, 0.7, 0.7]
		},
		"ground": {
			"translation": [0, 6, 0]
		},
		"gui": {
			"rotation": [-160, 35, -180],
			"translation": [0.5, 1, 0],
			"scale": [0.9, 0.9, 0.9]
		},
		"head": {
			"translation": [-0.25, 5.5, 2.5],
			"scale": [1.9, 1.9, 1.9]
		},
		"fixed": {
			"translation": [0, 2.5, 0]
		}
	},
	"groups": [
		{
			"name": "knighthelmet",
			"origin": [0.93078, 5.71198, -0.15468],
			"color": 0,
			"children": [0, 1, 2, 3, 4, 5, 6, 7, 8, 9, 10, 11, 12, 13, 14, 15, 16, 17, 18, 19, 20]
		}
	]
}