{"credit":"This is Unknown User copy!","texture_size":[64,64],"textures":{"0":"cosmetics/hats/lemon_hat_texture","particle":"block/lemon_hat_texture"},"elements":[{"from":[3.30448,4.53073,5],"to":[3.30448,10.53073,11],"rotation":{"angle":-45,"axis":"z","origin":[3.30448,10.53073,8]},"faces":{"north":{"uv":[9.75,3,9.75,4.5],"texture":"#0"},"east":{"uv":[8.25,7,6.75,8.5],"texture":"#0"},"south":{"uv":[4.25,9.75,4.25,11.25],"texture":"#0"},"west":{"uv":[6.75,7,8.25,8.5],"texture":"#0"},"up":{"uv":[4.5,11.25,4.5,9.75],"texture":"#0"},"down":{"uv":[4.75,9.75,4.75,11.25],"texture":"#0"}}},{"from":[3,9,5],"to":[7,9,11],"rotation":{"angle":-22.5,"axis":"z","origin":[7,9,7.5]},"faces":{"north":{"uv":[9.25,6.75,10.25,6.75],"texture":"#0"},"east":{"uv":[9.75,4.75,11.25,4.75],"texture":"#0"},"south":{"uv":[5,9.75,6,9.75],"texture":"#0"},"west":{"uv":[9.75,5,11.25,5],"texture":"#0"},"up":{"uv":[9,6.75,8,5.25],"texture":"#0"},"down":{"uv":[9,5.25,8,6.75],"texture":"#0"}}},{"from":[9,9,5],"to":[13,9,11],"rotation":{"angle":22.5,"axis":"z","origin":[9,9,7.5]},"faces":{"north":{"uv":[6.25,9.75,7.25,9.75],"texture":"#0"},"east":{"uv":[9.75,7,11.25,7],"texture":"#0"},"south":{"uv":[9.75,7.25,10.75,7.25],"texture":"#0"},"west":{"uv":[7.5,9.75,9,9.75],"texture":"#0"},"up":{"uv":[8,5.25,9,6.75],"texture":"#0"},"down":{"uv":[8,6.75,9,5.25],"texture":"#0"}}},{"from":[12.69552,4.53073,5],"to":[12.69552,10.53073,11],"rotation":{"angle":45,"axis":"z","origin":[12.69552,10.53073,8]},"faces":{"north":{"uv":[9.25,9.75,9.25,11.25],"texture":"#0"},"east":{"uv":[6.75,7,8.25,8.5],"texture":"#0"},"south":{"uv":[0,10,0,11.5],"texture":"#0"},"west":{"uv":[8.25,7,6.75,8.5],"texture":"#0"},"up":{"uv":[0.25,11.5,0.25,10],"texture":"#0"},"down":{"uv":[0.5,10,0.5,11.5],"texture":"#0"}}},{"from":[3,0,3],"to":[13,6,13],"rotation":{"angle":0,"axis":"y","origin":[8,5.25,8]},"faces":{"north":{"uv":[2.75,0,5.25,1.5],"texture":"#0"},"east":{"uv":[2.75,1.75,5.25,3.25],"texture":"#0"},"south":{"uv":[2.75,3.5,5.25,5],"texture":"#0"},"west":{"uv":[2.75,5.25,5.25,6.75],"texture":"#0"},"up":{"uv":[2.5,2.5,0,0],"texture":"#0"},"down":{"uv":[2.5,2.75,0,5.25],"texture":"#0"}}},{"from":[5,6,5],"to":[11,9,11],"rotation":{"angle":0,"axis":"y","origin":[8,5.25,8]},"faces":{"north":{"uv":[4.25,8.75,5.75,9.5],"texture":"#0"},"east":{"uv":[6,8.75,7.5,9.5],"texture":"#0"},"south":{"uv":[7.75,8.75,9.25,9.5],"texture":"#0"},"west":{"uv":[0,9,1.5,9.75],"texture":"#0"},"up":{"uv":[9.5,3.25,8,1.75],"texture":"#0"},"down":{"uv":[9.5,3.5,8,5],"texture":"#0"}}},{"from":[7,8,7],"to":[9,13,9],"rotation":{"angle":22.5,"axis":"x","origin":[8,9,8]},"faces":{"north":{"uv":[1.75,7.25,2.25,8.5],"texture":"#0"},"east":{"uv":[9.25,5.25,9.75,6.5],"texture":"#0"},"south":{"uv":[9.5,8.75,10,10],"texture":"#0"},"west":{"uv":[9.75,0,10.25,1.25],"texture":"#0"},"up":{"uv":[10.25,2,9.75,1.5],"texture":"#0"},"down":{"uv":[10.25,2.25,9.75,2.75],"texture":"#0"}}}],"gui_light":"front","display":{"thirdperson_righthand":{"rotation":[2,0,0],"translation":[0,3.25,-3]},"thirdperson_lefthand":{"rotation":[2,0,0],"translation":[0,3.25,-3]},"firstperson_righthand":{"rotation":[172.75,40,180],"translation":[6.5,2.75,-7.75]},"firstperson_lefthand":{"rotation":[172.75,40,180],"translation":[6.5,2.75,-7.75]},"ground":{"translation":[0,5.5,0]},"gui":{"rotation":[20,155,0],"translation":[0,2.25,0],"scale":[0.9,0.9,0.9]},"head":{"rotation":[7.5,0,0],"translation":[0,13.5,1.5],"scale":[1.6,1.6,1.6]},"fixed":{"rotation":[-90,0,0],"translation":[0,0,-16],"scale":[2,2,2]}},"groups":[{"name":"lemon_hat","origin":[8,8,8],"color":0,"children":[{"name":"leaves","origin":[12.69552,15.53073,8],"color":0,"children":[0,1,2,3]},{"name":"lemon","origin":[8,14,8],"color":0,"children":[4,5,6]},{"name":"drip_animation","origin":[7.5,4.25,8],"color":0,"children":[]}]}],"mcmodels":"7cc762d1eab8dc6fcb3c6fc0b08dff59"}