{
	"credit": "Made with Blockbench",
	"texture_size": [64, 64],
	"textures": {
		"0": "cosmetics/hats/magicianhat"
	},
	"elements": [
		{
			"from": [4.05, 0.25, 3.75],
			"to": [12.05, 4.25, 11.75],
			"rotation": {"angle": 0, "axis": "y", "origin": [0.05, 0.25, -0.25]},
			"faces": {
				"north": {"uv": [2.75, 3.5, 4.75, 4.5], "texture": "#0"},
				"east": {"uv": [0, 4, 2, 5], "texture": "#0"},
				"south": {"uv": [4.25, 0, 6.25, 1], "texture": "#0"},
				"west": {"uv": [4.25, 1, 6.25, 2], "texture": "#0"},
				"up": {"uv": [2, 2, 0, 0], "texture": "#0"},
				"down": {"uv": [2, 2, 0, 4], "texture": "#0"}
			}
		},
		{
			"from": [3.8, 0.25, 3.25],
			"to": [6.3, 1.75, 3.25],
			"rotation": {"angle": 0, "axis": "y", "origin": [0.05, 0.25, -0.25]},
			"faces": {
				"north": {"uv": [4.75, 4, 5.375, 4.375], "texture": "#0"},
				"east": {"uv": [0, 0, 0, 0.375], "texture": "#0"},
				"south": {"uv": [1.25, 6.5, 1.875, 6.875], "texture": "#0"},
				"west": {"uv": [0, 0, 0, 0.375], "texture": "#0"},
				"up": {"uv": [0.625, 0, 0, 0], "texture": "#0"},
				"down": {"uv": [0.625, 0, 0, 0], "texture": "#0"}
			}
		},
		{
			"from": [3.8, 0.25, 3.25],
			"to": [3.8, 1.75, 12],
			"rotation": {"angle": 0, "axis": "y", "origin": [0.05, 0.25, -0.25]},
			"faces": {
				"north": {"uv": [0, 0, 0, 0.375], "texture": "#0"},
				"east": {"uv": [6.75, 2, 9, 2.375], "texture": "#0"},
				"south": {"uv": [0, 0, 0, 0.375], "texture": "#0"},
				"west": {"uv": [6.75, 2.5, 9, 2.875], "texture": "#0"},
				"up": {"uv": [0, 2.25, 0, 0], "texture": "#0"},
				"down": {"uv": [0, 0, 0, 2.25], "texture": "#0"}
			}
		},
		{
			"from": [3.8, 0.25, 12],
			"to": [12.3, 1.75, 12],
			"rotation": {"angle": 0, "axis": "y", "origin": [0.05, 0.25, -0.25]},
			"faces": {
				"north": {"uv": [0, 7, 2.125, 7.375], "texture": "#0"},
				"east": {"uv": [0, 0, 0, 0.375], "texture": "#0"},
				"south": {"uv": [2.25, 7, 4.375, 7.375], "texture": "#0"},
				"west": {"uv": [0, 0, 0, 0.375], "texture": "#0"},
				"up": {"uv": [2.125, 0, 0, 0], "texture": "#0"},
				"down": {"uv": [2.125, 0, 0, 0], "texture": "#0"}
			}
		},
		{
			"from": [12.3, 0.25, 3.25],
			"to": [12.3, 1.75, 12],
			"rotation": {"angle": 0, "axis": "y", "origin": [0.05, 0.25, -0.25]},
			"faces": {
				"north": {"uv": [0, 0, 0, 0.375], "texture": "#0"},
				"east": {"uv": [6.75, 3, 9, 3.375], "texture": "#0"},
				"south": {"uv": [0, 0, 0, 0.375], "texture": "#0"},
				"west": {"uv": [6.75, 3.5, 9, 3.875], "texture": "#0"},
				"up": {"uv": [0, 2.25, 0, 0], "texture": "#0"},
				"down": {"uv": [0, 0, 0, 2.25], "texture": "#0"}
			}
		},
		{
			"from": [9.8, 0.25, 3.25],
			"to": [12.3, 1.75, 3.25],
			"rotation": {"angle": 0, "axis": "y", "origin": [0.05, 0.25, -0.25]},
			"faces": {
				"north": {"uv": [7, 5.5, 7.625, 5.875], "texture": "#0"},
				"east": {"uv": [0, 0, 0, 0.375], "texture": "#0"},
				"south": {"uv": [7.25, 0.75, 7.875, 1.125], "texture": "#0"},
				"west": {"uv": [0, 0, 0, 0.375], "texture": "#0"},
				"up": {"uv": [0.625, 0, 0, 0], "texture": "#0"},
				"down": {"uv": [0.625, 0, 0, 0], "texture": "#0"}
			}
		},
		{
			"from": [6.3, 0.25, 2.75],
			"to": [9.8, 2.75, 3.75],
			"rotation": {"angle": 0, "axis": "y", "origin": [0.05, 0.25, -0.25]},
			"faces": {
				"north": {"uv": [7, 4, 7.875, 4.625], "texture": "#0"},
				"east": {"uv": [7.25, 1.25, 7.5, 1.875], "texture": "#0"},
				"south": {"uv": [4.5, 7, 5.375, 7.625], "texture": "#0"},
				"west": {"uv": [7.25, 6, 7.5, 6.625], "texture": "#0"},
				"up": {"uv": [6.375, 3.25, 5.5, 3], "texture": "#0"},
				"down": {"uv": [0.875, 6.75, 0, 7], "texture": "#0"}
			}
		},
		{
			"from": [5.55, 3.25, 6],
			"to": [10.55, 7.25, 11],
			"rotation": {"angle": 22.5, "axis": "x", "origin": [8.05, 6.25, 8]},
			"faces": {
				"north": {"uv": [5.5, 2, 6.75, 3], "texture": "#0"},
				"east": {"uv": [0, 5.75, 1.25, 6.75], "texture": "#0"},
				"south": {"uv": [2.75, 5.75, 4, 6.75], "texture": "#0"},
				"west": {"uv": [4, 6, 5.25, 7], "texture": "#0"},
				"up": {"uv": [5.5, 3.25, 4.25, 2], "texture": "#0"},
				"down": {"uv": [4, 4.5, 2.75, 5.75], "texture": "#0"}
			}
		},
		{
			"from": [6.05, 6.11836, 8.01865],
			"to": [10.05, 10.11836, 12.01865],
			"rotation": {"angle": 45, "axis": "x", "origin": [8.05, 8.36836, 9.41865]},
			"faces": {
				"north": {"uv": [6, 4, 7, 5], "texture": "#0"},
				"east": {"uv": [6, 5, 7, 6], "texture": "#0"},
				"south": {"uv": [5.25, 6, 6.25, 7], "texture": "#0"},
				"west": {"uv": [6.25, 0, 7.25, 1], "texture": "#0"},
				"up": {"uv": [7.25, 2, 6.25, 1], "texture": "#0"},
				"down": {"uv": [7.25, 6, 6.25, 7], "texture": "#0"}
			}
		},
		{
			"from": [6.8, 8.38864, 10.33746],
			"to": [9.3, 10.88864, 13.33746],
			"rotation": {"angle": -22.5, "axis": "x", "origin": [8.05, 9.88864, 11.78746]},
			"faces": {
				"north": {"uv": [7, 7, 7.625, 7.625], "texture": "#0"},
				"east": {"uv": [1.25, 5.75, 2, 6.375], "texture": "#0"},
				"south": {"uv": [7.25, 0, 7.875, 0.625], "texture": "#0"},
				"west": {"uv": [7, 4.75, 7.75, 5.375], "texture": "#0"},
				"up": {"uv": [6.125, 7.75, 5.5, 7], "texture": "#0"},
				"down": {"uv": [6.875, 7, 6.25, 7.75], "texture": "#0"}
			}
		},
		{
			"from": [4.05, 0.25, 0.75],
			"to": [12.05, 0.25, 3.75],
			"rotation": {"angle": 0, "axis": "y", "origin": [0.05, 0.25, -0.25]},
			"faces": {
				"north": {"uv": [0, 0, 2, 0], "texture": "#0"},
				"east": {"uv": [0, 0, 0.75, 0], "texture": "#0"},
				"south": {"uv": [0, 0, 2, 0], "texture": "#0"},
				"west": {"uv": [0, 0, 0.75, 0], "texture": "#0"},
				"up": {"uv": [6, 5.25, 4, 4.5], "texture": "#0"},
				"down": {"uv": [6.75, 3.25, 4.75, 4], "texture": "#0"}
			}
		},
		{
			"from": [4.05, 0.25, 11.75],
			"to": [12.05, 0.25, 14.75],
			"rotation": {"angle": 0, "axis": "y", "origin": [0.05, 0.25, -0.25]},
			"faces": {
				"north": {"uv": [0, 0, 2, 0], "texture": "#0"},
				"east": {"uv": [0, 0, 0.75, 0], "texture": "#0"},
				"south": {"uv": [0, 0, 2, 0], "texture": "#0"},
				"west": {"uv": [0, 0, 0.75, 0], "texture": "#0"},
				"up": {"uv": [2, 5.75, 0, 5], "texture": "#0"},
				"down": {"uv": [6, 5.25, 4, 6], "texture": "#0"}
			}
		},
		{
			"from": [1.05, 0.25, 0.75],
			"to": [4.05, 0.25, 14.75],
			"rotation": {"angle": 0, "axis": "y", "origin": [0.05, 0.25, -0.25]},
			"faces": {
				"north": {"uv": [0, 0, 0.75, 0], "texture": "#0"},
				"east": {"uv": [0, 0, 3.5, 0], "texture": "#0"},
				"south": {"uv": [0, 0, 0.75, 0], "texture": "#0"},
				"west": {"uv": [0, 0, 3.5, 0], "texture": "#0"},
				"up": {"uv": [2.75, 3.5, 2, 0], "texture": "#0"},
				"down": {"uv": [3.5, 0, 2.75, 3.5], "texture": "#0"}
			}
		},
		{
			"from": [12.05, 0.25, 0.75],
			"to": [15.05, 0.25, 14.75],
			"rotation": {"angle": 0, "axis": "y", "origin": [0.05, 0.25, -0.25]},
			"faces": {
				"north": {"uv": [0, 0, 0.75, 0], "texture": "#0"},
				"east": {"uv": [0, 0, 3.5, 0], "texture": "#0"},
				"south": {"uv": [0, 0, 0.75, 0], "texture": "#0"},
				"west": {"uv": [0, 0, 3.5, 0], "texture": "#0"},
				"up": {"uv": [4.25, 3.5, 3.5, 0], "texture": "#0"},
				"down": {"uv": [2.75, 3.5, 2, 7], "texture": "#0"}
			}
		}
	],
	"display": {
		"thirdperson_righthand": {
			"rotation": [70, 0, 0],
			"scale": [0.5, 0.5, 0.5]
		},
		"thirdperson_lefthand": {
			"rotation": [70, 0, 0],
			"scale": [0.5, 0.5, 0.5]
		},
		"firstperson_righthand": {
			"translation": [0, 2, 0],
			"scale": [0.5, 0.5, 0.5]
		},
		"firstperson_lefthand": {
			"translation": [0, 2, 0],
			"scale": [0.5, 0.5, 0.5]
		},
		"ground": {
			"translation": [0, 6, 0]
		},
		"gui": {
			"rotation": [-160, 45, -180],
			"translation": [0, 2, 0],
			"scale": [0.8, 0.8, 0.8]
		},
		"head": {
			"translation": [0, 17.5, 0.5],
			"scale": [1.9, 1.9, 1.9]
		},
		"fixed": {
			"translation": [0, 3, 0]
		}
	},
	"groups": [
		{
			"name": "magicianhat",
			"origin": [0.05, 0.25, -0.25],
			"color": 0,
			"children": [0, 1, 2, 3, 4, 5, 6, 7, 8, 9, 10, 11, 12, 13]
		}
	]
}