{
	"credit": "Made with Blockbench",
	"texture_size": [32, 32],
	"textures": {
		"0": "cosmetics/hats/marinehat"
	},
	"elements": [
		{
			"from": [3.37137, 0.13863, 3.22285],
			"to": [12.37137, 0.13863, 12.22285],
			"rotation": {"angle": 0, "axis": "y", "origin": [7.87137, 1.27567, 7.72285]},
			"faces": {
				"north": {"uv": [0, 0, 4.5, 0], "texture": "#0"},
				"east": {"uv": [0, 0, 4.5, 0], "texture": "#0"},
				"south": {"uv": [0, 0, 4.5, 0], "texture": "#0"},
				"west": {"uv": [0, 0, 4.5, 0], "texture": "#0"},
				"up": {"uv": [4.5, 4.5, 0, 0], "rotation": 180, "texture": "#0"},
				"down": {"uv": [4.5, 4.5, 0, 9], "rotation": 180, "texture": "#0"}
			}
		},
		{
			"from": [12.37137, 0.13863, 3.22285],
			"to": [12.37137, 2.63863, 12.22285],
			"rotation": {"angle": 0, "axis": "y", "origin": [7.87137, 1.27567, 7.72285]},
			"faces": {
				"north": {"uv": [0, 0, 0, 1.25], "texture": "#0"},
				"east": {"uv": [8.5, 7.5, 13, 8.75], "texture": "#0"},
				"south": {"uv": [0, 0, 0, 1.25], "texture": "#0"},
				"west": {"uv": [8.5, 6, 13, 7.25], "texture": "#0"},
				"up": {"uv": [0, 4.5, 0, 0], "rotation": 180, "texture": "#0"},
				"down": {"uv": [0, 0, 0, 4.5], "rotation": 180, "texture": "#0"}
			}
		},
		{
			"from": [3.37137, 0.13863, 12.22285],
			"to": [12.37137, 2.63863, 12.22285],
			"rotation": {"angle": 0, "axis": "y", "origin": [7.87137, 1.27567, 7.72285]},
			"faces": {
				"north": {"uv": [8.5, 9, 13, 10.25], "texture": "#0"},
				"east": {"uv": [0, 0, 0, 1.25], "texture": "#0"},
				"south": {"uv": [0, 9, 4.5, 10.25], "texture": "#0"},
				"west": {"uv": [0, 0, 0, 1.25], "texture": "#0"},
				"up": {"uv": [4.5, 0, 0, 0], "rotation": 180, "texture": "#0"},
				"down": {"uv": [4.5, 0, 0, 0], "rotation": 180, "texture": "#0"}
			}
		},
		{
			"from": [3.37137, 0.13863, 3.22285],
			"to": [12.37137, 2.63863, 3.22285],
			"rotation": {"angle": 0, "axis": "y", "origin": [7.87137, 1.27567, 7.72285]},
			"faces": {
				"north": {"uv": [4.5, 10.5, 9, 11.75], "texture": "#0"},
				"east": {"uv": [0, 0, 0, 1.25], "texture": "#0"},
				"south": {"uv": [0, 10.5, 4.5, 11.75], "texture": "#0"},
				"west": {"uv": [0, 0, 0, 1.25], "texture": "#0"},
				"up": {"uv": [4.5, 0, 0, 0], "rotation": 180, "texture": "#0"},
				"down": {"uv": [4.5, 0, 0, 0], "rotation": 180, "texture": "#0"}
			}
		},
		{
			"from": [3.37137, 0.13649, 3.15548],
			"to": [3.37137, 2.63649, 12.15548],
			"rotation": {"angle": 0, "axis": "y", "origin": [7.87137, 1.27567, 7.72285]},
			"faces": {
				"north": {"uv": [0, 0, 0, 1.25], "texture": "#0"},
				"east": {"uv": [0, 12, 4.5, 13.25], "texture": "#0"},
				"south": {"uv": [0, 0, 0, 1.25], "texture": "#0"},
				"west": {"uv": [9, 10.5, 13.5, 11.75], "texture": "#0"},
				"up": {"uv": [0, 4.5, 0, 0], "rotation": 180, "texture": "#0"},
				"down": {"uv": [0, 0, 0, 4.5], "rotation": 180, "texture": "#0"}
			}
		},
		{
			"from": [4.12137, 0.66271, 4.10552],
			"to": [11.37137, 4.16271, 11.35552],
			"rotation": {"angle": 0, "axis": "y", "origin": [7.87137, 1.27567, 7.72285]},
			"faces": {
				"north": {"uv": [8.5, 2, 12.25, 3.75], "texture": "#0"},
				"east": {"uv": [8.5, 4, 12.25, 5.75], "texture": "#0"},
				"south": {"uv": [4.5, 8, 8.25, 9.75], "texture": "#0"},
				"west": {"uv": [8.5, 0, 12.25, 1.75], "texture": "#0"},
				"up": {"uv": [8.25, 3.75, 4.5, 0], "rotation": 180, "texture": "#0"},
				"down": {"uv": [8.25, 4, 4.5, 7.75], "rotation": 180, "texture": "#0"}
			}
		}
	],
	"display": {
		"thirdperson_righthand": {
			"rotation": [70, 0, 0],
			"translation": [0, 1, 3],
			"scale": [0.7, 0.7, 0.7]
		},
		"thirdperson_lefthand": {
			"rotation": [70, 0, 0],
			"translation": [0, 1, 3],
			"scale": [0.7, 0.7, 0.7]
		},
		"firstperson_righthand": {
			"translation": [0, 4, 0]
		},
		"firstperson_lefthand": {
			"translation": [0, 4, 0]
		},
		"ground": {
			"translation": [0, 6, 0]
		},
		"gui": {
			"rotation": [-160, 45, -180],
			"translation": [0, 4.5, 0]
		},
		"head": {
			"translation": [0.5, 17.5, 0.5],
			"scale": [1.9, 1.9, 1.9]
		},
		"fixed": {
			"translation": [0, 6.5, 0]
		}
	},
	"groups": [
		{
			"name": "marinehat",
			"origin": [8.10053, 1.35062, 7.72957],
			"color": 0,
			"children": [0, 1, 2, 3, 4, 5]
		}
	]
}