{
	"credit": "Made with Blockbench",
	"texture_size": [64, 64],
	"textures": {
		"1": "cosmetics/hats/medievalhat"
	},
	"elements": [
		{
			"from": [4.05, 0.75, 3.75],
			"to": [12.05, 4.75, 11.75],
			"rotation": {"angle": 0, "axis": "y", "origin": [0.05, 0.75, -0.25]},
			"faces": {
				"north": {"uv": [3.5, 4, 5.5, 5], "texture": "#1"},
				"east": {"uv": [3.5, 5, 5.5, 6], "texture": "#1"},
				"south": {"uv": [5.5, 0, 7.5, 1], "texture": "#1"},
				"west": {"uv": [5.5, 1, 7.5, 2], "texture": "#1"},
				"up": {"uv": [5.5, 2, 3.5, 0], "texture": "#1"},
				"down": {"uv": [5.5, 2, 3.5, 4], "texture": "#1"}
			}
		},
		{
			"from": [6.55, 0.75, 2.75],
			"to": [9.55, 3.25, 3.75],
			"rotation": {"angle": 0, "axis": "y", "origin": [0.05, 0.75, -0.25]},
			"faces": {
				"north": {"uv": [3.75, 7, 4.5, 7.625], "texture": "#1"},
				"east": {"uv": [5.5, 7.5, 5.75, 8.125], "texture": "#1"},
				"south": {"uv": [6, 7, 6.75, 7.625], "texture": "#1"},
				"west": {"uv": [7.5, 5.5, 7.75, 6.125], "texture": "#1"},
				"up": {"uv": [5.5, 6.25, 4.75, 6], "texture": "#1"},
				"down": {"uv": [5.5, 6.25, 4.75, 6.5], "texture": "#1"}
			}
		},
		{
			"from": [9.55, 2.25, 3.5],
			"to": [11.05, 6.25, 3.5],
			"rotation": {"angle": -22.5, "axis": "z", "origin": [9.55, 5.25, 3.5]},
			"faces": {
				"north": {"uv": [6.75, 7, 7.125, 8], "texture": "#1"},
				"east": {"uv": [0, 0, 0, 1], "texture": "#1"},
				"south": {"uv": [7.25, 7, 7.625, 8], "texture": "#1"},
				"west": {"uv": [0, 0, 0, 1], "texture": "#1"},
				"up": {"uv": [0.375, 0, 0, 0], "texture": "#1"},
				"down": {"uv": [0.375, 0, 0, 0], "texture": "#1"}
			}
		},
		{
			"from": [3.8, 0.75, 3.5],
			"to": [12.3, 2.25, 3.5],
			"rotation": {"angle": 0, "axis": "y", "origin": [0.05, 1, -0.25]},
			"faces": {
				"north": {"uv": [6, 6.5, 8.125, 6.875], "texture": "#1"},
				"east": {"uv": [0, 0, 0, 0.375], "texture": "#1"},
				"south": {"uv": [6.75, 2, 8.875, 2.375], "texture": "#1"},
				"west": {"uv": [0, 0, 0, 0.375], "texture": "#1"},
				"up": {"uv": [2.125, 0, 0, 0], "texture": "#1"},
				"down": {"uv": [2.125, 0, 0, 0], "texture": "#1"}
			}
		},
		{
			"from": [3.8, 0.75, 3.5],
			"to": [3.8, 2.25, 12],
			"rotation": {"angle": 0, "axis": "y", "origin": [0.05, 1, -0.25]},
			"faces": {
				"north": {"uv": [0, 0, 0, 0.375], "texture": "#1"},
				"east": {"uv": [6.75, 2.5, 8.875, 2.875], "texture": "#1"},
				"south": {"uv": [0, 0, 0, 0.375], "texture": "#1"},
				"west": {"uv": [6.75, 3, 8.875, 3.375], "texture": "#1"},
				"up": {"uv": [0, 2.125, 0, 0], "texture": "#1"},
				"down": {"uv": [0, 0, 0, 2.125], "texture": "#1"}
			}
		},
		{
			"from": [3.8, 0.75, 12],
			"to": [12.3, 2.25, 12],
			"rotation": {"angle": 0, "axis": "y", "origin": [0.05, 1, -0.25]},
			"faces": {
				"north": {"uv": [6.75, 3.5, 8.875, 3.875], "texture": "#1"},
				"east": {"uv": [0, 0, 0, 0.375], "texture": "#1"},
				"south": {"uv": [6.75, 4, 8.875, 4.375], "texture": "#1"},
				"west": {"uv": [0, 0, 0, 0.375], "texture": "#1"},
				"up": {"uv": [2.125, 0, 0, 0], "texture": "#1"},
				"down": {"uv": [2.125, 0, 0, 0], "texture": "#1"}
			}
		},
		{
			"from": [12.3, 0.75, 3.5],
			"to": [12.3, 2.25, 12],
			"rotation": {"angle": 0, "axis": "y", "origin": [0.05, 1, -0.25]},
			"faces": {
				"north": {"uv": [0, 0, 0, 0.375], "texture": "#1"},
				"east": {"uv": [6.75, 4.5, 8.875, 4.875], "texture": "#1"},
				"south": {"uv": [0, 0, 0, 0.375], "texture": "#1"},
				"west": {"uv": [6.75, 5, 8.875, 5.375], "texture": "#1"},
				"up": {"uv": [0, 2.125, 0, 0], "texture": "#1"},
				"down": {"uv": [0, 0, 0, 2.125], "texture": "#1"}
			}
		},
		{
			"from": [5.55, 3.75, 6],
			"to": [10.55, 7.75, 11],
			"rotation": {"angle": 22.5, "axis": "x", "origin": [8.05, 6.75, 8]},
			"faces": {
				"north": {"uv": [5.5, 4.5, 6.75, 5.5], "texture": "#1"},
				"east": {"uv": [5.5, 5.5, 6.75, 6.5], "texture": "#1"},
				"south": {"uv": [3.5, 6, 4.75, 7], "texture": "#1"},
				"west": {"uv": [4.75, 6.5, 6, 7.5], "texture": "#1"},
				"up": {"uv": [6.75, 3.25, 5.5, 2], "texture": "#1"},
				"down": {"uv": [6.75, 3.25, 5.5, 4.5], "texture": "#1"}
			}
		},
		{
			"from": [6.55, 6.61836, 8.51865],
			"to": [9.55, 10.61836, 11.51865],
			"rotation": {"angle": 45, "axis": "x", "origin": [8.05, 8.86836, 9.41865]},
			"faces": {
				"north": {"uv": [6.75, 5.5, 7.5, 6.5], "texture": "#1"},
				"east": {"uv": [0, 7, 0.75, 8], "texture": "#1"},
				"south": {"uv": [0.75, 7, 1.5, 8], "texture": "#1"},
				"west": {"uv": [1.5, 7, 2.25, 8], "texture": "#1"},
				"up": {"uv": [3, 7.75, 2.25, 7], "texture": "#1"},
				"down": {"uv": [3.75, 7, 3, 7.75], "texture": "#1"}
			}
		},
		{
			"from": [7.3, 8.10794, 10.06594],
			"to": [8.8, 11.10794, 11.56594],
			"rotation": {"angle": 45, "axis": "x", "origin": [8.05, 8.85794, 11.81594]},
			"faces": {
				"north": {"uv": [7.5, 0, 7.875, 0.75], "texture": "#1"},
				"east": {"uv": [7.5, 0.75, 7.875, 1.5], "texture": "#1"},
				"south": {"uv": [4.5, 7.5, 4.875, 8.25], "texture": "#1"},
				"west": {"uv": [5, 7.5, 5.375, 8.25], "texture": "#1"},
				"up": {"uv": [7.875, 1.875, 7.5, 1.5], "texture": "#1"},
				"down": {"uv": [2.625, 7.75, 2.25, 8.125], "texture": "#1"}
			}
		},
		{
			"from": [1.05, 0.75, 0.75],
			"to": [15.05, 0.75, 14.75],
			"rotation": {"angle": 0, "axis": "y", "origin": [0.05, 0.75, -0.25]},
			"faces": {
				"north": {"uv": [0, 0, 3.5, 0], "texture": "#1"},
				"east": {"uv": [0, 0, 3.5, 0], "texture": "#1"},
				"south": {"uv": [0, 0, 3.5, 0], "texture": "#1"},
				"west": {"uv": [0, 0, 3.5, 0], "texture": "#1"},
				"up": {"uv": [3.5, 3.5, 0, 0], "texture": "#1"},
				"down": {"uv": [3.5, 3.5, 0, 7], "texture": "#1"}
			}
		}
	],
	"display": {
		"thirdperson_righthand": {
			"rotation": [70, 0, 0],
			"scale": [0.5, 0.5, 0.5]
		},
		"thirdperson_lefthand": {
			"rotation": [70, 0, 0],
			"scale": [0.5, 0.5, 0.5]
		},
		"firstperson_righthand": {
			"translation": [0, 3, 0],
			"scale": [0.5, 0.5, 0.5]
		},
		"firstperson_lefthand": {
			"translation": [0, 3, 0]
		},
		"ground": {
			"translation": [0, 6, 0]
		},
		"gui": {
			"rotation": [-160, 35, -180],
			"translation": [0, 2.5, 0],
			"scale": [0.8, 0.8, 0.8]
		},
		"head": {
			"translation": [0, 16.5, 0.5],
			"scale": [1.9, 1.9, 1.9]
		},
		"fixed": {
			"translation": [0, 3, 0]
		}
	},
	"groups": [
		{
			"name": "medievalhat",
			"origin": [0.05, 0.75, -0.25],
			"color": 0,
			"children": [0, 1, 2, 3, 4, 5, 6, 7, 8, 9, 10]
		}
	]
}