{
	"credit": "Made with Blockbench",
	"texture_size": [32, 32],
	"textures": {
		"1": "cosmetics/hats/minerhat"
	},
	"elements": [
		{
			"from": [4.35, 2, 5.5],
			"to": [11.85, 6.5, 13.5],
			"rotation": {"angle": 0, "axis": "y", "origin": [8.1, 4.125, 9]},
			"faces": {
				"north": {"uv": [4, 5, 7.75, 7.25], "texture": "#1"},
				"east": {"uv": [4, 0, 8, 2.25], "texture": "#1"},
				"south": {"uv": [4, 7.5, 7.75, 9.75], "texture": "#1"},
				"west": {"uv": [4, 2.5, 8, 4.75], "texture": "#1"},
				"up": {"uv": [3.75, 4, 0, 0], "texture": "#1"},
				"down": {"uv": [3.75, 4, 0, 8], "texture": "#1"}
			}
		},
		{
			"from": [3.1, 2, 5.5],
			"to": [4.6, 2, 13.5],
			"rotation": {"angle": 0, "axis": "y", "origin": [8.1, 4.125, 9]},
			"faces": {
				"north": {"uv": [0, 0, 0.75, 0], "texture": "#1"},
				"east": {"uv": [0, 0, 4, 0], "texture": "#1"},
				"south": {"uv": [0, 0, 0.75, 0], "texture": "#1"},
				"west": {"uv": [0, 0, 4, 0], "texture": "#1"},
				"up": {"uv": [2.75, 12, 2, 8], "texture": "#1"},
				"down": {"uv": [3.75, 8, 3, 12], "texture": "#1"}
			}
		},
		{
			"from": [3.1, 0, 10.5],
			"to": [4.6, 2, 14.5],
			"rotation": {"angle": 0, "axis": "y", "origin": [8.1, 4.125, 9]},
			"faces": {
				"north": {"uv": [11.5, 5.5, 12.25, 6.5], "texture": "#1"},
				"east": {"uv": [4, 10, 6, 11], "texture": "#1"},
				"south": {"uv": [3, 12, 3.75, 13], "texture": "#1"},
				"west": {"uv": [6, 10, 8, 11], "texture": "#1"},
				"up": {"uv": [10.75, 12, 10, 10], "texture": "#1"},
				"down": {"uv": [4.75, 11, 4, 13], "texture": "#1"}
			}
		},
		{
			"from": [4.6, 0, 13.5],
			"to": [11.6, 2, 14.5],
			"rotation": {"angle": 0, "axis": "y", "origin": [8.1, 4.125, 9]},
			"faces": {
				"north": {"uv": [8, 5, 11.5, 6], "texture": "#1"},
				"east": {"uv": [12, 7.5, 12.5, 8.5], "texture": "#1"},
				"south": {"uv": [8, 6, 11.5, 7], "texture": "#1"},
				"west": {"uv": [8, 12, 8.5, 13], "texture": "#1"},
				"up": {"uv": [13.5, 9.5, 10, 9], "texture": "#1"},
				"down": {"uv": [13.5, 9.5, 10, 10], "texture": "#1"}
			}
		},
		{
			"from": [11.6, 0, 10.5],
			"to": [13.1, 2, 14.5],
			"rotation": {"angle": 0, "axis": "y", "origin": [8.1, 4.125, 9]},
			"faces": {
				"north": {"uv": [12, 6.5, 12.75, 7.5], "texture": "#1"},
				"east": {"uv": [10, 7, 12, 8], "texture": "#1"},
				"south": {"uv": [7, 12, 7.75, 13], "texture": "#1"},
				"west": {"uv": [10, 8, 12, 9], "texture": "#1"},
				"up": {"uv": [5.75, 13, 5, 11], "texture": "#1"},
				"down": {"uv": [6.75, 11, 6, 13], "texture": "#1"}
			}
		},
		{
			"from": [11.6, 2, 5.5],
			"to": [13.1, 2, 13.5],
			"rotation": {"angle": 0, "axis": "y", "origin": [8.1, 4.125, 9]},
			"faces": {
				"north": {"uv": [0, 0, 0.75, 0], "texture": "#1"},
				"east": {"uv": [0, 0, 4, 0], "texture": "#1"},
				"south": {"uv": [0, 0, 0.75, 0], "texture": "#1"},
				"west": {"uv": [0, 0, 4, 0], "texture": "#1"},
				"up": {"uv": [8.75, 11, 8, 7], "texture": "#1"},
				"down": {"uv": [9.75, 7, 9, 11], "texture": "#1"}
			}
		},
		{
			"from": [3.1, 2, 2.5],
			"to": [13.1, 2, 5.5],
			"rotation": {"angle": 0, "axis": "y", "origin": [8.1, 4.125, 9]},
			"faces": {
				"north": {"uv": [0, 0, 5, 0], "texture": "#1"},
				"east": {"uv": [0, 0, 1.5, 0], "texture": "#1"},
				"south": {"uv": [0, 0, 5, 0], "texture": "#1"},
				"west": {"uv": [0, 0, 1.5, 0], "texture": "#1"},
				"up": {"uv": [13, 1.5, 8, 0], "texture": "#1"},
				"down": {"uv": [13, 1.5, 8, 3], "texture": "#1"}
			}
		},
		{
			"from": [7.1, 5.5, 4.5],
			"to": [9.1, 7.5, 14.5],
			"rotation": {"angle": 0, "axis": "y", "origin": [8.1, 4.125, 9]},
			"faces": {
				"north": {"uv": [7, 11, 8, 12], "texture": "#1"},
				"east": {"uv": [8, 3, 13, 4], "texture": "#1"},
				"south": {"uv": [8, 11, 9, 12], "texture": "#1"},
				"west": {"uv": [8, 4, 13, 5], "texture": "#1"},
				"up": {"uv": [1, 13, 0, 8], "texture": "#1"},
				"down": {"uv": [2, 8, 1, 13], "texture": "#1"}
			}
		},
		{
			"from": [7.1, 2.6, 4.5],
			"to": [9.1, 4.6, 5.5],
			"rotation": {"angle": 0, "axis": "y", "origin": [8.1, 4.125, 9]},
			"faces": {
				"north": {"uv": [9, 11, 10, 12], "texture": "#1"},
				"east": {"uv": [8.5, 12, 9, 13], "texture": "#1"},
				"south": {"uv": [11, 10, 12, 11], "texture": "#1"},
				"west": {"uv": [9, 12, 9.5, 13], "texture": "#1"},
				"up": {"uv": [13, 9, 12, 8.5], "texture": "#1"},
				"down": {"uv": [10.5, 12, 9.5, 12.5], "texture": "#1"}
			}
		},
		{
			"from": [6.1, 5.5, 4.5],
			"to": [10.1, 5.5, 5.5],
			"rotation": {"angle": 0, "axis": "y", "origin": [8.1, 4.125, 9]},
			"faces": {
				"north": {"uv": [0, 0, 2, 0], "texture": "#1"},
				"east": {"uv": [0, 0, 0.5, 0], "texture": "#1"},
				"south": {"uv": [0, 0, 2, 0], "texture": "#1"},
				"west": {"uv": [0, 0, 0.5, 0], "texture": "#1"},
				"up": {"uv": [13, 11.5, 11, 11], "texture": "#1"},
				"down": {"uv": [13.5, 5, 11.5, 5.5], "texture": "#1"}
			}
		},
		{
			"from": [10.1, 2, 4.5],
			"to": [10.1, 5.5, 5.5],
			"rotation": {"angle": 0, "axis": "y", "origin": [8.1, 4.125, 9]},
			"faces": {
				"north": {"uv": [0, 0, 0, 1.75], "texture": "#1"},
				"east": {"uv": [11, 11.5, 11.5, 13.25], "texture": "#1"},
				"south": {"uv": [0, 0, 0, 1.75], "texture": "#1"},
				"west": {"uv": [11.5, 11.5, 12, 13.25], "texture": "#1"},
				"up": {"uv": [0, 0.5, 0, 0], "texture": "#1"},
				"down": {"uv": [0, 0, 0, 0.5], "texture": "#1"}
			}
		},
		{
			"from": [6.1, 2, 4.5],
			"to": [6.1, 5.5, 5.5],
			"rotation": {"angle": 0, "axis": "y", "origin": [8.1, 4.125, 9]},
			"faces": {
				"north": {"uv": [0, 0, 0, 1.75], "texture": "#1"},
				"east": {"uv": [2, 12, 2.5, 13.75], "texture": "#1"},
				"south": {"uv": [0, 0, 0, 1.75], "texture": "#1"},
				"west": {"uv": [2.5, 12, 3, 13.75], "texture": "#1"},
				"up": {"uv": [0, 0.5, 0, 0], "texture": "#1"},
				"down": {"uv": [0, 0, 0, 0.5], "texture": "#1"}
			}
		}
	],
	"display": {
		"thirdperson_righthand": {
			"rotation": [70, 0, 0],
			"translation": [0, 2.5, 1],
			"scale": [0.7, 0.7, 0.7]
		},
		"thirdperson_lefthand": {
			"rotation": [70, 0, 0],
			"translation": [0, 2.5, 1],
			"scale": [0.7, 0.7, 0.7]
		},
		"firstperson_righthand": {
			"translation": [0, 3, 0]
		},
		"firstperson_lefthand": {
			"translation": [0, 3, 0]
		},
		"ground": {
			"translation": [0, 6, 0]
		},
		"gui": {
			"rotation": [-160, 45, -180],
			"translation": [-0.5, 3.5, 0]
		},
		"head": {
			"translation": [-0.25, 13.25, -3],
			"scale": [1.9, 1.9, 1.9]
		},
		"fixed": {
			"translation": [0, 3, 0]
		}
	},
	"groups": [
		{
			"name": "minerhat",
			"origin": [0.1, 0, 0.5],
			"color": 0,
			"children": [0, 1, 2, 3, 4, 5, 6, 7, 8, 9, 10, 11]
		}
	]
}