{
	"credit": "Made with Blockbench",
	"texture_size": [128, 128],
	"textures": {
		"0": "cosmetics/hats/mushroom_hat_texture",
		"particle": "springhats/mushroom_hat_texture"
	},
	"elements": [
		{
			"from": [2.14597, 7.51118, 5],
			"to": [19.14597, 9.51118, 7],
			"rotation": {"angle": -22.5, "axis": "z", "origin": [9.14597, 9.76118, 8]},
			"faces": {
				"north": {"uv": [4, 2.875, 6.125, 3.125], "texture": "#0"},
				"east": {"uv": [3.75, 2.875, 4, 3.125], "texture": "#0"},
				"south": {"uv": [6.375, 2.875, 8.5, 3.125], "texture": "#0"},
				"west": {"uv": [6.125, 2.875, 6.375, 3.125], "texture": "#0"},
				"up": {"uv": [6.125, 2.875, 4, 2.625], "texture": "#0"},
				"down": {"uv": [8.25, 2.625, 6.125, 2.875], "texture": "#0"}
			}
		},
		{
			"from": [2.14597, 9.51118, 6],
			"to": [19.14597, 12.51118, 6],
			"rotation": {"angle": -22.5, "axis": "z", "origin": [9.14597, 9.76118, 8]},
			"faces": {
				"north": {"uv": [3, 4.25, 5.125, 4.625], "texture": "#0"},
				"east": {"uv": [3, 4.25, 3, 4.625], "texture": "#0"},
				"south": {"uv": [5.125, 4.25, 7.25, 4.625], "texture": "#0"},
				"west": {"uv": [5.125, 4.25, 5.125, 4.625], "texture": "#0"},
				"up": {"uv": [5.125, 4.25, 3, 4.25], "texture": "#0"},
				"down": {"uv": [7.25, 4.25, 5.125, 4.25], "texture": "#0"}
			}
		},
		{
			"from": [-2.14597, 9.51118, 10],
			"to": [14.85403, 12.51118, 10],
			"rotation": {"angle": 22.5, "axis": "z", "origin": [6.85403, 9.76118, 8]},
			"faces": {
				"north": {"uv": [3, 3.875, 5.125, 4.25], "texture": "#0"},
				"east": {"uv": [3, 3.875, 3, 4.25], "texture": "#0"},
				"south": {"uv": [5.125, 3.875, 7.25, 4.25], "texture": "#0"},
				"west": {"uv": [5.125, 3.875, 5.125, 4.25], "texture": "#0"},
				"up": {"uv": [5.125, 3.875, 3, 3.875], "texture": "#0"},
				"down": {"uv": [7.25, 3.875, 5.125, 3.875], "texture": "#0"}
			}
		},
		{
			"from": [-2.14597, 7.51118, 9],
			"to": [14.85403, 9.51118, 11],
			"rotation": {"angle": 22.5, "axis": "z", "origin": [6.85403, 9.76118, 8]},
			"faces": {
				"north": {"uv": [4, 2.375, 6.125, 2.625], "texture": "#0"},
				"east": {"uv": [3.75, 2.375, 4, 2.625], "texture": "#0"},
				"south": {"uv": [6.375, 2.375, 8.5, 2.625], "texture": "#0"},
				"west": {"uv": [6.125, 2.375, 6.375, 2.625], "texture": "#0"},
				"up": {"uv": [6.125, 2.375, 4, 2.125], "texture": "#0"},
				"down": {"uv": [8.25, 2.125, 6.125, 2.375], "texture": "#0"}
			}
		},
		{
			"from": [2, 0, 2],
			"to": [14, 3, 2],
			"rotation": {"angle": 0, "axis": "y", "origin": [0, -3, 0]},
			"faces": {
				"north": {"uv": [3, 4.625, 4.5, 5], "texture": "#0"},
				"east": {"uv": [3, 4.625, 3, 5], "texture": "#0"},
				"south": {"uv": [4.5, 4.625, 6, 5], "texture": "#0"},
				"west": {"uv": [4.5, 4.625, 4.5, 5], "texture": "#0"},
				"up": {"uv": [4.5, 4.625, 3, 4.625], "texture": "#0"},
				"down": {"uv": [6, 4.625, 4.5, 4.625], "texture": "#0"}
			}
		},
		{
			"from": [14, 0, 2],
			"to": [14, 3, 14],
			"rotation": {"angle": 0, "axis": "y", "origin": [0, -3, 0]},
			"faces": {
				"north": {"uv": [1.5, 4.25, 1.5, 4.625], "texture": "#0"},
				"east": {"uv": [0, 4.25, 1.5, 4.625], "texture": "#0"},
				"south": {"uv": [3, 4.25, 3, 4.625], "texture": "#0"},
				"west": {"uv": [1.5, 4.25, 3, 4.625], "texture": "#0"},
				"up": {"uv": [1.5, 4.25, 1.5, 2.75], "texture": "#0"},
				"down": {"uv": [1.5, 2.75, 1.5, 4.25], "texture": "#0"}
			}
		},
		{
			"from": [2, 0, 2],
			"to": [2, 3, 14],
			"rotation": {"angle": 0, "axis": "y", "origin": [16, -3, 0]},
			"faces": {
				"north": {"uv": [1.5, 3.875, 1.5, 4.25], "texture": "#0"},
				"east": {"uv": [0, 3.875, 1.5, 4.25], "texture": "#0"},
				"south": {"uv": [3, 3.875, 3, 4.25], "texture": "#0"},
				"west": {"uv": [1.5, 3.875, 3, 4.25], "texture": "#0"},
				"up": {"uv": [1.5, 3.875, 1.5, 2.375], "texture": "#0"},
				"down": {"uv": [1.5, 2.375, 1.5, 3.875], "texture": "#0"}
			}
		},
		{
			"from": [2, 0, 14],
			"to": [14, 3, 14],
			"rotation": {"angle": 0, "axis": "y", "origin": [0, -3, 16]},
			"faces": {
				"north": {"uv": [0, 4.625, 1.5, 5], "texture": "#0"},
				"east": {"uv": [0, 4.625, 0, 5], "texture": "#0"},
				"south": {"uv": [1.5, 4.625, 3, 5], "texture": "#0"},
				"west": {"uv": [1.5, 4.625, 1.5, 5], "texture": "#0"},
				"up": {"uv": [1.5, 4.625, 0, 4.625], "texture": "#0"},
				"down": {"uv": [3, 4.625, 1.5, 4.625], "texture": "#0"}
			}
		},
		{
			"from": [1, 3, 1],
			"to": [15, 6, 15],
			"rotation": {"angle": 0, "axis": "y", "origin": [0, -3, 0]},
			"faces": {
				"north": {"uv": [1.75, 1.75, 3.5, 2.125], "texture": "#0"},
				"east": {"uv": [0, 1.75, 1.75, 2.125], "texture": "#0"},
				"south": {"uv": [5.25, 1.75, 7, 2.125], "texture": "#0"},
				"west": {"uv": [3.5, 1.75, 5.25, 2.125], "texture": "#0"},
				"up": {"uv": [3.5, 1.75, 1.75, 0], "texture": "#0"},
				"down": {"uv": [5.25, 0, 3.5, 1.75], "texture": "#0"}
			}
		},
		{
			"from": [3, 6, 3],
			"to": [13, 10, 13],
			"rotation": {"angle": 0, "axis": "y", "origin": [0, -3, 0]},
			"faces": {
				"north": {"uv": [1.25, 3.375, 2.5, 3.875], "texture": "#0"},
				"east": {"uv": [0, 3.375, 1.25, 3.875], "texture": "#0"},
				"south": {"uv": [3.75, 3.375, 5, 3.875], "texture": "#0"},
				"west": {"uv": [2.5, 3.375, 3.75, 3.875], "texture": "#0"},
				"up": {"uv": [2.5, 3.375, 1.25, 2.125], "texture": "#0"},
				"down": {"uv": [3.75, 2.125, 2.5, 3.375], "texture": "#0"}
			}
		}
	],
	"display": {
		"thirdperson_righthand": {
			"translation": [0, 0, -5]
		},
		"thirdperson_lefthand": {
			"translation": [0, 0, -5]
		},
		"firstperson_righthand": {
			"rotation": [12.5, 0, 0],
			"translation": [2.25, 3.75, 0]
		},
		"firstperson_lefthand": {
			"rotation": [12.5, 0, 0],
			"translation": [2.25, 3.75, 0]
		},
		"ground": {
			"translation": [0, 3, 0],
			"scale": [0.5, 0.5, 0.5]
		},
		"gui": {
			"rotation": [30, -180, 0],
			"translation": [0, 1.5, 0],
			"scale": [0.69, 0.69, 0.69]
		},
		"head": {
			"translation": [0, 10.25, 0],
			"scale": [1.6, 1.6, 1.6]
		},
		"fixed": {
			"rotation": [-90, 0, 0],
			"translation": [0, 0, -16],
			"scale": [2, 2, 2]
		}
	},
	"groups": [
		{
			"name": "mushroom_hat",
			"origin": [6.85403, 9.76118, 8],
			"color": 0,
			"nbt": "{}",
			"children": [
				{
					"name": "sticks",
					"origin": [6.85403, 9.76118, 8],
					"color": 0,
					"nbt": "{}",
					"children": [0, 1, 2, 3]
				},
				{
					"name": "drips",
					"origin": [0, -3, 16],
					"color": 0,
					"nbt": "{}",
					"children": [4, 5, 6, 7]
				},
				{
					"name": "hat",
					"origin": [0, -3, 0],
					"color": 0,
					"nbt": "{}",
					"children": [8, 9]
				}
			]
		}
	]
}