{"credit":"Made with Blockbench","texture_size":[32,32],"textures":{"0":"cosmetics/hats/ocultism_hat","particle":"cosmetic_packv6/ocultism_hat"},"elements":[{"from":[4,0,4],"to":[12,8,4],"rotation":{"angle":0,"axis":"y","origin":[4,0,4]},"faces":{"north":{"uv":[4,0,8,4],"texture":"#0"},"east":{"uv":[0,0,0,4],"texture":"#0"},"south":{"uv":[4,0,8,4],"texture":"#0"},"west":{"uv":[0,0,0,4],"texture":"#0"},"up":{"uv":[4,0,0,0],"texture":"#0"},"down":{"uv":[4,0,0,0],"texture":"#0"}}},{"from":[4,8,4],"to":[12,8,10],"rotation":{"angle":0,"axis":"y","origin":[4,0,4]},"faces":{"north":{"uv":[0,0,4,0],"texture":"#0"},"east":{"uv":[0,0,3,0],"texture":"#0"},"south":{"uv":[0,0,4,0],"texture":"#0"},"west":{"uv":[0,0,3,0],"texture":"#0"},"up":{"uv":[4,11,0,8],"texture":"#0"},"down":{"uv":[4,8,0,11],"texture":"#0"}}},{"from":[4,0,4],"to":[4,8,10],"rotation":{"angle":0,"axis":"y","origin":[4,0,4]},"faces":{"north":{"uv":[0,0,0,4],"texture":"#0"},"east":{"uv":[8,3,11,7],"texture":"#0"},"south":{"uv":[0,0,0,4],"texture":"#0"},"west":{"uv":[4,8,7,12],"texture":"#0"},"up":{"uv":[0,3,0,0],"texture":"#0"},"down":{"uv":[0,0,0,3],"texture":"#0"}}},{"from":[12,0,4],"to":[12,8,10],"rotation":{"angle":0,"axis":"y","origin":[12,0,4]},"faces":{"north":{"uv":[0,0,0,4],"texture":"#0"},"east":{"uv":[7,8,4,12],"texture":"#0"},"south":{"uv":[0,0,0,4],"texture":"#0"},"west":{"uv":[11,3,8,7],"texture":"#0"},"up":{"uv":[0,3,0,0],"texture":"#0"},"down":{"uv":[0,0,0,3],"texture":"#0"}}},{"from":[-4,5,7],"to":[4,13,7],"rotation":{"angle":0,"axis":"y","origin":[4,5,7]},"faces":{"north":{"uv":[0,0,4,4],"texture":"#0"},"east":{"uv":[0,0,0,4],"texture":"#0"},"south":{"uv":[0,4,4,8],"texture":"#0"},"west":{"uv":[0,0,0,4],"texture":"#0"},"up":{"uv":[4,0,0,0],"texture":"#0"},"down":{"uv":[4,0,0,0],"texture":"#0"}}},{"from":[12,5,7],"to":[20,13,7],"rotation":{"angle":0,"axis":"y","origin":[12,5,7]},"faces":{"north":{"uv":[4,0,0,4],"texture":"#0"},"east":{"uv":[0,0,0,4],"texture":"#0"},"south":{"uv":[4,4,0,8],"texture":"#0"},"west":{"uv":[0,0,0,4],"texture":"#0"},"up":{"uv":[0,0,4,0],"texture":"#0"},"down":{"uv":[0,0,4,0],"texture":"#0"}}}],"gui_light":"front","display":{"gui":{"rotation":[180,-40,180],"translation":[0,3.25,0],"scale":[1.15625,1.15625,1.15625]},"head":{"translation":[0,7,0],"scale":[1.7,1.7,1.7]}},"groups":[{"name":"ocultism_hat","origin":[8,8,8],"color":0,"children":[0,1,2,3,4,5]}],"mcmodels":"378ba8a653ab8c930abe4f8d5cc37930"}