{"credit":"Made with Blockbench","texture_size":[32,32],"textures":{"0":"cosmetics/hats/oni_hat","particle":"cosmetic_packv6/oni_hat"},"elements":[{"from":[4,0,3],"to":[12,8,5],"rotation":{"angle":0,"axis":"y","origin":[4,0,3]},"faces":{"north":{"uv":[0,0,4,4],"texture":"#0"},"east":{"uv":[8,5,9,9],"texture":"#0"},"south":{"uv":[0,4,4,8],"texture":"#0"},"west":{"uv":[5.5,8,6.5,12],"texture":"#0"},"up":{"uv":[13,6,9,5],"texture":"#0"},"down":{"uv":[13,6,9,7],"texture":"#0"}}},{"from":[7,6.5,12],"to":[9,8.5,18],"rotation":{"angle":-45,"axis":"x","origin":[7,6.5,12]},"faces":{"north":{"uv":[3,13,4,14],"texture":"#0"},"east":{"uv":[11,1,14,2],"texture":"#0"},"south":{"uv":[4,13,5,14],"texture":"#0"},"west":{"uv":[11,2,14,3],"texture":"#0"},"up":{"uv":[8.5,12,7.5,9],"texture":"#0"},"down":{"uv":[4.5,10,3.5,13],"texture":"#0"}}},{"from":[6.8,6.8,12.3],"to":[9.2,9.2,18.7],"rotation":{"angle":-45,"axis":"x","origin":[7,7,12.5]},"faces":{"north":{"uv":[5,13,6,14],"texture":"#0"},"east":{"uv":[8.5,11,11.5,12],"texture":"#0"},"south":{"uv":[13,5,14,6],"texture":"#0"},"west":{"uv":[11.5,11,14.5,12],"texture":"#0"},"up":{"uv":[5.5,13,4.5,10],"texture":"#0"},"down":{"uv":[1,12,0,15],"texture":"#0"}}},{"from":[3.8,-0.2,2.8],"to":[12.2,8.2,5.2],"rotation":{"angle":0,"axis":"y","origin":[4,0,3]},"faces":{"north":{"uv":[4,0,8,4],"texture":"#0"},"east":{"uv":[6.5,8,7.5,12],"texture":"#0"},"south":{"uv":[4,4,8,8],"texture":"#0"},"west":{"uv":[9,7,10,11],"texture":"#0"},"up":{"uv":[14,8,10,7],"texture":"#0"},"down":{"uv":[14,8,10,9],"texture":"#0"}}},{"from":[6,-1.25,2.5],"to":[10,0.75,4.5],"rotation":{"angle":-22.5,"axis":"x","origin":[4,-0.25,2.5]},"faces":{"north":{"uv":[1,12,3,13],"texture":"#0"},"east":{"uv":[6,13,7,14],"texture":"#0"},"south":{"uv":[5.5,12,7.5,13],"texture":"#0"},"west":{"uv":[13,6,14,7],"texture":"#0"},"up":{"uv":[9.5,13,7.5,12],"texture":"#0"},"down":{"uv":[11.5,12,9.5,13],"texture":"#0"}}},{"from":[7,2.5,2.75],"to":[9,4.5,4.75],"rotation":{"angle":22.5,"axis":"x","origin":[4,3.5,2.75]},"faces":{"north":{"uv":[7,13,8,14],"texture":"#0"},"east":{"uv":[8,13,9,14],"texture":"#0"},"south":{"uv":[9,13,10,14],"texture":"#0"},"west":{"uv":[10,13,11,14],"texture":"#0"},"up":{"uv":[12,14,11,13],"texture":"#0"},"down":{"uv":[13,13,12,14],"texture":"#0"}}},{"from":[5.75,0,-0.75],"to":[5.75,4,4.25],"rotation":{"angle":22.5,"axis":"y","origin":[2.75,1,2.25]},"faces":{"north":{"uv":[0,0,0,2],"texture":"#0"},"east":{"uv":[3,8,5.5,10],"texture":"#0"},"south":{"uv":[0,0,0,2],"texture":"#0"},"west":{"uv":[8,3,10.5,5],"texture":"#0"},"up":{"uv":[0,2.5,0,0],"texture":"#0"},"down":{"uv":[0,0,0,2.5],"texture":"#0"}}},{"from":[10.25,0,-0.75],"to":[10.25,4,4.25],"rotation":{"angle":-22.5,"axis":"y","origin":[13.25,1,2.25]},"faces":{"north":{"uv":[0,0,0,2],"texture":"#0"},"east":{"uv":[10.5,3,8,5],"texture":"#0"},"south":{"uv":[0,0,0,2],"texture":"#0"},"west":{"uv":[5.5,8,3,10],"texture":"#0"},"up":{"uv":[0,2.5,0,0],"texture":"#0"},"down":{"uv":[0,0,0,2.5],"texture":"#0"}}},{"from":[3.5,6.25,-2],"to":[3.5,12.25,4],"rotation":{"angle":22.5,"axis":"y","origin":[0.5,7.25,2]},"faces":{"north":{"uv":[0,0,0,3],"texture":"#0"},"east":{"uv":[0,8,3,11],"texture":"#0"},"south":{"uv":[0,0,0,3],"texture":"#0"},"west":{"uv":[8,0,11,3],"texture":"#0"},"up":{"uv":[0,3,0,0],"texture":"#0"},"down":{"uv":[0,0,0,3],"texture":"#0"}}},{"from":[12.5,6.25,-2],"to":[12.5,12.25,4],"rotation":{"angle":-22.5,"axis":"y","origin":[15.5,7.25,2]},"faces":{"north":{"uv":[0,0,0,3],"texture":"#0"},"east":{"uv":[11,0,8,3],"texture":"#0"},"south":{"uv":[0,0,0,3],"texture":"#0"},"west":{"uv":[3,8,0,11],"texture":"#0"},"up":{"uv":[0,3,0,0],"texture":"#0"},"down":{"uv":[0,0,0,3],"texture":"#0"}}},{"from":[6,0.25,2],"to":[10,2.25,2],"rotation":{"angle":-22.5,"axis":"x","origin":[4,1.25,2]},"faces":{"north":{"uv":[11.5,12,13.5,13],"texture":"#0"},"east":{"uv":[0,0,0,1],"texture":"#0"},"south":{"uv":[1,13,3,14],"texture":"#0"},"west":{"uv":[0,0,0,1],"texture":"#0"},"up":{"uv":[2,0,0,0],"texture":"#0"},"down":{"uv":[2,0,0,0],"texture":"#0"}}},{"from":[9.75,0.5,1.75],"to":[9.75,2.5,3.75],"rotation":{"angle":-22.5,"axis":"x","origin":[3.75,1.5,1.75]},"faces":{"north":{"uv":[0,0,0,1],"texture":"#0"},"east":{"uv":[13,13,14,14],"texture":"#0"},"south":{"uv":[0,0,0,1],"texture":"#0"},"west":{"uv":[13.5,12,14.5,13],"texture":"#0"},"up":{"uv":[0,1,0,0],"texture":"#0"},"down":{"uv":[0,0,0,1],"texture":"#0"}}},{"from":[6.25,0.5,1.75],"to":[6.25,2.5,3.75],"rotation":{"angle":-22.5,"axis":"x","origin":[12.25,1.5,1.75]},"faces":{"north":{"uv":[0,0,0,1],"texture":"#0"},"east":{"uv":[14.5,12,13.5,13],"texture":"#0"},"south":{"uv":[0,0,0,1],"texture":"#0"},"west":{"uv":[14,13,13,14],"texture":"#0"},"up":{"uv":[0,1,0,0],"texture":"#0"},"down":{"uv":[0,0,0,1],"texture":"#0"}}},{"from":[4,3,5],"to":[4,5,12],"rotation":{"angle":0,"axis":"y","origin":[4,0,5]},"faces":{"north":{"uv":[0,0,0,1],"texture":"#0"},"east":{"uv":[10.5,3,14,4],"texture":"#0"},"south":{"uv":[0,0,0,1],"texture":"#0"},"west":{"uv":[10.5,4,14,5],"texture":"#0"},"up":{"uv":[0,3.5,0,0],"texture":"#0"},"down":{"uv":[0,0,0,3.5],"texture":"#0"}}},{"from":[12,3,5],"to":[12,5,12],"rotation":{"angle":0,"axis":"y","origin":[12,0,5]},"faces":{"north":{"uv":[0,0,0,1],"texture":"#0"},"east":{"uv":[0,11,3.5,12],"texture":"#0"},"south":{"uv":[0,0,0,1],"texture":"#0"},"west":{"uv":[11,0,14.5,1],"texture":"#0"},"up":{"uv":[0,3.5,0,0],"texture":"#0"},"down":{"uv":[0,0,0,3.5],"texture":"#0"}}},{"from":[4,3,12],"to":[12,5,12],"rotation":{"angle":0,"axis":"y","origin":[4,0,5]},"faces":{"north":{"uv":[10,9,14,10],"texture":"#0"},"east":{"uv":[0,0,0,1],"texture":"#0"},"south":{"uv":[10,10,14,11],"texture":"#0"},"west":{"uv":[0,0,0,1],"texture":"#0"},"up":{"uv":[4,0,0,0],"texture":"#0"},"down":{"uv":[4,0,0,0],"texture":"#0"}}}],"gui_light":"front","display":{"gui":{"rotation":[180,-30.5,180],"translation":[-0.75,2.5,0],"scale":[1.09961,1.09961,1.09961]},"head":{"translation":[0,6.75,0],"scale":[1.7,1.7,1.7]}},"groups":[{"name":"oni_hat","origin":[8,8,8],"color":0,"children":[0,1,2,3,4,5,6,7,8,9,10,11,12,13,14,15]}],"mcmodels":"378ba8a653ab8c930abe4f8d5cc37930"}