{
	"credit": "Made with Blockbench",
	"texture_size": [64, 64],
	"textures": {
		"0": "cosmetics/hats/orangehat"
	},
	"elements": [
		{
			"from": [0.95, 0.25, 1.45],
			"to": [15.25, 0.25, 15.75],
			"rotation": {"angle": 0, "axis": "y", "origin": [8.1, 2.48182, 8.39223]},
			"faces": {
				"north": {"uv": [0, 0, 3.625, 0], "texture": "#0"},
				"east": {"uv": [0, 0, 3.625, 0], "texture": "#0"},
				"south": {"uv": [0, 0, 3.625, 0], "texture": "#0"},
				"west": {"uv": [0, 0, 3.625, 0], "texture": "#0"},
				"up": {"uv": [3.625, 3.625, 0, 0], "texture": "#0"},
				"down": {"uv": [3.625, 3.75, 0, 7.375], "texture": "#0"}
			}
		},
		{
			"from": [4.25, 0.25, 4.75],
			"to": [11.95, 9.25, 12.45],
			"rotation": {"angle": 0, "axis": "y", "origin": [8.1, 2.48182, 8.39223]},
			"faces": {
				"north": {"uv": [3.75, 0, 5.625, 2.25], "texture": "#0"},
				"east": {"uv": [3.75, 2.25, 5.625, 4.5], "texture": "#0"},
				"south": {"uv": [3.75, 4.5, 5.625, 6.75], "texture": "#0"},
				"west": {"uv": [5.75, 0, 7.625, 2.25], "texture": "#0"},
				"up": {"uv": [7.625, 4.125, 5.75, 2.25], "texture": "#0"},
				"down": {"uv": [7.625, 4.25, 5.75, 6.125], "texture": "#0"}
			}
		},
		{
			"from": [3.9073, 0.95962, 7.72285],
			"to": [5.9073, 2.95962, 9.72285],
			"rotation": {"angle": -22.5, "axis": "z", "origin": [8.11185, 5.35654, 8.72285]},
			"faces": {
				"north": {"uv": [6.25, 7.25, 6.75, 7.75], "texture": "#0"},
				"east": {"uv": [7.25, 6.25, 7.75, 6.75], "texture": "#0"},
				"south": {"uv": [6.75, 7.25, 7.25, 7.75], "texture": "#0"},
				"west": {"uv": [7.25, 6.75, 7.75, 7.25], "texture": "#0"},
				"up": {"uv": [7.75, 7.75, 7.25, 7.25], "texture": "#0"},
				"down": {"uv": [0.5, 7.5, 0, 8], "texture": "#0"}
			}
		},
		{
			"from": [10.35302, 1.04801, 7.72285],
			"to": [12.35302, 3.04801, 9.72285],
			"rotation": {"angle": 22.5, "axis": "z", "origin": [8.11185, 5.35654, 8.72285]},
			"faces": {
				"north": {"uv": [0.5, 7.5, 1, 8], "texture": "#0"},
				"east": {"uv": [1, 7.5, 1.5, 8], "texture": "#0"},
				"south": {"uv": [1.5, 7.5, 2, 8], "texture": "#0"},
				"west": {"uv": [2, 7.5, 2.5, 8], "texture": "#0"},
				"up": {"uv": [3, 8, 2.5, 7.5], "texture": "#0"},
				"down": {"uv": [3.5, 7.5, 3, 8], "texture": "#0"}
			}
		},
		{
			"from": [12.35302, 1.04801, 7.72285],
			"to": [14.35302, 4.54801, 9.72285],
			"rotation": {"angle": 22.5, "axis": "z", "origin": [8.11185, 5.35654, 8.72285]},
			"faces": {
				"north": {"uv": [5.75, 6.25, 6.25, 7.125], "texture": "#0"},
				"east": {"uv": [6.25, 6.25, 6.75, 7.125], "texture": "#0"},
				"south": {"uv": [3.75, 6.75, 4.25, 7.625], "texture": "#0"},
				"west": {"uv": [4.25, 6.75, 4.75, 7.625], "texture": "#0"},
				"up": {"uv": [8.25, 0.5, 7.75, 0], "texture": "#0"},
				"down": {"uv": [8.25, 0.5, 7.75, 1], "texture": "#0"}
			}
		},
		{
			"from": [14.35302, 4.54801, 7.72285],
			"to": [14.35302, 5.54801, 9.72285],
			"rotation": {"angle": 22.5, "axis": "z", "origin": [8.11185, 5.35654, 8.72285]},
			"faces": {
				"north": {"uv": [0, 0, 0, 0.25], "texture": "#0"},
				"east": {"uv": [7.75, 2, 8.25, 2.25], "texture": "#0"},
				"south": {"uv": [0, 0, 0, 0.25], "texture": "#0"},
				"west": {"uv": [7.75, 2.25, 8.25, 2.5], "texture": "#0"},
				"up": {"uv": [0, 0.5, 0, 0], "texture": "#0"},
				"down": {"uv": [0, 0, 0, 0.5], "texture": "#0"}
			}
		},
		{
			"from": [12.35302, 4.54801, 7.72285],
			"to": [14.35302, 5.54801, 7.72285],
			"rotation": {"angle": 22.5, "axis": "z", "origin": [8.11185, 5.35654, 8.72285]},
			"faces": {
				"north": {"uv": [7.75, 2.5, 8.25, 2.75], "texture": "#0"},
				"east": {"uv": [0, 0, 0, 0.25], "texture": "#0"},
				"south": {"uv": [7.75, 2.75, 8.25, 3], "texture": "#0"},
				"west": {"uv": [0, 0, 0, 0.25], "texture": "#0"},
				"up": {"uv": [0.5, 0, 0, 0], "texture": "#0"},
				"down": {"uv": [0.5, 0, 0, 0], "texture": "#0"}
			}
		},
		{
			"from": [12.35302, 4.54801, 9.72285],
			"to": [14.35302, 5.54801, 9.72285],
			"rotation": {"angle": 22.5, "axis": "z", "origin": [8.11185, 5.35654, 8.72285]},
			"faces": {
				"north": {"uv": [7.75, 3, 8.25, 3.25], "texture": "#0"},
				"east": {"uv": [0, 0, 0, 0.25], "texture": "#0"},
				"south": {"uv": [7.75, 3.25, 8.25, 3.5], "texture": "#0"},
				"west": {"uv": [0, 0, 0, 0.25], "texture": "#0"},
				"up": {"uv": [0.5, 0, 0, 0], "texture": "#0"},
				"down": {"uv": [0.5, 0, 0, 0], "texture": "#0"}
			}
		},
		{
			"from": [1.9073, 0.95962, 7.72285],
			"to": [3.9073, 4.45962, 9.72285],
			"rotation": {"angle": -22.5, "axis": "z", "origin": [8.11185, 5.35654, 8.72285]},
			"faces": {
				"north": {"uv": [4.75, 6.75, 5.25, 7.625], "texture": "#0"},
				"east": {"uv": [5.25, 6.75, 5.75, 7.625], "texture": "#0"},
				"south": {"uv": [6.75, 6.25, 7.25, 7.125], "texture": "#0"},
				"west": {"uv": [5.75, 7.25, 6.25, 8.125], "texture": "#0"},
				"up": {"uv": [8.25, 1.5, 7.75, 1], "texture": "#0"},
				"down": {"uv": [8.25, 1.5, 7.75, 2], "texture": "#0"}
			}
		},
		{
			"from": [1.9073, 4.45962, 7.72285],
			"to": [1.9073, 5.45962, 9.72285],
			"rotation": {"angle": -22.5, "axis": "z", "origin": [8.11185, 5.35654, 8.72285]},
			"faces": {
				"north": {"uv": [0, 0, 0, 0.25], "texture": "#0"},
				"east": {"uv": [3.5, 7.75, 4, 8], "texture": "#0"},
				"south": {"uv": [0, 0, 0, 0.25], "texture": "#0"},
				"west": {"uv": [7.75, 3.5, 8.25, 3.75], "texture": "#0"},
				"up": {"uv": [0, 0.5, 0, 0], "texture": "#0"},
				"down": {"uv": [0, 0, 0, 0.5], "texture": "#0"}
			}
		},
		{
			"from": [1.9073, 4.45962, 9.72285],
			"to": [3.9073, 5.45962, 9.72285],
			"rotation": {"angle": -22.5, "axis": "z", "origin": [8.11185, 5.35654, 8.72285]},
			"faces": {
				"north": {"uv": [7.75, 3.75, 8.25, 4], "texture": "#0"},
				"east": {"uv": [0, 0, 0, 0.25], "texture": "#0"},
				"south": {"uv": [4, 7.75, 4.5, 8], "texture": "#0"},
				"west": {"uv": [0, 0, 0, 0.25], "texture": "#0"},
				"up": {"uv": [0.5, 0, 0, 0], "texture": "#0"},
				"down": {"uv": [0.5, 0, 0, 0], "texture": "#0"}
			}
		},
		{
			"from": [1.9073, 4.45962, 7.72285],
			"to": [3.9073, 5.45962, 7.72285],
			"rotation": {"angle": -22.5, "axis": "z", "origin": [8.11185, 5.35654, 8.72285]},
			"faces": {
				"north": {"uv": [7.75, 4, 8.25, 4.25], "texture": "#0"},
				"east": {"uv": [0, 0, 0, 0.25], "texture": "#0"},
				"south": {"uv": [7.75, 4.25, 8.25, 4.5], "texture": "#0"},
				"west": {"uv": [0, 0, 0, 0.25], "texture": "#0"},
				"up": {"uv": [0.5, 0, 0, 0], "texture": "#0"},
				"down": {"uv": [0.5, 0, 0, 0], "texture": "#0"}
			}
		}
	],
	"display": {
		"thirdperson_righthand": {
			"rotation": [70, 0, 0],
			"scale": [0.5, 0.5, 0.5]
		},
		"thirdperson_lefthand": {
			"rotation": [70, 0, 0],
			"scale": [0.5, 0.5, 0.5]
		},
		"firstperson_righthand": {
			"translation": [0, 3, 0],
			"scale": [0.5, 0.5, 0.5]
		},
		"firstperson_lefthand": {
			"translation": [0, 3, 0],
			"scale": [0.5, 0.5, 0.5]
		},
		"ground": {
			"translation": [0, 6, 0]
		},
		"gui": {
			"rotation": [-160, 35, -180],
			"translation": [0, 2.75, 0],
			"scale": [0.8, 0.8, 0.8]
		},
		"head": {
			"translation": [-0.5, 17.5, -1],
			"scale": [1.9, 1.9, 1.9]
		},
		"fixed": {
			"translation": [0, 4, 0]
		}
	},
	"groups": [
		{
			"name": "orangehat",
			"origin": [8.1, 1.02, 8.6],
			"color": 0,
			"children": [
				0,
				1,
				{
					"name": "horns",
					"origin": [2.87137, 0.03863, 8.72285],
					"color": 0,
					"children": [2, 3, 4, 5, 6, 7, 8, 9, 10, 11]
				}
			]
		}
	]
}