{
	"credit": "Made with Blockbench",
	"texture_size": [64, 64],
	"textures": {
		"0": "cosmetics/hats/planetshat"
	},
	"elements": [
		{
			"from": [13.1, 1.5, 2.85],
			"to": [15.1, 1.5, 12.85],
			"rotation": {"angle": 0, "axis": "y", "origin": [0.1, -2, -0.15]},
			"faces": {
				"north": {"uv": [0, 0, 0.5, 0], "texture": "#0"},
				"east": {"uv": [0, 0, 2.5, 0], "texture": "#0"},
				"south": {"uv": [0, 0, 0.5, 0], "texture": "#0"},
				"west": {"uv": [0, 0, 2.5, 0], "texture": "#0"},
				"up": {"uv": [5.75, 6.5, 5.25, 4], "texture": "#0"},
				"down": {"uv": [6.25, 4, 5.75, 6.5], "texture": "#0"}
			}
		},
		{
			"from": [1.1, 1.5, 2.85],
			"to": [3.1, 1.5, 12.85],
			"rotation": {"angle": 0, "axis": "y", "origin": [0.1, -2, -0.15]},
			"faces": {
				"north": {"uv": [0, 0, 0.5, 0], "texture": "#0"},
				"east": {"uv": [0, 0, 2.5, 0], "texture": "#0"},
				"south": {"uv": [0, 0, 0.5, 0], "texture": "#0"},
				"west": {"uv": [0, 0, 2.5, 0], "texture": "#0"},
				"up": {"uv": [3.75, 8.5, 3.25, 6], "texture": "#0"},
				"down": {"uv": [4.25, 6, 3.75, 8.5], "texture": "#0"}
			}
		},
		{
			"from": [1.6, 2.75, 8.1],
			"to": [3.1, 4.25, 9.6],
			"rotation": {"angle": 22.5, "axis": "x", "origin": [3.1, 4, 8.35]},
			"faces": {
				"north": {"uv": [5.75, 6.5, 6.125, 6.875], "texture": "#0"},
				"east": {"uv": [5.75, 7, 6.125, 7.375], "texture": "#0"},
				"south": {"uv": [6.25, 7, 6.625, 7.375], "texture": "#0"},
				"west": {"uv": [7, 6.25, 7.375, 6.625], "texture": "#0"},
				"up": {"uv": [7.125, 7.375, 6.75, 7], "texture": "#0"},
				"down": {"uv": [0.375, 7.25, 0, 7.625], "texture": "#0"}
			}
		},
		{
			"from": [1.1, 3.5, 7.6],
			"to": [3.6, 3.5, 10.1],
			"rotation": {"angle": 22.5, "axis": "x", "origin": [3.1, 4, 8.35]},
			"faces": {
				"north": {"uv": [0, 0, 0.625, 0], "texture": "#0"},
				"east": {"uv": [0, 0, 0.625, 0], "texture": "#0"},
				"south": {"uv": [0, 0, 0.625, 0], "texture": "#0"},
				"west": {"uv": [0, 0, 0.625, 0], "texture": "#0"},
				"up": {"uv": [4.875, 6.625, 4.25, 6], "texture": "#0"},
				"down": {"uv": [6.875, 4, 6.25, 4.625], "texture": "#0"}
			}
		},
		{
			"from": [3.1, 4.75, 13.1],
			"to": [4.6, 6.25, 14.6],
			"rotation": {"angle": 22.5, "axis": "x", "origin": [3.1, 4, 8.35]},
			"faces": {
				"north": {"uv": [7.25, 0, 7.625, 0.375], "texture": "#0"},
				"east": {"uv": [0.5, 7.25, 0.875, 7.625], "texture": "#0"},
				"south": {"uv": [7.25, 0.5, 7.625, 0.875], "texture": "#0"},
				"west": {"uv": [1, 7.25, 1.375, 7.625], "texture": "#0"},
				"up": {"uv": [7.625, 1.375, 7.25, 1], "texture": "#0"},
				"down": {"uv": [1.875, 7.25, 1.5, 7.625], "texture": "#0"}
			}
		},
		{
			"from": [2.6, 5.5, 12.6],
			"to": [5.1, 5.5, 15.1],
			"rotation": {"angle": 22.5, "axis": "x", "origin": [3.1, 4, 8.35]},
			"faces": {
				"north": {"uv": [0, 0, 0.625, 0], "texture": "#0"},
				"east": {"uv": [0, 0, 0.625, 0], "texture": "#0"},
				"south": {"uv": [0, 0, 0.625, 0], "texture": "#0"},
				"west": {"uv": [0, 0, 0.625, 0], "texture": "#0"},
				"up": {"uv": [6.875, 5.375, 6.25, 4.75], "texture": "#0"},
				"down": {"uv": [6.875, 5.5, 6.25, 6.125], "texture": "#0"}
			}
		},
		{
			"from": [13.1, 3.75, 8.1],
			"to": [14.6, 5.25, 9.6],
			"rotation": {"angle": 22.5, "axis": "x", "origin": [3.1, 4, 8.35]},
			"faces": {
				"north": {"uv": [7.25, 1.5, 7.625, 1.875], "texture": "#0"},
				"east": {"uv": [2, 7.25, 2.375, 7.625], "texture": "#0"},
				"south": {"uv": [2.5, 7.25, 2.875, 7.625], "texture": "#0"},
				"west": {"uv": [5, 7.25, 5.375, 7.625], "texture": "#0"},
				"up": {"uv": [7.625, 7.125, 7.25, 6.75], "texture": "#0"},
				"down": {"uv": [7.625, 7.25, 7.25, 7.625], "texture": "#0"}
			}
		},
		{
			"from": [12.6, 4.5, 7.6],
			"to": [15.1, 4.5, 10.1],
			"rotation": {"angle": 22.5, "axis": "x", "origin": [3.1, 4, 8.35]},
			"faces": {
				"north": {"uv": [0, 0, 0.625, 0], "texture": "#0"},
				"east": {"uv": [0, 0, 0.625, 0], "texture": "#0"},
				"south": {"uv": [0, 0, 0.625, 0], "texture": "#0"},
				"west": {"uv": [0, 0, 0.625, 0], "texture": "#0"},
				"up": {"uv": [6.875, 6.875, 6.25, 6.25], "texture": "#0"},
				"down": {"uv": [0.625, 6.5, 0, 7.125], "texture": "#0"}
			}
		},
		{
			"from": [12.85, 0.75, 4.1],
			"to": [14.35, 2.25, 5.6],
			"rotation": {"angle": 22.5, "axis": "x", "origin": [3.1, 4, 8.35]},
			"faces": {
				"north": {"uv": [4.25, 7.5, 4.625, 7.875], "texture": "#0"},
				"east": {"uv": [5.5, 7.5, 5.875, 7.875], "texture": "#0"},
				"south": {"uv": [6, 7.5, 6.375, 7.875], "texture": "#0"},
				"west": {"uv": [7.5, 6.25, 7.875, 6.625], "texture": "#0"},
				"up": {"uv": [6.875, 7.875, 6.5, 7.5], "texture": "#0"},
				"down": {"uv": [0.375, 7.75, 0, 8.125], "texture": "#0"}
			}
		},
		{
			"from": [12.35, 1.5, 3.6],
			"to": [14.85, 1.5, 6.1],
			"rotation": {"angle": 22.5, "axis": "x", "origin": [3.1, 4, 8.35]},
			"faces": {
				"north": {"uv": [0, 0, 0.625, 0], "texture": "#0"},
				"east": {"uv": [0, 0, 0.625, 0], "texture": "#0"},
				"south": {"uv": [0, 0, 0.625, 0], "texture": "#0"},
				"west": {"uv": [0, 0, 0.625, 0], "texture": "#0"},
				"up": {"uv": [1.375, 7.125, 0.75, 6.5], "texture": "#0"},
				"down": {"uv": [2.125, 6.5, 1.5, 7.125], "texture": "#0"}
			}
		},
		{
			"from": [1.1, 1.5, 12.85],
			"to": [15.1, 1.5, 14.85],
			"rotation": {"angle": 0, "axis": "y", "origin": [0.1, -2, -0.15]},
			"faces": {
				"north": {"uv": [0, 0, 3.5, 0], "texture": "#0"},
				"east": {"uv": [0, 0, 0.5, 0], "texture": "#0"},
				"south": {"uv": [0, 0, 3.5, 0], "texture": "#0"},
				"west": {"uv": [0, 0, 0.5, 0], "texture": "#0"},
				"up": {"uv": [8.75, 2.5, 5.25, 2], "texture": "#0"},
				"down": {"uv": [8.75, 2.5, 5.25, 3], "texture": "#0"}
			}
		},
		{
			"from": [3.85, 2.75, 1.6],
			"to": [5.35, 4.25, 3.1],
			"rotation": {"angle": 22.5, "axis": "x", "origin": [7.6, 4, 2.85]},
			"faces": {
				"north": {"uv": [7.75, 0, 8.125, 0.375], "texture": "#0"},
				"east": {"uv": [0.5, 7.75, 0.875, 8.125], "texture": "#0"},
				"south": {"uv": [7.75, 0.5, 8.125, 0.875], "texture": "#0"},
				"west": {"uv": [1, 7.75, 1.375, 8.125], "texture": "#0"},
				"up": {"uv": [8.125, 1.375, 7.75, 1], "texture": "#0"},
				"down": {"uv": [1.875, 7.75, 1.5, 8.125], "texture": "#0"}
			}
		},
		{
			"from": [8.85, 2.5, 1.1],
			"to": [11.35, 2.5, 3.6],
			"rotation": {"angle": 22.5, "axis": "x", "origin": [7.6, 4, 2.85]},
			"faces": {
				"north": {"uv": [0, 0, 0.625, 0], "texture": "#0"},
				"east": {"uv": [0, 0, 0.625, 0], "texture": "#0"},
				"south": {"uv": [0, 0, 0.625, 0], "texture": "#0"},
				"west": {"uv": [0, 0, 0.625, 0], "texture": "#0"},
				"up": {"uv": [2.875, 7.125, 2.25, 6.5], "texture": "#0"},
				"down": {"uv": [5.625, 6.5, 5, 7.125], "texture": "#0"}
			}
		},
		{
			"from": [9.35, 1.75, 1.6],
			"to": [10.85, 3.25, 3.1],
			"rotation": {"angle": 22.5, "axis": "x", "origin": [7.6, 4, 2.85]},
			"faces": {
				"north": {"uv": [7.75, 1.5, 8.125, 1.875], "texture": "#0"},
				"east": {"uv": [2, 7.75, 2.375, 8.125], "texture": "#0"},
				"south": {"uv": [2.5, 7.75, 2.875, 8.125], "texture": "#0"},
				"west": {"uv": [7.75, 4, 8.125, 4.375], "texture": "#0"},
				"up": {"uv": [8.125, 4.875, 7.75, 4.5], "texture": "#0"},
				"down": {"uv": [5.125, 7.75, 4.75, 8.125], "texture": "#0"}
			}
		},
		{
			"from": [3.35, 3.5, 1.1],
			"to": [5.85, 3.5, 3.6],
			"rotation": {"angle": 22.5, "axis": "x", "origin": [7.6, 4, 2.85]},
			"faces": {
				"north": {"uv": [0, 0, 0.625, 0], "texture": "#0"},
				"east": {"uv": [0, 0, 0.625, 0], "texture": "#0"},
				"south": {"uv": [0, 0, 0.625, 0], "texture": "#0"},
				"west": {"uv": [0, 0, 0.625, 0], "texture": "#0"},
				"up": {"uv": [4.875, 7.375, 4.25, 6.75], "texture": "#0"},
				"down": {"uv": [7.625, 4, 7, 4.625], "texture": "#0"}
			}
		},
		{
			"from": [9.85, 7.75, 12.85],
			"to": [11.35, 9.25, 14.35],
			"rotation": {"angle": 22.5, "axis": "x", "origin": [7.6, 4, 2.85]},
			"faces": {
				"north": {"uv": [7.75, 5, 8.125, 5.375], "texture": "#0"},
				"east": {"uv": [7.75, 5.5, 8.125, 5.875], "texture": "#0"},
				"south": {"uv": [7.75, 6.75, 8.125, 7.125], "texture": "#0"},
				"west": {"uv": [7, 7.75, 7.375, 8.125], "texture": "#0"},
				"up": {"uv": [8.125, 7.625, 7.75, 7.25], "texture": "#0"},
				"down": {"uv": [7.875, 7.75, 7.5, 8.125], "texture": "#0"}
			}
		},
		{
			"from": [9.35, 8.5, 12.35],
			"to": [11.85, 8.5, 14.85],
			"rotation": {"angle": 22.5, "axis": "x", "origin": [7.6, 4, 2.85]},
			"faces": {
				"north": {"uv": [0, 0, 0.625, 0], "texture": "#0"},
				"east": {"uv": [0, 0, 0.625, 0], "texture": "#0"},
				"south": {"uv": [0, 0, 0.625, 0], "texture": "#0"},
				"west": {"uv": [0, 0, 0.625, 0], "texture": "#0"},
				"up": {"uv": [7.625, 5.375, 7, 4.75], "texture": "#0"},
				"down": {"uv": [7.625, 5.5, 7, 6.125], "texture": "#0"}
			}
		},
		{
			"from": [1.1, 1.5, 0.85],
			"to": [15.1, 1.5, 2.85],
			"rotation": {"angle": 0, "axis": "y", "origin": [0.1, -2, -0.15]},
			"faces": {
				"north": {"uv": [0, 0, 3.5, 0], "texture": "#0"},
				"east": {"uv": [0, 0, 0.5, 0], "texture": "#0"},
				"south": {"uv": [0, 0, 3.5, 0], "texture": "#0"},
				"west": {"uv": [0, 0, 0.5, 0], "texture": "#0"},
				"up": {"uv": [8.75, 3.5, 5.25, 3], "texture": "#0"},
				"down": {"uv": [8.75, 3.5, 5.25, 4], "texture": "#0"}
			}
		},
		{
			"from": [4.1, 0.3, 3.9],
			"to": [12, 4.3, 11.8],
			"rotation": {"angle": 0, "axis": "y", "origin": [7.95, 1.05, 7.6]},
			"faces": {
				"north": {"uv": [3.25, 4, 5.25, 5], "texture": "#0"},
				"east": {"uv": [3.25, 5, 5.25, 6], "texture": "#0"},
				"south": {"uv": [5.25, 0, 7.25, 1], "texture": "#0"},
				"west": {"uv": [5.25, 1, 7.25, 2], "texture": "#0"},
				"up": {"uv": [5.25, 2, 3.25, 0], "texture": "#0"},
				"down": {"uv": [5.25, 2, 3.25, 4], "texture": "#0"}
			}
		},
		{
			"from": [1.5, 0.3, 1.3],
			"to": [14.6, 0.3, 14.4],
			"rotation": {"angle": 0, "axis": "y", "origin": [7.95, 1.05, 7.6]},
			"faces": {
				"north": {"uv": [0, 0, 3.25, 0], "texture": "#0"},
				"east": {"uv": [0, 0, 3.25, 0], "texture": "#0"},
				"south": {"uv": [0, 0, 3.25, 0], "texture": "#0"},
				"west": {"uv": [0, 0, 3.25, 0], "texture": "#0"},
				"up": {"uv": [3.25, 3.25, 0, 0], "texture": "#0"},
				"down": {"uv": [3.25, 3.25, 0, 6.5], "texture": "#0"}
			}
		}
	],
	"display": {
		"thirdperson_righthand": {
			"rotation": [70, 0, 0],
			"translation": [0, 0.5, 2],
			"scale": [0.5, 0.5, 0.5]
		},
		"thirdperson_lefthand": {
			"rotation": [70, 0, 0],
			"translation": [0, 0.5, 2],
			"scale": [0.5, 0.5, 0.5]
		},
		"firstperson_righthand": {
			"translation": [0, 3, 0],
			"scale": [0.5, 0.5, 0.5]
		},
		"firstperson_lefthand": {
			"translation": [0, 3, 0],
			"scale": [0.5, 0.5, 0.5]
		},
		"ground": {
			"translation": [0, 6, 0]
		},
		"gui": {
			"rotation": [25, 45, 0],
			"translation": [0, 3, 0],
			"scale": [0.8, 0.8, 0.8]
		},
		"head": {
			"translation": [-0.25, 17.5, 0.25],
			"scale": [1.9, 1.9, 1.9]
		},
		"fixed": {
			"translation": [0, 5.5, 0]
		}
	},
	"groups": [
		{
			"name": "planetshat",
			"origin": [8.1, 3.29558, 8.01779],
			"color": 0,
			"children": [0, 1, 2, 3, 4, 5, 6, 7, 8, 9, 10, 11, 12, 13, 14, 15, 16, 17, 18, 19]
		}
	]
}