{
	"credit": "Made with Blockbench",
	"texture_size": [32, 32],
	"textures": {
		"0": "cosmetics/hats/propellercap"
	},
	"elements": [
		{
			"from": [4.37137, 3.13863, 5.97285],
			"to": [11.87137, 3.13863, 13.47285],
			"rotation": {"angle": 0, "axis": "y", "origin": [8.31, -2.86137, 9.80722]},
			"faces": {
				"north": {"uv": [0, 0, 3.75, 0], "texture": "#0"},
				"east": {"uv": [0, 0, 3.75, 0], "texture": "#0"},
				"south": {"uv": [0, 0, 3.75, 0], "texture": "#0"},
				"west": {"uv": [0, 0, 3.75, 0], "texture": "#0"},
				"up": {"uv": [3.75, 3.75, 0, 0], "texture": "#0"},
				"down": {"uv": [3.75, 4, 0, 7.75], "texture": "#0"}
			}
		},
		{
			"from": [8.12137, 3.13863, 9.47285],
			"to": [8.12137, 5.13863, 10.47285],
			"rotation": {"angle": 0, "axis": "y", "origin": [8.31, -2.86137, 9.80722]},
			"faces": {
				"north": {"uv": [0, 0, 0, 1], "texture": "#0"},
				"east": {"uv": [8, 8, 8.5, 9], "texture": "#0"},
				"south": {"uv": [0, 0, 0, 1], "texture": "#0"},
				"west": {"uv": [8.5, 8, 9, 9], "texture": "#0"},
				"up": {"uv": [0, 0.5, 0, 0], "texture": "#0"},
				"down": {"uv": [0, 0, 0, 0.5], "texture": "#0"}
			}
		},
		{
			"from": [5.62137, 4.13863, 9.22285],
			"to": [10.62137, 4.13863, 10.22285],
			"rotation": {"angle": -45, "axis": "y", "origin": [8.12137, 4.13863, 9.72285]},
			"faces": {
				"north": {"uv": [0, 0, 2.5, 0], "texture": "#0"},
				"east": {"uv": [0, 0, 0.5, 0], "texture": "#0"},
				"south": {"uv": [0, 0, 2.5, 0], "texture": "#0"},
				"west": {"uv": [0, 0, 0.5, 0], "texture": "#0"},
				"up": {"uv": [10.5, 7.5, 8, 7], "texture": "#0"},
				"down": {"uv": [10.5, 7.5, 8, 8], "texture": "#0"}
			}
		},
		{
			"from": [4.37137, 0.13863, 5.97285],
			"to": [11.87137, 3.13863, 5.97285],
			"rotation": {"angle": 0, "axis": "y", "origin": [8.31, -2.86137, 9.80722]},
			"faces": {
				"north": {"uv": [4, 5, 7.75, 6.5], "texture": "#0"},
				"east": {"uv": [0, 0, 0, 1.5], "texture": "#0"},
				"south": {"uv": [4, 6.5, 7.75, 8], "texture": "#0"},
				"west": {"uv": [0, 0, 0, 1.5], "texture": "#0"},
				"up": {"uv": [3.75, 0, 0, 0], "texture": "#0"},
				"down": {"uv": [3.75, 0, 0, 0], "texture": "#0"}
			}
		},
		{
			"from": [4.37137, 0.13863, 0.97285],
			"to": [11.87137, 0.13863, 5.97285],
			"rotation": {"angle": 0, "axis": "y", "origin": [8.31, -2.86137, 9.80722]},
			"faces": {
				"north": {"uv": [0, 0, 3.75, 0], "texture": "#0"},
				"east": {"uv": [0, 0, 2.5, 0], "texture": "#0"},
				"south": {"uv": [0, 0, 3.75, 0], "texture": "#0"},
				"west": {"uv": [0, 0, 2.5, 0], "texture": "#0"},
				"up": {"uv": [7.75, 2.5, 4, 0], "texture": "#0"},
				"down": {"uv": [7.75, 2.5, 4, 5], "texture": "#0"}
			}
		},
		{
			"from": [4.37137, 0.13863, 5.97285],
			"to": [4.37137, 3.13863, 13.47285],
			"rotation": {"angle": 0, "axis": "y", "origin": [8.31, -2.86137, 9.80722]},
			"faces": {
				"north": {"uv": [0, 0, 0, 1.5], "texture": "#0"},
				"east": {"uv": [0, 8, 3.75, 9.5], "texture": "#0"},
				"south": {"uv": [0, 0, 0, 1.5], "texture": "#0"},
				"west": {"uv": [8, 0, 11.75, 1.5], "texture": "#0"},
				"up": {"uv": [0, 3.75, 0, 0], "texture": "#0"},
				"down": {"uv": [0, 0, 0, 3.75], "texture": "#0"}
			}
		},
		{
			"from": [11.87137, 0.13863, 5.97285],
			"to": [11.87137, 3.13863, 13.47285],
			"rotation": {"angle": 0, "axis": "y", "origin": [8.31, -2.86137, 9.80722]},
			"faces": {
				"north": {"uv": [0, 0, 0, 1.5], "texture": "#0"},
				"east": {"uv": [8, 1.5, 11.75, 3], "texture": "#0"},
				"south": {"uv": [0, 0, 0, 1.5], "texture": "#0"},
				"west": {"uv": [8, 3, 11.75, 4.5], "texture": "#0"},
				"up": {"uv": [0, 3.75, 0, 0], "texture": "#0"},
				"down": {"uv": [0, 0, 0, 3.75], "texture": "#0"}
			}
		},
		{
			"from": [4.37137, 0.13863, 13.47285],
			"to": [11.87137, 3.13863, 13.47285],
			"rotation": {"angle": 0, "axis": "y", "origin": [8.31, -2.86137, 9.80722]},
			"faces": {
				"north": {"uv": [4, 8, 7.75, 9.5], "texture": "#0"},
				"east": {"uv": [0, 0, 0, 1.5], "texture": "#0"},
				"south": {"uv": [8, 4.5, 11.75, 6], "texture": "#0"},
				"west": {"uv": [0, 0, 0, 1.5], "texture": "#0"},
				"up": {"uv": [3.75, 0, 0, 0], "texture": "#0"},
				"down": {"uv": [3.75, 0, 0, 0], "texture": "#0"}
			}
		}
	],
	"display": {
		"thirdperson_righthand": {
			"rotation": [70, 0, 0],
			"translation": [0, 3, 4],
			"scale": [0.7, 0.7, 0.7]
		},
		"thirdperson_lefthand": {
			"rotation": [70, 0, 0],
			"translation": [0, 3, 4],
			"scale": [0.7, 0.7, 0.7]
		},
		"firstperson_righthand": {
			"translation": [0, 5.5, 0]
		},
		"firstperson_lefthand": {
			"translation": [0, 5.5, 0]
		},
		"ground": {
			"translation": [0, 5, 0]
		},
		"gui": {
			"rotation": [-160, 45, -180],
			"translation": [0, 5, 0]
		},
		"head": {
			"translation": [0, 17, -3.25],
			"scale": [1.9, 1.9, 1.9]
		},
		"fixed": {
			"translation": [0, 5, -2]
		}
	},
	"groups": [
		{
			"name": "propellercap",
			"origin": [8.12137, 2.47196, 9.05619],
			"color": 0,
			"children": [0, 1, 2, 3, 4, 5, 6, 7]
		}
	]
}