{
	"credit": "Made with Blockbench",
	"texture_size": [64, 64],
	"textures": {
		"1": "cosmetics/hats/racerhelmet"
	},
	"elements": [
		{
			"from": [3.9, 5.85, 4.3],
			"to": [12.3, 8.25, 12.7],
			"rotation": {"angle": 0, "axis": "y", "origin": [8.1, 4.56, 8.38519]},
			"faces": {
				"north": {"uv": [4.75, 4, 6.875, 4.625], "texture": "#1"},
				"east": {"uv": [5, 4.75, 7.125, 5.375], "texture": "#1"},
				"south": {"uv": [2.5, 5.5, 4.625, 6.125], "texture": "#1"},
				"west": {"uv": [4.75, 5.5, 6.875, 6.125], "texture": "#1"},
				"up": {"uv": [2.125, 2.125, 0, 0], "texture": "#1"},
				"down": {"uv": [2.125, 2.25, 0, 4.375], "texture": "#1"}
			}
		},
		{
			"from": [4.9, 7.75, 10.2],
			"to": [4.9, 12.75, 12.2],
			"rotation": {"angle": 45, "axis": "x", "origin": [8.15, 10.75, 9.45]},
			"faces": {
				"north": {"uv": [0, 0, 0, 1.25], "texture": "#1"},
				"east": {"uv": [1.25, 7.25, 1.75, 8.5], "texture": "#1"},
				"south": {"uv": [0, 0, 0, 1.25], "texture": "#1"},
				"west": {"uv": [1.75, 7.25, 2.25, 8.5], "texture": "#1"},
				"up": {"uv": [0, 0.5, 0, 0], "texture": "#1"},
				"down": {"uv": [0, 0, 0, 0.5], "texture": "#1"}
			}
		},
		{
			"from": [11.4, 7.75, 10.2],
			"to": [11.4, 12.75, 12.2],
			"rotation": {"angle": 45, "axis": "x", "origin": [8.15, 10.75, 9.45]},
			"faces": {
				"north": {"uv": [0, 0, 0, 1.25], "texture": "#1"},
				"east": {"uv": [2.25, 7.25, 2.75, 8.5], "texture": "#1"},
				"south": {"uv": [0, 0, 0, 1.25], "texture": "#1"},
				"west": {"uv": [2.75, 7.25, 3.25, 8.5], "texture": "#1"},
				"up": {"uv": [0, 0.5, 0, 0], "texture": "#1"},
				"down": {"uv": [0, 0, 0, 0.5], "texture": "#1"}
			}
		},
		{
			"from": [3.9, 0.45, 6.3],
			"to": [12.3, 2.6, 12.7],
			"rotation": {"angle": 0, "axis": "y", "origin": [8.1, 4.56, 8.38519]},
			"faces": {
				"north": {"uv": [5, 6.25, 7.125, 6.75], "texture": "#1"},
				"east": {"uv": [7, 2.75, 8.625, 3.25], "texture": "#1"},
				"south": {"uv": [5, 6.75, 7.125, 7.25], "texture": "#1"},
				"west": {"uv": [7, 4, 8.625, 4.5], "texture": "#1"},
				"up": {"uv": [4.375, 1.625, 2.25, 0], "texture": "#1"},
				"down": {"uv": [4.375, 1.75, 2.25, 3.375], "texture": "#1"}
			}
		},
		{
			"from": [3.4, 2.6, 8.3],
			"to": [12.9, 5.85, 13.2],
			"rotation": {"angle": 0, "axis": "y", "origin": [8.1, 4.56, 8.38519]},
			"faces": {
				"north": {"uv": [4.5, 1.25, 6.875, 2.125], "texture": "#1"},
				"east": {"uv": [2.5, 6.25, 3.75, 7.125], "texture": "#1"},
				"south": {"uv": [4.5, 2.25, 6.875, 3.125], "texture": "#1"},
				"west": {"uv": [3.75, 6.25, 5, 7.125], "texture": "#1"},
				"up": {"uv": [4.625, 4.75, 2.25, 3.5], "texture": "#1"},
				"down": {"uv": [6.875, 0, 4.5, 1.25], "texture": "#1"}
			}
		},
		{
			"from": [3.9, 0.45, 4.3],
			"to": [12.3, 2.6, 6.3],
			"rotation": {"angle": 0, "axis": "y", "origin": [8.1, 4.56, 8.38519]},
			"faces": {
				"north": {"uv": [7, 0, 9.125, 0.5], "texture": "#1"},
				"east": {"uv": [7, 5.5, 7.5, 6], "texture": "#1"},
				"south": {"uv": [7, 0.5, 9.125, 1], "texture": "#1"},
				"west": {"uv": [3.25, 7.25, 3.75, 7.75], "texture": "#1"},
				"up": {"uv": [9.125, 1.5, 7, 1], "texture": "#1"},
				"down": {"uv": [9.125, 1.5, 7, 2], "texture": "#1"}
			}
		},
		{
			"from": [5.95, 5.8, 3.7],
			"to": [10.25, 8.85, 13.3],
			"rotation": {"angle": 0, "axis": "y", "origin": [8.1, 4.56, 8.38519]},
			"faces": {
				"north": {"uv": [0, 7, 1.125, 7.75], "texture": "#1"},
				"east": {"uv": [2.5, 4.75, 4.875, 5.5], "texture": "#1"},
				"south": {"uv": [7, 2, 8.125, 2.75], "texture": "#1"},
				"west": {"uv": [4.75, 3.25, 7.125, 4], "texture": "#1"},
				"up": {"uv": [1.125, 6.875, 0, 4.5], "texture": "#1"},
				"down": {"uv": [2.375, 4.75, 1.25, 7.125], "texture": "#1"}
			}
		}
	],
	"display": {
		"thirdperson_righthand": {
			"rotation": [70, 0, 0],
			"scale": [0.5, 0.5, 0.5]
		},
		"thirdperson_lefthand": {
			"rotation": [70, 0, 0],
			"scale": [0.5, 0.5, 0.5]
		},
		"ground": {
			"translation": [0, 6, 0]
		},
		"gui": {
			"rotation": [-160, 35, -180],
			"translation": [0, 2.5, 0]
		},
		"head": {
			"translation": [-0.25, 6.75, -1],
			"scale": [1.9, 1.9, 1.9]
		},
		"fixed": {
			"translation": [0, 3, 0]
		}
	},
	"groups": [
		{
			"name": "racerhelmet",
			"origin": [8.1, -0.15, 5.5],
			"color": 0,
			"children": [0, 1, 2, 3, 4, 5, 6]
		}
	]
}