{
	"credit": "144081 / 6590YYAZY7W260ZPA",
	"texture_size": [64, 64],
	"textures": {
		"0": "cosmetics/hats/raining_cloud_hat_texture",
		"particle": "springhats/raining_cloud_hat_texture"
	},
	"elements": [
		{
			"from": [3, 0, 5],
			"to": [13, 6, 12],
			"faces": {
				"north": {"uv": [1.75, 1.75, 4.25, 3.25], "texture": "#0"},
				"east": {"uv": [0, 1.75, 1.75, 3.25], "texture": "#0"},
				"south": {"uv": [6, 1.75, 8.5, 3.25], "texture": "#0"},
				"west": {"uv": [4.25, 1.75, 6, 3.25], "texture": "#0"},
				"up": {"uv": [4.25, 1.75, 1.75, 0], "texture": "#0"},
				"down": {"uv": [6.75, 0, 4.25, 1.75], "texture": "#0"}
			}
		},
		{
			"name": "face",
			"from": [3, 0, 4.975],
			"to": [13, 6, 4.975],
			"faces": {
				"north": {"uv": [0, 4.75, 2.5, 6.25], "texture": "#0"},
				"east": {"uv": [0, 4.75, 0, 6.25], "texture": "#0"},
				"south": {"uv": [2.5, 4.75, 5, 6.25], "texture": "#0"},
				"west": {"uv": [2.5, 4.75, 2.5, 6.25], "texture": "#0"},
				"up": {"uv": [2.5, 4.75, 0, 4.75], "texture": "#0"},
				"down": {"uv": [5, 4.75, 2.5, 4.75], "texture": "#0"}
			}
		},
		{
			"from": [0, -6, 8.5],
			"to": [16, 0, 8.5],
			"faces": {
				"north": {"uv": [0, 3.25, 4, 4.75], "texture": "#0"},
				"east": {"uv": [0, 3.25, 0, 4.75], "texture": "#0"},
				"south": {"uv": [4, 3.25, 8, 4.75], "texture": "#0"},
				"west": {"uv": [4, 3.25, 4, 4.75], "texture": "#0"},
				"up": {"uv": [4, 3.25, 0, 3.25], "texture": "#0"},
				"down": {"uv": [8, 3.25, 4, 3.25], "texture": "#0"}
			}
		},
		{
			"from": [13, 0, 7],
			"to": [16, 4, 11],
			"faces": {
				"north": {"uv": [1, 7.25, 1.75, 8.25], "texture": "#0"},
				"east": {"uv": [0, 7.25, 1, 8.25], "texture": "#0"},
				"south": {"uv": [2.75, 7.25, 3.5, 8.25], "texture": "#0"},
				"west": {"uv": [1.75, 7.25, 2.75, 8.25], "texture": "#0"},
				"up": {"uv": [1.75, 7.25, 1, 6.25], "texture": "#0"},
				"down": {"uv": [2.5, 6.25, 1.75, 7.25], "texture": "#0"}
			}
		},
		{
			"from": [0, 0, 6],
			"to": [3, 4, 10],
			"faces": {
				"north": {"uv": [6, 5.75, 6.75, 6.75], "texture": "#0"},
				"east": {"uv": [5, 5.75, 6, 6.75], "texture": "#0"},
				"south": {"uv": [7.75, 5.75, 8.5, 6.75], "texture": "#0"},
				"west": {"uv": [6.75, 5.75, 7.75, 6.75], "texture": "#0"},
				"up": {"uv": [6.75, 5.75, 6, 4.75], "texture": "#0"},
				"down": {"uv": [7.5, 4.75, 6.75, 5.75], "texture": "#0"}
			}
		}
	],
	"display": {
		"thirdperson_righthand": {
			"translation": [0, 3.25, -1]
		},
		"thirdperson_lefthand": {
			"translation": [0, 3.25, -1]
		},
		"firstperson_righthand": {
			"rotation": [12.5, 0, 0],
			"translation": [2.25, 3.75, 0]
		},
		"firstperson_lefthand": {
			"rotation": [12.5, 0, 0],
			"translation": [2.25, 3.75, 0]
		},
		"ground": {
			"translation": [0, 3, 0],
			"scale": [0.5, 0.5, 0.5]
		},
		"gui": {
			"rotation": [15, -180, 0],
			"translation": [0, 7, 0]
		},
		"head": {
			"translation": [0, 28.75, -0.75],
			"scale": [1.6, 1.6, 1.6]
		},
		"fixed": {
			"rotation": [-90, 0, 0],
			"translation": [0, 0, -16],
			"scale": [2, 2, 2]
		}
	},
	"groups": [
		{
			"name": "raining_cloud_hat",
			"origin": [0, 0, 0],
			"color": 0,
			"nbt": "{}",
			"children": [0, 1, 2, 3, 4]
		}
	]
}