{
	"credit": "Made with Blockbench",
	"texture_size": [32, 32],
	"textures": {
		"0": "cosmetics/hats/rubber_duck_texture",
		"particle": "custom_hats/rubber_duck_texture"
	},
	"elements": [
		{
			"from": [5.5, 0.6, 4],
			"to": [10.5, 3.6, 11],
			"rotation": {"angle": 0, "axis": "y", "origin": [-0.5, 1.6, -1]},
			"faces": {
				"north": {"uv": [5, 1.5, 7.5, 3], "texture": "#0"},
				"east": {"uv": [4, 3.5, 7.5, 5], "texture": "#0"},
				"south": {"uv": [4, 5, 6.5, 6.5], "texture": "#0"},
				"west": {"uv": [5, 0, 8.5, 1.5], "texture": "#0"},
				"up": {"uv": [2.5, 3.5, 0, 0], "texture": "#0"},
				"down": {"uv": [5, 0, 2.5, 3.5], "texture": "#0"}
			}
		},
		{
			"from": [6.25, 0.1, 4],
			"to": [9.75, 0.6, 10],
			"rotation": {"angle": 0, "axis": "y", "origin": [-0.5, 1.6, -1.5]},
			"faces": {
				"north": {"uv": [5, 3, 7, 3.5], "texture": "#0"},
				"east": {"uv": [7.5, 4.5, 10.5, 5], "texture": "#0"},
				"south": {"uv": [8.5, 1, 10.5, 1.5], "texture": "#0"},
				"west": {"uv": [4.5, 8, 7.5, 8.5], "texture": "#0"},
				"up": {"uv": [2, 6.5, 0, 3.5], "texture": "#0"},
				"down": {"uv": [4, 3.5, 2, 6.5], "texture": "#0"}
			}
		},
		{
			"from": [10.5, 1.1, 4.5],
			"to": [11, 3.6, 9],
			"rotation": {"angle": 0, "axis": "y", "origin": [-0.5, 1.6, -1]},
			"faces": {
				"north": {"uv": [9, 5, 9.5, 6.5], "texture": "#0"},
				"east": {"uv": [0, 6.5, 2.5, 8], "texture": "#0"},
				"south": {"uv": [9, 6.5, 9.5, 8], "texture": "#0"},
				"west": {"uv": [2.5, 6.5, 5, 8], "texture": "#0"},
				"up": {"uv": [5, 11, 4.5, 8.5], "texture": "#0"},
				"down": {"uv": [5.5, 8.5, 5, 11], "texture": "#0"}
			}
		},
		{
			"from": [5, 1.1, 4.5],
			"to": [5.5, 3.6, 9],
			"rotation": {"angle": 0, "axis": "y", "origin": [-0.5, 1.6, -1]},
			"faces": {
				"north": {"uv": [7.5, 9, 8, 10.5], "texture": "#0"},
				"east": {"uv": [5, 6.5, 7.5, 8], "texture": "#0"},
				"south": {"uv": [8, 9, 8.5, 10.5], "texture": "#0"},
				"west": {"uv": [6.5, 5, 9, 6.5], "texture": "#0"},
				"up": {"uv": [6, 11, 5.5, 8.5], "texture": "#0"},
				"down": {"uv": [6.5, 8.5, 6, 11], "texture": "#0"}
			}
		},
		{
			"from": [6.5, 4.15, 3.45],
			"to": [9.5, 7.15, 6.45],
			"rotation": {"angle": 0, "axis": "y", "origin": [8.5, 0.85, 6.75]},
			"faces": {
				"north": {"uv": [3, 13, 5.5, 16], "texture": "#0"},
				"east": {"uv": [6, 13, 9, 16], "texture": "#0"},
				"south": {"uv": [9, 13, 12, 16], "texture": "#0"},
				"west": {"uv": [0, 13, 3, 16], "texture": "#0"},
				"up": {"uv": [15, 13, 12, 10], "texture": "#0"},
				"down": {"uv": [15, 13, 12, 16], "texture": "#0"}
			}
		},
		{
			"from": [7.1, 4.4, 1.95],
			"to": [8.85, 5.15, 3.45],
			"rotation": {"angle": 0, "axis": "y", "origin": [8.6, 0.85, 6.75]},
			"faces": {
				"north": {"uv": [14, 1, 16, 2], "texture": "#0"},
				"east": {"uv": [14, 3, 16, 4], "texture": "#0"},
				"south": {"uv": [14, 2, 16, 3], "texture": "#0"},
				"west": {"uv": [14, 0, 16, 1], "texture": "#0"},
				"up": {"uv": [16, 6, 14, 4], "texture": "#0"},
				"down": {"uv": [16, 6, 14, 8], "texture": "#0"}
			}
		},
		{
			"from": [7, 3.55, 4.2],
			"to": [9, 4.15, 6.2],
			"rotation": {"angle": 0, "axis": "y", "origin": [8.5, 0.85, 6.75]},
			"faces": {
				"north": {"uv": [3, 9.5, 4, 10], "texture": "#0"},
				"east": {"uv": [9.5, 5, 10.5, 5.5], "texture": "#0"},
				"south": {"uv": [9.5, 5.5, 10.5, 6], "texture": "#0"},
				"west": {"uv": [9.5, 6, 10.5, 6.5], "texture": "#0"},
				"up": {"uv": [10, 3.5, 9, 2.5], "texture": "#0"},
				"down": {"uv": [10, 3.5, 9, 4.5], "texture": "#0"}
			}
		},
		{
			"from": [6.4, -0.65, 10.4],
			"to": [9.65, 0.35, 12.15],
			"rotation": {"angle": -45, "axis": "x", "origin": [7.9, 1.35, 6.75]},
			"faces": {
				"north": {"uv": [9, 8, 10.5, 8.5], "texture": "#0"},
				"east": {"uv": [6.5, 9.5, 7.5, 10], "texture": "#0"},
				"south": {"uv": [8.5, 9, 10, 9.5], "texture": "#0"},
				"west": {"uv": [9.5, 6.5, 10.5, 7], "texture": "#0"},
				"up": {"uv": [9, 9, 7.5, 8], "texture": "#0"},
				"down": {"uv": [10, 0, 8.5, 1], "texture": "#0"}
			}
		}
	],
	"display": {
		"thirdperson_righthand": {
			"rotation": [-89.5, 0, 0],
			"translation": [0, -1, -7.75]
		},
		"thirdperson_lefthand": {
			"rotation": [-89.5, 0, 0],
			"translation": [0, -1, -7.75]
		},
		"firstperson_righthand": {
			"rotation": [163.73, 49.71, -165.86],
			"translation": [1, 7.75, 0.75]
		},
		"firstperson_lefthand": {
			"rotation": [163.73, 49.71, -165.86],
			"translation": [1, 7.75, 0.75]
		},
		"ground": {
			"translation": [0, 6.25, 0]
		},
		"gui": {
			"rotation": [12, -154, -10],
			"translation": [-1.75, 7.5, 0],
			"scale": [1.67, 1.67, 1.67]
		},
		"head": {
			"rotation": [0, -14, 0],
			"translation": [0, 15, 0],
			"scale": [1.1, 1.1, 1.1]
		},
		"fixed": {
			"rotation": [-90, 0, 0],
			"translation": [0, 1, -11.5],
			"scale": [1.7, 1.7, 1.7]
		}
	},
	"groups": [
		{
			"name": "duck",
			"origin": [8.5, 1.35, 6.75],
			"color": 0,
			"nbt": "{}",
			"children": [0, 1, 2, 3, 4, 5, 6, 7]
		}
	]
}