{
	"credit": "Made with Blockbench",
	"texture_size": [64, 64],
	"textures": {
		"0": "cosmetics/hats/shark_hat_texture",
		"particle": "custom_hats/shark_hat_texture"
	},
	"elements": [
		{
			"from": [5, 1, 8],
			"to": [7, 9, 9],
			"rotation": {"angle": 0, "axis": "y", "origin": [8, 0, 5]},
			"faces": {
				"north": {"uv": [9, 12.25, 9.5, 14.25], "texture": "#0"},
				"east": {"uv": [8.75, 12.25, 9, 14.25], "texture": "#0"},
				"south": {"uv": [9.75, 12.25, 10.25, 14.25], "texture": "#0"},
				"west": {"uv": [9.5, 12.25, 9.75, 14.25], "texture": "#0"},
				"up": {"uv": [9.5, 12.25, 9, 12], "texture": "#0"},
				"down": {"uv": [10, 12, 9.5, 12.25], "texture": "#0"}
			}
		},
		{
			"from": [4, 2, 8],
			"to": [5, 8, 9],
			"rotation": {"angle": 0, "axis": "y", "origin": [8, 0, 5]},
			"faces": {
				"north": {"uv": [0.25, 7.25, 0.5, 8.75], "texture": "#0"},
				"east": {"uv": [0, 7.25, 0.25, 8.75], "texture": "#0"},
				"south": {"uv": [0.75, 7.25, 1, 8.75], "texture": "#0"},
				"west": {"uv": [0.5, 7.25, 0.75, 8.75], "texture": "#0"},
				"up": {"uv": [0.5, 7.25, 0.25, 7], "texture": "#0"},
				"down": {"uv": [0.75, 7, 0.5, 7.25], "texture": "#0"}
			}
		},
		{
			"from": [3, 6, 8],
			"to": [4, 7, 9],
			"rotation": {"angle": 0, "axis": "y", "origin": [8, 0, 5]},
			"faces": {
				"north": {"uv": [1, 10.5, 1.25, 10.75], "texture": "#0"},
				"east": {"uv": [0.75, 10.5, 1, 10.75], "texture": "#0"},
				"south": {"uv": [1.5, 10.5, 1.75, 10.75], "texture": "#0"},
				"west": {"uv": [1.25, 10.5, 1.5, 10.75], "texture": "#0"},
				"up": {"uv": [1.25, 10.5, 1, 10.25], "texture": "#0"},
				"down": {"uv": [1.5, 10.25, 1.25, 10.5], "texture": "#0"}
			}
		},
		{
			"from": [9, 0, 8],
			"to": [10, 1, 9],
			"rotation": {"angle": 0, "axis": "y", "origin": [8, 0, 5]},
			"faces": {
				"north": {"uv": [9.25, 10.25, 9.5, 10.5], "texture": "#0"},
				"east": {"uv": [9, 10.25, 9.25, 10.5], "texture": "#0"},
				"south": {"uv": [9.75, 10.25, 10, 10.5], "texture": "#0"},
				"west": {"uv": [9.5, 10.25, 9.75, 10.5], "texture": "#0"},
				"up": {"uv": [9.5, 10.25, 9.25, 10], "texture": "#0"},
				"down": {"uv": [9.75, 10, 9.5, 10.25], "texture": "#0"}
			}
		},
		{
			"from": [8, 1, 8],
			"to": [10, 12, 9],
			"rotation": {"angle": 0, "axis": "y", "origin": [8, 0, 5]},
			"faces": {
				"north": {"uv": [6.5, 11.25, 7, 14], "texture": "#0"},
				"east": {"uv": [6.25, 11.25, 6.5, 14], "texture": "#0"},
				"south": {"uv": [7.25, 11.25, 7.75, 14], "texture": "#0"},
				"west": {"uv": [7, 11.25, 7.25, 14], "texture": "#0"},
				"up": {"uv": [7, 11.25, 6.5, 11], "texture": "#0"},
				"down": {"uv": [7.5, 11, 7, 11.25], "texture": "#0"}
			}
		},
		{
			"from": [7, 2, 8],
			"to": [8, 11, 9],
			"rotation": {"angle": 0, "axis": "y", "origin": [8, 0, 5]},
			"faces": {
				"north": {"uv": [11.5, 12.25, 11.75, 14.5], "texture": "#0"},
				"east": {"uv": [11.25, 12.25, 11.5, 14.5], "texture": "#0"},
				"south": {"uv": [12, 12.25, 12.25, 14.5], "texture": "#0"},
				"west": {"uv": [11.75, 12.25, 12, 14.5], "texture": "#0"},
				"up": {"uv": [11.75, 12.25, 11.5, 12], "texture": "#0"},
				"down": {"uv": [12, 12, 11.75, 12.25], "texture": "#0"}
			}
		},
		{
			"from": [6, 9, 8],
			"to": [7, 11, 9],
			"rotation": {"angle": 0, "axis": "y", "origin": [8, 0, 5]},
			"faces": {
				"north": {"uv": [9.25, 9.25, 9.5, 9.75], "texture": "#0"},
				"east": {"uv": [9, 9.25, 9.25, 9.75], "texture": "#0"},
				"south": {"uv": [9.75, 9.25, 10, 9.75], "texture": "#0"},
				"west": {"uv": [9.5, 9.25, 9.75, 9.75], "texture": "#0"},
				"up": {"uv": [9.5, 9.25, 9.25, 9], "texture": "#0"},
				"down": {"uv": [9.75, 9, 9.5, 9.25], "texture": "#0"}
			}
		},
		{
			"from": [10, 2, 8],
			"to": [11, 14, 9],
			"rotation": {"angle": 0, "axis": "y", "origin": [8, 0, 5]},
			"faces": {
				"north": {"uv": [3.75, 12, 4, 15], "texture": "#0"},
				"east": {"uv": [3.5, 12, 3.75, 15], "texture": "#0"},
				"south": {"uv": [4.25, 12, 4.5, 15], "texture": "#0"},
				"west": {"uv": [4, 12, 4.25, 15], "texture": "#0"},
				"up": {"uv": [4, 12, 3.75, 11.75], "texture": "#0"},
				"down": {"uv": [4.25, 11.75, 4, 12], "texture": "#0"}
			}
		},
		{
			"from": [11, 1, 8],
			"to": [12, 13, 9],
			"rotation": {"angle": 0, "axis": "y", "origin": [8, 0, 5]},
			"faces": {
				"north": {"uv": [2.75, 12, 3, 15], "texture": "#0"},
				"east": {"uv": [2.5, 12, 2.75, 15], "texture": "#0"},
				"south": {"uv": [3.25, 12, 3.5, 15], "texture": "#0"},
				"west": {"uv": [3, 12, 3.25, 15], "texture": "#0"},
				"up": {"uv": [3, 12, 2.75, 11.75], "texture": "#0"},
				"down": {"uv": [3.25, 11.75, 3, 12], "texture": "#0"}
			}
		},
		{
			"from": [12, 0, 8],
			"to": [13, 7, 9],
			"rotation": {"angle": 0, "axis": "y", "origin": [8, 0, 5]},
			"faces": {
				"north": {"uv": [13, 2, 13.25, 3.75], "texture": "#0"},
				"east": {"uv": [12.75, 2, 13, 3.75], "texture": "#0"},
				"south": {"uv": [13.5, 2, 13.75, 3.75], "texture": "#0"},
				"west": {"uv": [13.25, 2, 13.5, 3.75], "texture": "#0"},
				"up": {"uv": [13.25, 2, 13, 1.75], "texture": "#0"},
				"down": {"uv": [13.5, 1.75, 13.25, 2], "texture": "#0"}
			}
		},
		{
			"from": [13, 0, 8],
			"to": [14, 5, 9],
			"rotation": {"angle": 0, "axis": "y", "origin": [8, 0, 5]},
			"faces": {
				"north": {"uv": [9.25, 0.5, 9.5, 1.75], "texture": "#0"},
				"east": {"uv": [9, 0.5, 9.25, 1.75], "texture": "#0"},
				"south": {"uv": [9.75, 0.5, 10, 1.75], "texture": "#0"},
				"west": {"uv": [9.5, 0.5, 9.75, 1.75], "texture": "#0"},
				"up": {"uv": [9.5, 0.5, 9.25, 0.25], "texture": "#0"},
				"down": {"uv": [9.75, 0.25, 9.5, 0.5], "texture": "#0"}
			}
		},
		{
			"from": [14, 0, 8],
			"to": [15, 4, 9],
			"rotation": {"angle": 0, "axis": "y", "origin": [8, 0, 5]},
			"faces": {
				"north": {"uv": [11.5, 0.25, 11.75, 1.25], "texture": "#0"},
				"east": {"uv": [11.25, 0.25, 11.5, 1.25], "texture": "#0"},
				"south": {"uv": [12, 0.25, 12.25, 1.25], "texture": "#0"},
				"west": {"uv": [11.75, 0.25, 12, 1.25], "texture": "#0"},
				"up": {"uv": [11.75, 0.25, 11.5, 0], "texture": "#0"},
				"down": {"uv": [12, 0, 11.75, 0.25], "texture": "#0"}
			}
		},
		{
			"from": [9, 12, 8],
			"to": [10, 15, 9],
			"rotation": {"angle": 0, "axis": "y", "origin": [8, 0, 5]},
			"faces": {
				"north": {"uv": [2.5, 8, 2.75, 8.75], "texture": "#0"},
				"east": {"uv": [2.25, 8, 2.5, 8.75], "texture": "#0"},
				"south": {"uv": [3, 8, 3.25, 8.75], "texture": "#0"},
				"west": {"uv": [2.75, 8, 3, 8.75], "texture": "#0"},
				"up": {"uv": [2.75, 8, 2.5, 7.75], "texture": "#0"},
				"down": {"uv": [3, 7.75, 2.75, 8], "texture": "#0"}
			}
		},
		{
			"from": [8, 13, 8],
			"to": [9, 15, 9],
			"rotation": {"angle": 0, "axis": "y", "origin": [8, 0, 5]},
			"faces": {
				"north": {"uv": [9.25, 8.25, 9.5, 8.75], "texture": "#0"},
				"east": {"uv": [9, 8.25, 9.25, 8.75], "texture": "#0"},
				"south": {"uv": [9.75, 8.25, 10, 8.75], "texture": "#0"},
				"west": {"uv": [9.5, 8.25, 9.75, 8.75], "texture": "#0"},
				"up": {"uv": [9.5, 8.25, 9.25, 8], "texture": "#0"},
				"down": {"uv": [9.75, 8, 9.5, 8.25], "texture": "#0"}
			}
		},
		{
			"from": [7, 14, 8],
			"to": [8, 16, 9],
			"rotation": {"angle": 0, "axis": "y", "origin": [8, 0, 5]},
			"faces": {
				"north": {"uv": [9.25, 7.25, 9.5, 7.75], "texture": "#0"},
				"east": {"uv": [9, 7.25, 9.25, 7.75], "texture": "#0"},
				"south": {"uv": [9.75, 7.25, 10, 7.75], "texture": "#0"},
				"west": {"uv": [9.5, 7.25, 9.75, 7.75], "texture": "#0"},
				"up": {"uv": [9.5, 7.25, 9.25, 7], "texture": "#0"},
				"down": {"uv": [9.75, 7, 9.5, 7.25], "texture": "#0"}
			}
		},
		{
			"from": [12, 9, 8],
			"to": [13, 14, 9],
			"rotation": {"angle": 0, "axis": "y", "origin": [8, 0, 5]},
			"faces": {
				"north": {"uv": [0.25, 9.25, 0.5, 10.5], "texture": "#0"},
				"east": {"uv": [0, 9.25, 0.25, 10.5], "texture": "#0"},
				"south": {"uv": [0.75, 9.25, 1, 10.5], "texture": "#0"},
				"west": {"uv": [0.5, 9.25, 0.75, 10.5], "texture": "#0"},
				"up": {"uv": [0.5, 9.25, 0.25, 9], "texture": "#0"},
				"down": {"uv": [0.75, 9, 0.5, 9.25], "texture": "#0"}
			}
		},
		{
			"from": [13, 11, 8],
			"to": [14, 15, 9],
			"rotation": {"angle": 0, "axis": "y", "origin": [8, 0, 5]},
			"faces": {
				"north": {"uv": [7, 9.25, 7.25, 10.25], "texture": "#0"},
				"east": {"uv": [6.75, 9.25, 7, 10.25], "texture": "#0"},
				"south": {"uv": [7.5, 9.25, 7.75, 10.25], "texture": "#0"},
				"west": {"uv": [7.25, 9.25, 7.5, 10.25], "texture": "#0"},
				"up": {"uv": [7.25, 9.25, 7, 9], "texture": "#0"},
				"down": {"uv": [7.5, 9, 7.25, 9.25], "texture": "#0"}
			}
		},
		{
			"from": [14, 13, 8],
			"to": [15, 15, 9],
			"rotation": {"angle": 0, "axis": "y", "origin": [8, 0, 5]},
			"faces": {
				"north": {"uv": [9.25, 6.25, 9.5, 6.75], "texture": "#0"},
				"east": {"uv": [9, 6.25, 9.25, 6.75], "texture": "#0"},
				"south": {"uv": [9.75, 6.25, 10, 6.75], "texture": "#0"},
				"west": {"uv": [9.5, 6.25, 9.75, 6.75], "texture": "#0"},
				"up": {"uv": [9.5, 6.25, 9.25, 6], "texture": "#0"},
				"down": {"uv": [9.75, 6, 9.5, 6.25], "texture": "#0"}
			}
		},
		{
			"from": [15, 14, 8],
			"to": [16, 16, 9],
			"rotation": {"angle": 0, "axis": "y", "origin": [8, 0, 5]},
			"faces": {
				"north": {"uv": [9.25, 5, 9.5, 5.5], "texture": "#0"},
				"east": {"uv": [9, 5, 9.25, 5.5], "texture": "#0"},
				"south": {"uv": [9.75, 5, 10, 5.5], "texture": "#0"},
				"west": {"uv": [9.5, 5, 9.75, 5.5], "texture": "#0"},
				"up": {"uv": [9.5, 5, 9.25, 4.75], "texture": "#0"},
				"down": {"uv": [9.75, 4.75, 9.5, 5], "texture": "#0"}
			}
		},
		{
			"from": [0, 0, 8],
			"to": [2, 4, 9],
			"rotation": {"angle": 0, "axis": "y", "origin": [8, 0, 5]},
			"faces": {
				"north": {"uv": [4.75, 0.5, 5.25, 1.5], "texture": "#0"},
				"east": {"uv": [4.5, 0.5, 4.75, 1.5], "texture": "#0"},
				"south": {"uv": [5.5, 0.5, 6, 1.5], "texture": "#0"},
				"west": {"uv": [5.25, 0.5, 5.5, 1.5], "texture": "#0"},
				"up": {"uv": [5.25, 0.5, 4.75, 0.25], "texture": "#0"},
				"down": {"uv": [5.75, 0.25, 5.25, 0.5], "texture": "#0"}
			}
		},
		{
			"from": [2, 1, 8],
			"to": [4, 6, 9],
			"rotation": {"angle": 0, "axis": "y", "origin": [8, 0, 5]},
			"faces": {
				"north": {"uv": [0.25, 2.75, 0.75, 4], "texture": "#0"},
				"east": {"uv": [0, 2.75, 0.25, 4], "texture": "#0"},
				"south": {"uv": [1, 2.75, 1.5, 4], "texture": "#0"},
				"west": {"uv": [0.75, 2.75, 1, 4], "texture": "#0"},
				"up": {"uv": [0.75, 2.75, 0.25, 2.5], "texture": "#0"},
				"down": {"uv": [1.25, 2.5, 0.75, 2.75], "texture": "#0"}
			}
		},
		{
			"from": [1, 4, 8],
			"to": [2, 5, 9],
			"rotation": {"angle": 0, "axis": "y", "origin": [8, 0, 5]},
			"faces": {
				"north": {"uv": [7.75, 10.25, 8, 10.5], "texture": "#0"},
				"east": {"uv": [7.5, 10.25, 7.75, 10.5], "texture": "#0"},
				"south": {"uv": [8.25, 10.25, 8.5, 10.5], "texture": "#0"},
				"west": {"uv": [8, 10.25, 8.25, 10.5], "texture": "#0"},
				"up": {"uv": [8, 10.25, 7.75, 10], "texture": "#0"},
				"down": {"uv": [8.25, 10, 8, 10.25], "texture": "#0"}
			}
		},
		{
			"from": [3, 0, 8],
			"to": [4, 1, 9],
			"rotation": {"angle": 0, "axis": "y", "origin": [8, 0, 5]},
			"faces": {
				"north": {"uv": [5.5, 10.25, 5.75, 10.5], "texture": "#0"},
				"east": {"uv": [5.25, 10.25, 5.5, 10.5], "texture": "#0"},
				"south": {"uv": [6, 10.25, 6.25, 10.5], "texture": "#0"},
				"west": {"uv": [5.75, 10.25, 6, 10.5], "texture": "#0"},
				"up": {"uv": [5.75, 10.25, 5.5, 10], "texture": "#0"},
				"down": {"uv": [6, 10, 5.75, 10.25], "texture": "#0"}
			}
		},
		{
			"from": [6, 0, 8],
			"to": [7, 1, 9],
			"rotation": {"angle": 0, "axis": "y", "origin": [8, 0, 5]},
			"faces": {
				"north": {"uv": [3.25, 10.25, 3.5, 10.5], "texture": "#0"},
				"east": {"uv": [3, 10.25, 3.25, 10.5], "texture": "#0"},
				"south": {"uv": [3.75, 10.25, 4, 10.5], "texture": "#0"},
				"west": {"uv": [3.5, 10.25, 3.75, 10.5], "texture": "#0"},
				"up": {"uv": [3.5, 10.25, 3.25, 10], "texture": "#0"},
				"down": {"uv": [3.75, 10, 3.5, 10.25], "texture": "#0"}
			}
		},
		{
			"from": [5, 1, 0],
			"to": [7, 9, 1],
			"rotation": {"angle": 0, "axis": "y", "origin": [8, 0, 5]},
			"faces": {
				"north": {"uv": [4.75, 12, 5.25, 14], "texture": "#0"},
				"east": {"uv": [4.5, 12, 4.75, 14], "texture": "#0"},
				"south": {"uv": [5.5, 12, 6, 14], "texture": "#0"},
				"west": {"uv": [5.25, 12, 5.5, 14], "texture": "#0"},
				"up": {"uv": [5.25, 12, 4.75, 11.75], "texture": "#0"},
				"down": {"uv": [5.75, 11.75, 5.25, 12], "texture": "#0"}
			}
		},
		{
			"from": [4, 2, 0],
			"to": [5, 8, 1],
			"rotation": {"angle": 0, "axis": "y", "origin": [8, 0, 5]},
			"faces": {
				"north": {"uv": [0.25, 5, 0.5, 6.5], "texture": "#0"},
				"east": {"uv": [0, 5, 0.25, 6.5], "texture": "#0"},
				"south": {"uv": [0.75, 5, 1, 6.5], "texture": "#0"},
				"west": {"uv": [0.5, 5, 0.75, 6.5], "texture": "#0"},
				"up": {"uv": [0.5, 5, 0.25, 4.75], "texture": "#0"},
				"down": {"uv": [0.75, 4.75, 0.5, 5], "texture": "#0"}
			}
		},
		{
			"from": [3, 6, 0],
			"to": [4, 7, 1],
			"rotation": {"angle": 0, "axis": "y", "origin": [8, 0, 5]},
			"faces": {
				"north": {"uv": [10, 5.5, 10.25, 5.75], "texture": "#0"},
				"east": {"uv": [9.75, 5.5, 10, 5.75], "texture": "#0"},
				"south": {"uv": [10.5, 5.5, 10.75, 5.75], "texture": "#0"},
				"west": {"uv": [10.25, 5.5, 10.5, 5.75], "texture": "#0"},
				"up": {"uv": [10.25, 5.5, 10, 5.25], "texture": "#0"},
				"down": {"uv": [10.5, 5.25, 10.25, 5.5], "texture": "#0"}
			}
		},
		{
			"from": [9, 0, 0],
			"to": [10, 1, 1],
			"rotation": {"angle": 0, "axis": "y", "origin": [8, 0, 5]},
			"faces": {
				"north": {"uv": [4.75, 10, 5, 10.25], "texture": "#0"},
				"east": {"uv": [4.5, 10, 4.75, 10.25], "texture": "#0"},
				"south": {"uv": [5.25, 10, 5.5, 10.25], "texture": "#0"},
				"west": {"uv": [5, 10, 5.25, 10.25], "texture": "#0"},
				"up": {"uv": [5, 10, 4.75, 9.75], "texture": "#0"},
				"down": {"uv": [5.25, 9.75, 5, 10], "texture": "#0"}
			}
		},
		{
			"from": [8, 1, 0],
			"to": [10, 12, 1],
			"rotation": {"angle": 0, "axis": "y", "origin": [8, 0, 5]},
			"faces": {
				"north": {"uv": [0.25, 11.25, 0.75, 14], "texture": "#0"},
				"east": {"uv": [0, 11.25, 0.25, 14], "texture": "#0"},
				"south": {"uv": [1, 11.25, 1.5, 14], "texture": "#0"},
				"west": {"uv": [0.75, 11.25, 1, 14], "texture": "#0"},
				"up": {"uv": [0.75, 11.25, 0.25, 11], "texture": "#0"},
				"down": {"uv": [1.25, 11, 0.75, 11.25], "texture": "#0"}
			}
		},
		{
			"from": [7, 2, 0],
			"to": [8, 11, 1],
			"rotation": {"angle": 0, "axis": "y", "origin": [8, 0, 5]},
			"faces": {
				"north": {"uv": [10.5, 12.25, 10.75, 14.5], "texture": "#0"},
				"east": {"uv": [10.25, 12.25, 10.5, 14.5], "texture": "#0"},
				"south": {"uv": [11, 12.25, 11.25, 14.5], "texture": "#0"},
				"west": {"uv": [10.75, 12.25, 11, 14.5], "texture": "#0"},
				"up": {"uv": [10.75, 12.25, 10.5, 12], "texture": "#0"},
				"down": {"uv": [11, 12, 10.75, 12.25], "texture": "#0"}
			}
		},
		{
			"from": [6, 9, 0],
			"to": [7, 11, 1],
			"rotation": {"angle": 0, "axis": "y", "origin": [8, 0, 5]},
			"faces": {
				"north": {"uv": [9.25, 3, 9.5, 3.5], "texture": "#0"},
				"east": {"uv": [9, 3, 9.25, 3.5], "texture": "#0"},
				"south": {"uv": [9.75, 3, 10, 3.5], "texture": "#0"},
				"west": {"uv": [9.5, 3, 9.75, 3.5], "texture": "#0"},
				"up": {"uv": [9.5, 3, 9.25, 2.75], "texture": "#0"},
				"down": {"uv": [9.75, 2.75, 9.5, 3], "texture": "#0"}
			}
		},
		{
			"from": [10, 2, 0],
			"to": [11, 14, 1],
			"rotation": {"angle": 0, "axis": "y", "origin": [8, 0, 5]},
			"faces": {
				"north": {"uv": [1.75, 11.75, 2, 14.75], "texture": "#0"},
				"east": {"uv": [1.5, 11.75, 1.75, 14.75], "texture": "#0"},
				"south": {"uv": [2.25, 11.75, 2.5, 14.75], "texture": "#0"},
				"west": {"uv": [2, 11.75, 2.25, 14.75], "texture": "#0"},
				"up": {"uv": [2, 11.75, 1.75, 11.5], "texture": "#0"},
				"down": {"uv": [2.25, 11.5, 2, 11.75], "texture": "#0"}
			}
		},
		{
			"from": [11, 1, 0],
			"to": [12, 13, 1],
			"rotation": {"angle": 0, "axis": "y", "origin": [8, 0, 5]},
			"faces": {
				"north": {"uv": [8, 11.25, 8.25, 14.25], "texture": "#0"},
				"east": {"uv": [7.75, 11.25, 8, 14.25], "texture": "#0"},
				"south": {"uv": [8.5, 11.25, 8.75, 14.25], "texture": "#0"},
				"west": {"uv": [8.25, 11.25, 8.5, 14.25], "texture": "#0"},
				"up": {"uv": [8.25, 11.25, 8, 11], "texture": "#0"},
				"down": {"uv": [8.5, 11, 8.25, 11.25], "texture": "#0"}
			}
		},
		{
			"from": [12, 0, 0],
			"to": [13, 7, 1],
			"rotation": {"angle": 0, "axis": "y", "origin": [8, 0, 5]},
			"faces": {
				"north": {"uv": [12.5, 12.25, 12.75, 14], "texture": "#0"},
				"east": {"uv": [12.25, 12.25, 12.5, 14], "texture": "#0"},
				"south": {"uv": [13, 12.25, 13.25, 14], "texture": "#0"},
				"west": {"uv": [12.75, 12.25, 13, 14], "texture": "#0"},
				"up": {"uv": [12.75, 12.25, 12.5, 12], "texture": "#0"},
				"down": {"uv": [13, 12, 12.75, 12.25], "texture": "#0"}
			}
		},
		{
			"from": [13, 0, 0],
			"to": [14, 5, 1],
			"rotation": {"angle": 0, "axis": "y", "origin": [8, 0, 5]},
			"faces": {
				"north": {"uv": [7, 7.25, 7.25, 8.5], "texture": "#0"},
				"east": {"uv": [6.75, 7.25, 7, 8.5], "texture": "#0"},
				"south": {"uv": [7.5, 7.25, 7.75, 8.5], "texture": "#0"},
				"west": {"uv": [7.25, 7.25, 7.5, 8.5], "texture": "#0"},
				"up": {"uv": [7.25, 7.25, 7, 7], "texture": "#0"},
				"down": {"uv": [7.5, 7, 7.25, 7.25], "texture": "#0"}
			}
		},
		{
			"from": [14, 0, 0],
			"to": [15, 4, 1],
			"rotation": {"angle": 0, "axis": "y", "origin": [8, 0, 5]},
			"faces": {
				"north": {"uv": [7, 3, 7.25, 4], "texture": "#0"},
				"east": {"uv": [6.75, 3, 7, 4], "texture": "#0"},
				"south": {"uv": [7.5, 3, 7.75, 4], "texture": "#0"},
				"west": {"uv": [7.25, 3, 7.5, 4], "texture": "#0"},
				"up": {"uv": [7.25, 3, 7, 2.75], "texture": "#0"},
				"down": {"uv": [7.5, 2.75, 7.25, 3], "texture": "#0"}
			}
		},
		{
			"from": [9, 12, 0],
			"to": [10, 15, 1],
			"rotation": {"angle": 0, "axis": "y", "origin": [8, 0, 5]},
			"faces": {
				"north": {"uv": [2.5, 5.75, 2.75, 6.5], "texture": "#0"},
				"east": {"uv": [2.25, 5.75, 2.5, 6.5], "texture": "#0"},
				"south": {"uv": [3, 5.75, 3.25, 6.5], "texture": "#0"},
				"west": {"uv": [2.75, 5.75, 3, 6.5], "texture": "#0"},
				"up": {"uv": [2.75, 5.75, 2.5, 5.5], "texture": "#0"},
				"down": {"uv": [3, 5.5, 2.75, 5.75], "texture": "#0"}
			}
		},
		{
			"from": [8, 13, 0],
			"to": [9, 15, 1],
			"rotation": {"angle": 0, "axis": "y", "origin": [8, 0, 5]},
			"faces": {
				"north": {"uv": [4.75, 9, 5, 9.5], "texture": "#0"},
				"east": {"uv": [4.5, 9, 4.75, 9.5], "texture": "#0"},
				"south": {"uv": [5.25, 9, 5.5, 9.5], "texture": "#0"},
				"west": {"uv": [5, 9, 5.25, 9.5], "texture": "#0"},
				"up": {"uv": [5, 9, 4.75, 8.75], "texture": "#0"},
				"down": {"uv": [5.25, 8.75, 5, 9], "texture": "#0"}
			}
		},
		{
			"from": [7, 14, 0],
			"to": [8, 16, 1],
			"rotation": {"angle": 0, "axis": "y", "origin": [8, 0, 5]},
			"faces": {
				"north": {"uv": [4.75, 8, 5, 8.5], "texture": "#0"},
				"east": {"uv": [4.5, 8, 4.75, 8.5], "texture": "#0"},
				"south": {"uv": [5.25, 8, 5.5, 8.5], "texture": "#0"},
				"west": {"uv": [5, 8, 5.25, 8.5], "texture": "#0"},
				"up": {"uv": [5, 8, 4.75, 7.75], "texture": "#0"},
				"down": {"uv": [5.25, 7.75, 5, 8], "texture": "#0"}
			}
		},
		{
			"from": [12, 9, 0],
			"to": [13, 14, 1],
			"rotation": {"angle": 0, "axis": "y", "origin": [8, 0, 5]},
			"faces": {
				"north": {"uv": [7, 5, 7.25, 6.25], "texture": "#0"},
				"east": {"uv": [6.75, 5, 7, 6.25], "texture": "#0"},
				"south": {"uv": [7.5, 5, 7.75, 6.25], "texture": "#0"},
				"west": {"uv": [7.25, 5, 7.5, 6.25], "texture": "#0"},
				"up": {"uv": [7.25, 5, 7, 4.75], "texture": "#0"},
				"down": {"uv": [7.5, 4.75, 7.25, 5], "texture": "#0"}
			}
		},
		{
			"from": [13, 11, 0],
			"to": [14, 15, 1],
			"rotation": {"angle": 0, "axis": "y", "origin": [8, 0, 5]},
			"faces": {
				"north": {"uv": [7, 0.75, 7.25, 1.75], "texture": "#0"},
				"east": {"uv": [6.75, 0.75, 7, 1.75], "texture": "#0"},
				"south": {"uv": [7.5, 0.75, 7.75, 1.75], "texture": "#0"},
				"west": {"uv": [7.25, 0.75, 7.5, 1.75], "texture": "#0"},
				"up": {"uv": [7.25, 0.75, 7, 0.5], "texture": "#0"},
				"down": {"uv": [7.5, 0.5, 7.25, 0.75], "texture": "#0"}
			}
		},
		{
			"from": [14, 13, 0],
			"to": [15, 15, 1],
			"rotation": {"angle": 0, "axis": "y", "origin": [8, 0, 5]},
			"faces": {
				"north": {"uv": [4.75, 5.75, 5, 6.25], "texture": "#0"},
				"east": {"uv": [4.5, 5.75, 4.75, 6.25], "texture": "#0"},
				"south": {"uv": [5.25, 5.75, 5.5, 6.25], "texture": "#0"},
				"west": {"uv": [5, 5.75, 5.25, 6.25], "texture": "#0"},
				"up": {"uv": [5, 5.75, 4.75, 5.5], "texture": "#0"},
				"down": {"uv": [5.25, 5.5, 5, 5.75], "texture": "#0"}
			}
		},
		{
			"from": [15, 14, 0],
			"to": [16, 16, 1],
			"rotation": {"angle": 0, "axis": "y", "origin": [8, 0, 5]},
			"faces": {
				"north": {"uv": [4.75, 3.5, 5, 4], "texture": "#0"},
				"east": {"uv": [4.5, 3.5, 4.75, 4], "texture": "#0"},
				"south": {"uv": [5.25, 3.5, 5.5, 4], "texture": "#0"},
				"west": {"uv": [5, 3.5, 5.25, 4], "texture": "#0"},
				"up": {"uv": [5, 3.5, 4.75, 3.25], "texture": "#0"},
				"down": {"uv": [5.25, 3.25, 5, 3.5], "texture": "#0"}
			}
		},
		{
			"from": [0, 0, 0],
			"to": [2, 4, 1],
			"rotation": {"angle": 0, "axis": "y", "origin": [8, 0, 5]},
			"faces": {
				"north": {"uv": [2.5, 0.75, 3, 1.75], "texture": "#0"},
				"east": {"uv": [2.25, 0.75, 2.5, 1.75], "texture": "#0"},
				"south": {"uv": [3.25, 0.75, 3.75, 1.75], "texture": "#0"},
				"west": {"uv": [3, 0.75, 3.25, 1.75], "texture": "#0"},
				"up": {"uv": [3, 0.75, 2.5, 0.5], "texture": "#0"},
				"down": {"uv": [3.5, 0.5, 3, 0.75], "texture": "#0"}
			}
		},
		{
			"from": [2, 1, 0],
			"to": [4, 6, 1],
			"rotation": {"angle": 0, "axis": "y", "origin": [8, 0, 5]},
			"faces": {
				"north": {"uv": [0.25, 0.25, 0.75, 1.5], "texture": "#0"},
				"east": {"uv": [0, 0.25, 0.25, 1.5], "texture": "#0"},
				"south": {"uv": [1, 0.25, 1.5, 1.5], "texture": "#0"},
				"west": {"uv": [0.75, 0.25, 1, 1.5], "texture": "#0"},
				"up": {"uv": [0.75, 0.25, 0.25, 0], "texture": "#0"},
				"down": {"uv": [1.25, 0, 0.75, 0.25], "texture": "#0"}
			}
		},
		{
			"from": [1, 4, 0],
			"to": [2, 5, 1],
			"rotation": {"angle": 0, "axis": "y", "origin": [8, 0, 5]},
			"faces": {
				"north": {"uv": [10, 3.5, 10.25, 3.75], "texture": "#0"},
				"east": {"uv": [9.75, 3.5, 10, 3.75], "texture": "#0"},
				"south": {"uv": [10.5, 3.5, 10.75, 3.75], "texture": "#0"},
				"west": {"uv": [10.25, 3.5, 10.5, 3.75], "texture": "#0"},
				"up": {"uv": [10.25, 3.5, 10, 3.25], "texture": "#0"},
				"down": {"uv": [10.5, 3.25, 10.25, 3.5], "texture": "#0"}
			}
		},
		{
			"from": [3, 0, 0],
			"to": [4, 1, 1],
			"rotation": {"angle": 0, "axis": "y", "origin": [8, 0, 5]},
			"faces": {
				"north": {"uv": [2.5, 10, 2.75, 10.25], "texture": "#0"},
				"east": {"uv": [2.25, 10, 2.5, 10.25], "texture": "#0"},
				"south": {"uv": [3, 10, 3.25, 10.25], "texture": "#0"},
				"west": {"uv": [2.75, 10, 3, 10.25], "texture": "#0"},
				"up": {"uv": [2.75, 10, 2.5, 9.75], "texture": "#0"},
				"down": {"uv": [3, 9.75, 2.75, 10], "texture": "#0"}
			}
		},
		{
			"from": [6, 0, 0],
			"to": [7, 1, 1],
			"rotation": {"angle": 0, "axis": "y", "origin": [8, 0, 5]},
			"faces": {
				"north": {"uv": [10, 0.25, 10.25, 0.5], "texture": "#0"},
				"east": {"uv": [9.75, 0.25, 10, 0.5], "texture": "#0"},
				"south": {"uv": [10.5, 0.25, 10.75, 0.5], "texture": "#0"},
				"west": {"uv": [10.25, 0.25, 10.5, 0.5], "texture": "#0"},
				"up": {"uv": [10.25, 0.25, 10, 0], "texture": "#0"},
				"down": {"uv": [10.5, 0, 10.25, 0.25], "texture": "#0"}
			}
		},
		{
			"from": [0, 1, 1],
			"to": [1, 4, 8],
			"rotation": {"angle": 0, "axis": "y", "origin": [8, 0, 5]},
			"faces": {
				"north": {"uv": [4, 2.5, 4.25, 3.25], "texture": "#0"},
				"east": {"uv": [2.25, 2.5, 4, 3.25], "texture": "#0"},
				"south": {"uv": [6, 2.5, 6.25, 3.25], "texture": "#0"},
				"west": {"uv": [4.25, 2.5, 6, 3.25], "texture": "#0"},
				"up": {"uv": [4.25, 2.5, 4, 0.75], "texture": "#0"},
				"down": {"uv": [4.5, 0.75, 4.25, 2.5], "texture": "#0"}
			}
		},
		{
			"from": [14, 1, 1],
			"to": [15, 4, 8],
			"rotation": {"angle": 0, "axis": "y", "origin": [8, 0, 5]},
			"faces": {
				"north": {"uv": [1.75, 1.75, 2, 2.5], "texture": "#0"},
				"east": {"uv": [0, 1.75, 1.75, 2.5], "texture": "#0"},
				"south": {"uv": [3.75, 1.75, 4, 2.5], "texture": "#0"},
				"west": {"uv": [2, 1.75, 3.75, 2.5], "texture": "#0"},
				"up": {"uv": [2, 1.75, 1.75, 0], "texture": "#0"},
				"down": {"uv": [2.25, 0, 2, 1.75], "texture": "#0"}
			}
		},
		{
			"from": [1, 4, 1],
			"to": [2, 5, 8],
			"rotation": {"angle": 0, "axis": "y", "origin": [8, 0, 5]},
			"faces": {
				"north": {"uv": [10.75, 11.75, 11, 12], "texture": "#0"},
				"east": {"uv": [9, 11.75, 10.75, 12], "texture": "#0"},
				"south": {"uv": [12.75, 11.75, 13, 12], "texture": "#0"},
				"west": {"uv": [11, 11.75, 12.75, 12], "texture": "#0"},
				"up": {"uv": [11, 11.75, 10.75, 10], "texture": "#0"},
				"down": {"uv": [11.25, 10, 11, 11.75], "texture": "#0"}
			}
		},
		{
			"from": [13, 4, 1],
			"to": [14, 5, 8],
			"rotation": {"angle": 0, "axis": "y", "origin": [8, 0, 5]},
			"faces": {
				"north": {"uv": [4, 11.5, 4.25, 11.75], "texture": "#0"},
				"east": {"uv": [2.25, 11.5, 4, 11.75], "texture": "#0"},
				"south": {"uv": [6, 11.5, 6.25, 11.75], "texture": "#0"},
				"west": {"uv": [4.25, 11.5, 6, 11.75], "texture": "#0"},
				"up": {"uv": [4.25, 11.5, 4, 9.75], "texture": "#0"},
				"down": {"uv": [4.5, 9.75, 4.25, 11.5], "texture": "#0"}
			}
		},
		{
			"from": [2, 5, 1],
			"to": [3, 6, 8],
			"rotation": {"angle": 0, "axis": "y", "origin": [8, 0, 5]},
			"faces": {
				"north": {"uv": [10.75, 9.75, 11, 10], "texture": "#0"},
				"east": {"uv": [9, 9.75, 10.75, 10], "texture": "#0"},
				"south": {"uv": [12.75, 9.75, 13, 10], "texture": "#0"},
				"west": {"uv": [11, 9.75, 12.75, 10], "texture": "#0"},
				"up": {"uv": [11, 9.75, 10.75, 8], "texture": "#0"},
				"down": {"uv": [11.25, 8, 11, 9.75], "texture": "#0"}
			}
		},
		{
			"from": [12, 5, 1],
			"to": [13, 7, 8],
			"rotation": {"angle": 0, "axis": "y", "origin": [8, 0, 5]},
			"faces": {
				"north": {"uv": [8.5, 2.25, 8.75, 2.75], "texture": "#0"},
				"east": {"uv": [6.75, 2.25, 8.5, 2.75], "texture": "#0"},
				"south": {"uv": [10.5, 2.25, 10.75, 2.75], "texture": "#0"},
				"west": {"uv": [8.75, 2.25, 10.5, 2.75], "texture": "#0"},
				"up": {"uv": [8.75, 2.25, 8.5, 0.5], "texture": "#0"},
				"down": {"uv": [9, 0.5, 8.75, 2.25], "texture": "#0"}
			}
		},
		{
			"from": [3, 6, 1],
			"to": [4, 7, 8],
			"rotation": {"angle": 0, "axis": "y", "origin": [8, 0, 5]},
			"faces": {
				"north": {"uv": [8.5, 10.75, 8.75, 11], "texture": "#0"},
				"east": {"uv": [6.75, 10.75, 8.5, 11], "texture": "#0"},
				"south": {"uv": [10.5, 10.75, 10.75, 11], "texture": "#0"},
				"west": {"uv": [8.75, 10.75, 10.5, 11], "texture": "#0"},
				"up": {"uv": [8.75, 10.75, 8.5, 9], "texture": "#0"},
				"down": {"uv": [9, 9, 8.75, 10.75], "texture": "#0"}
			}
		},
		{
			"from": [4, 7, 1],
			"to": [5, 8, 8],
			"rotation": {"angle": 0, "axis": "y", "origin": [8, 0, 5]},
			"faces": {
				"north": {"uv": [10.75, 7.75, 11, 8], "texture": "#0"},
				"east": {"uv": [9, 7.75, 10.75, 8], "texture": "#0"},
				"south": {"uv": [12.75, 7.75, 13, 8], "texture": "#0"},
				"west": {"uv": [11, 7.75, 12.75, 8], "texture": "#0"},
				"up": {"uv": [11, 7.75, 10.75, 6], "texture": "#0"},
				"down": {"uv": [11.25, 6, 11, 7.75], "texture": "#0"}
			}
		},
		{
			"from": [5, 8, 1],
			"to": [6, 9, 8],
			"rotation": {"angle": 0, "axis": "y", "origin": [8, 0, 5]},
			"faces": {
				"north": {"uv": [10.75, 5.75, 11, 6], "texture": "#0"},
				"east": {"uv": [9, 5.75, 10.75, 6], "texture": "#0"},
				"south": {"uv": [12.75, 5.75, 13, 6], "texture": "#0"},
				"west": {"uv": [11, 5.75, 12.75, 6], "texture": "#0"},
				"up": {"uv": [11, 5.75, 10.75, 4], "texture": "#0"},
				"down": {"uv": [11.25, 4, 11, 5.75], "texture": "#0"}
			}
		},
		{
			"from": [6, 9, 1],
			"to": [7, 11, 8],
			"rotation": {"angle": 0, "axis": "y", "origin": [8, 0, 5]},
			"faces": {
				"north": {"uv": [4, 7.25, 4.25, 7.75], "texture": "#0"},
				"east": {"uv": [2.25, 7.25, 4, 7.75], "texture": "#0"},
				"south": {"uv": [6, 7.25, 6.25, 7.75], "texture": "#0"},
				"west": {"uv": [4.25, 7.25, 6, 7.75], "texture": "#0"},
				"up": {"uv": [4.25, 7.25, 4, 5.5], "texture": "#0"},
				"down": {"uv": [4.5, 5.5, 4.25, 7.25], "texture": "#0"}
			}
		},
		{
			"from": [7, 10, 1],
			"to": [8, 11, 8],
			"rotation": {"angle": 0, "axis": "y", "origin": [8, 0, 5]},
			"faces": {
				"north": {"uv": [10.75, 3.75, 11, 4], "texture": "#0"},
				"east": {"uv": [9, 3.75, 10.75, 4], "texture": "#0"},
				"south": {"uv": [12.75, 3.75, 13, 4], "texture": "#0"},
				"west": {"uv": [11, 3.75, 12.75, 4], "texture": "#0"},
				"up": {"uv": [11, 3.75, 10.75, 2], "texture": "#0"},
				"down": {"uv": [11.25, 2, 11, 3.75], "texture": "#0"}
			}
		},
		{
			"from": [8, 11, 1],
			"to": [9, 12, 8],
			"rotation": {"angle": 0, "axis": "y", "origin": [8, 0, 5]},
			"faces": {
				"north": {"uv": [10.75, 1.75, 11, 2], "texture": "#0"},
				"east": {"uv": [9, 1.75, 10.75, 2], "texture": "#0"},
				"south": {"uv": [12.75, 1.75, 13, 2], "texture": "#0"},
				"west": {"uv": [11, 1.75, 12.75, 2], "texture": "#0"},
				"up": {"uv": [11, 1.75, 10.75, 0], "texture": "#0"},
				"down": {"uv": [11.25, 0, 11, 1.75], "texture": "#0"}
			}
		},
		{
			"from": [9, 12, 1],
			"to": [10, 13, 8],
			"rotation": {"angle": 0, "axis": "y", "origin": [8, 0, 5]},
			"faces": {
				"north": {"uv": [1.75, 10.75, 2, 11], "texture": "#0"},
				"east": {"uv": [0, 10.75, 1.75, 11], "texture": "#0"},
				"south": {"uv": [3.75, 10.75, 4, 11], "texture": "#0"},
				"west": {"uv": [2, 10.75, 3.75, 11], "texture": "#0"},
				"up": {"uv": [2, 10.75, 1.75, 9], "texture": "#0"},
				"down": {"uv": [2.25, 9, 2, 10.75], "texture": "#0"}
			}
		},
		{
			"from": [8, 13, 1],
			"to": [9, 14, 8],
			"rotation": {"angle": 0, "axis": "y", "origin": [8, 0, 5]},
			"faces": {
				"north": {"uv": [6.25, 10.5, 6.5, 10.75], "texture": "#0"},
				"east": {"uv": [4.5, 10.5, 6.25, 10.75], "texture": "#0"},
				"south": {"uv": [8.25, 10.5, 8.5, 10.75], "texture": "#0"},
				"west": {"uv": [6.5, 10.5, 8.25, 10.75], "texture": "#0"},
				"up": {"uv": [6.5, 10.5, 6.25, 8.75], "texture": "#0"},
				"down": {"uv": [6.75, 8.75, 6.5, 10.5], "texture": "#0"}
			}
		},
		{
			"from": [7, 14, 1],
			"to": [8, 16, 8],
			"rotation": {"angle": 0, "axis": "y", "origin": [8, 0, 5]},
			"faces": {
				"north": {"uv": [1.75, 6.5, 2, 7], "texture": "#0"},
				"east": {"uv": [0, 6.5, 1.75, 7], "texture": "#0"},
				"south": {"uv": [3.75, 6.5, 4, 7], "texture": "#0"},
				"west": {"uv": [2, 6.5, 3.75, 7], "texture": "#0"},
				"up": {"uv": [2, 6.5, 1.75, 4.75], "texture": "#0"},
				"down": {"uv": [2.25, 4.75, 2, 6.5], "texture": "#0"}
			}
		},
		{
			"from": [11, 7, 1],
			"to": [12, 9, 8],
			"rotation": {"angle": 0, "axis": "y", "origin": [8, 0, 5]},
			"faces": {
				"north": {"uv": [6.25, 6.25, 6.5, 6.75], "texture": "#0"},
				"east": {"uv": [4.5, 6.25, 6.25, 6.75], "texture": "#0"},
				"south": {"uv": [8.25, 6.25, 8.5, 6.75], "texture": "#0"},
				"west": {"uv": [6.5, 6.25, 8.25, 6.75], "texture": "#0"},
				"up": {"uv": [6.5, 6.25, 6.25, 4.5], "texture": "#0"},
				"down": {"uv": [6.75, 4.5, 6.5, 6.25], "texture": "#0"}
			}
		},
		{
			"from": [12, 9, 1],
			"to": [13, 11, 8],
			"rotation": {"angle": 0, "axis": "y", "origin": [8, 0, 5]},
			"faces": {
				"north": {"uv": [6.25, 4, 6.5, 4.5], "texture": "#0"},
				"east": {"uv": [4.5, 4, 6.25, 4.5], "texture": "#0"},
				"south": {"uv": [8.25, 4, 8.5, 4.5], "texture": "#0"},
				"west": {"uv": [6.5, 4, 8.25, 4.5], "texture": "#0"},
				"up": {"uv": [6.5, 4, 6.25, 2.25], "texture": "#0"},
				"down": {"uv": [6.75, 2.25, 6.5, 4], "texture": "#0"}
			}
		},
		{
			"from": [13, 11, 1],
			"to": [14, 13, 8],
			"rotation": {"angle": 0, "axis": "y", "origin": [8, 0, 5]},
			"faces": {
				"north": {"uv": [6.25, 1.75, 6.5, 2.25], "texture": "#0"},
				"east": {"uv": [4.5, 1.75, 6.25, 2.25], "texture": "#0"},
				"south": {"uv": [8.25, 1.75, 8.5, 2.25], "texture": "#0"},
				"west": {"uv": [6.5, 1.75, 8.25, 2.25], "texture": "#0"},
				"up": {"uv": [6.5, 1.75, 6.25, 0], "texture": "#0"},
				"down": {"uv": [6.75, 0, 6.5, 1.75], "texture": "#0"}
			}
		},
		{
			"from": [14, 13, 1],
			"to": [15, 15, 8],
			"rotation": {"angle": 0, "axis": "y", "origin": [8, 0, 5]},
			"faces": {
				"north": {"uv": [4, 5, 4.25, 5.5], "texture": "#0"},
				"east": {"uv": [2.25, 5, 4, 5.5], "texture": "#0"},
				"south": {"uv": [6, 5, 6.25, 5.5], "texture": "#0"},
				"west": {"uv": [4.25, 5, 6, 5.5], "texture": "#0"},
				"up": {"uv": [4.25, 5, 4, 3.25], "texture": "#0"},
				"down": {"uv": [4.5, 3.25, 4.25, 5], "texture": "#0"}
			}
		},
		{
			"from": [15, 14, 1],
			"to": [16, 16, 8],
			"rotation": {"angle": 0, "axis": "y", "origin": [8, 0, 5]},
			"faces": {
				"north": {"uv": [1.75, 4.25, 2, 4.75], "texture": "#0"},
				"east": {"uv": [0, 4.25, 1.75, 4.75], "texture": "#0"},
				"south": {"uv": [3.75, 4.25, 4, 4.75], "texture": "#0"},
				"west": {"uv": [2, 4.25, 3.75, 4.75], "texture": "#0"},
				"up": {"uv": [2, 4.25, 1.75, 2.5], "texture": "#0"},
				"down": {"uv": [2.25, 2.5, 2, 4.25], "texture": "#0"}
			}
		},
		{
			"from": [13, 14, 1],
			"to": [14, 15, 8],
			"rotation": {"angle": 0, "axis": "y", "origin": [8, 0, 5]},
			"faces": {
				"north": {"uv": [4, 9.5, 4.25, 9.75], "texture": "#0"},
				"east": {"uv": [2.25, 9.5, 4, 9.75], "texture": "#0"},
				"south": {"uv": [6, 9.5, 6.25, 9.75], "texture": "#0"},
				"west": {"uv": [4.25, 9.5, 6, 9.75], "texture": "#0"},
				"up": {"uv": [4.25, 9.5, 4, 7.75], "texture": "#0"},
				"down": {"uv": [4.5, 7.75, 4.25, 9.5], "texture": "#0"}
			}
		},
		{
			"from": [8, 14, 1],
			"to": [9, 15, 8],
			"rotation": {"angle": 0, "axis": "y", "origin": [8, 0, 5]},
			"faces": {
				"north": {"uv": [8.5, 8.75, 8.75, 9], "texture": "#0"},
				"east": {"uv": [6.75, 8.75, 8.5, 9], "texture": "#0"},
				"south": {"uv": [10.5, 8.75, 10.75, 9], "texture": "#0"},
				"west": {"uv": [8.75, 8.75, 10.5, 9], "texture": "#0"},
				"up": {"uv": [8.75, 8.75, 8.5, 7], "texture": "#0"},
				"down": {"uv": [9, 7, 8.75, 8.75], "texture": "#0"}
			}
		},
		{
			"from": [9, 14, 1],
			"to": [10, 15, 8],
			"rotation": {"angle": 0, "axis": "y", "origin": [8, 0, 5]},
			"faces": {
				"north": {"uv": [1.75, 8.75, 2, 9], "texture": "#0"},
				"east": {"uv": [0, 8.75, 1.75, 9], "texture": "#0"},
				"south": {"uv": [3.75, 8.75, 4, 9], "texture": "#0"},
				"west": {"uv": [2, 8.75, 3.75, 9], "texture": "#0"},
				"up": {"uv": [2, 8.75, 1.75, 7], "texture": "#0"},
				"down": {"uv": [2.25, 7, 2, 8.75], "texture": "#0"}
			}
		},
		{
			"from": [10, 13, 1],
			"to": [11, 14, 8],
			"rotation": {"angle": 0, "axis": "y", "origin": [8, 0, 5]},
			"faces": {
				"north": {"uv": [8.5, 6.75, 8.75, 7], "texture": "#0"},
				"east": {"uv": [6.75, 6.75, 8.5, 7], "texture": "#0"},
				"south": {"uv": [10.5, 6.75, 10.75, 7], "texture": "#0"},
				"west": {"uv": [8.75, 6.75, 10.5, 7], "texture": "#0"},
				"up": {"uv": [8.75, 6.75, 8.5, 5], "texture": "#0"},
				"down": {"uv": [9, 5, 8.75, 6.75], "texture": "#0"}
			}
		},
		{
			"from": [12, 13, 1],
			"to": [13, 14, 8],
			"rotation": {"angle": 0, "axis": "y", "origin": [8, 0, 5]},
			"faces": {
				"north": {"uv": [6.25, 8.5, 6.5, 8.75], "texture": "#0"},
				"east": {"uv": [4.5, 8.5, 6.25, 8.75], "texture": "#0"},
				"south": {"uv": [8.25, 8.5, 8.5, 8.75], "texture": "#0"},
				"west": {"uv": [6.5, 8.5, 8.25, 8.75], "texture": "#0"},
				"up": {"uv": [6.5, 8.5, 6.25, 6.75], "texture": "#0"},
				"down": {"uv": [6.75, 6.75, 6.5, 8.5], "texture": "#0"}
			}
		},
		{
			"from": [11, 12, 1],
			"to": [12, 13, 8],
			"rotation": {"angle": 0, "axis": "y", "origin": [8, 0, 5]},
			"faces": {
				"north": {"uv": [8.5, 4.5, 8.75, 4.75], "texture": "#0"},
				"east": {"uv": [6.75, 4.5, 8.5, 4.75], "texture": "#0"},
				"south": {"uv": [10.5, 4.5, 10.75, 4.75], "texture": "#0"},
				"west": {"uv": [8.75, 4.5, 10.5, 4.75], "texture": "#0"},
				"up": {"uv": [8.75, 4.5, 8.5, 2.75], "texture": "#0"},
				"down": {"uv": [9, 2.75, 8.75, 4.5], "texture": "#0"}
			}
		},
		{
			"from": [12.39555, 5, 2.44207],
			"to": [16.39555, 6, 3.44207],
			"rotation": {"angle": -22.5, "axis": "y", "origin": [8, 0, 5]},
			"faces": {
				"north": {"uv": [7, 0.25, 8, 0.5], "texture": "#0"},
				"east": {"uv": [6.75, 0.25, 7, 0.5], "texture": "#0"},
				"south": {"uv": [8.25, 0.25, 9.25, 0.5], "texture": "#0"},
				"west": {"uv": [8, 0.25, 8.25, 0.5], "texture": "#0"},
				"up": {"uv": [8, 0.25, 7, 0], "texture": "#0"},
				"down": {"uv": [9, 0, 8, 0.25], "texture": "#0"}
			}
		},
		{
			"from": [13.39555, 6, 2.44207],
			"to": [16.39555, 7, 3.44207],
			"rotation": {"angle": -22.5, "axis": "y", "origin": [8, 0, 5]},
			"faces": {
				"north": {"uv": [1.75, 11.25, 2.5, 11.5], "texture": "#0"},
				"east": {"uv": [1.5, 11.25, 1.75, 11.5], "texture": "#0"},
				"south": {"uv": [2.75, 11.25, 3.5, 11.5], "texture": "#0"},
				"west": {"uv": [2.5, 11.25, 2.75, 11.5], "texture": "#0"},
				"up": {"uv": [2.5, 11.25, 1.75, 11], "texture": "#0"},
				"down": {"uv": [3.25, 11, 2.5, 11.25], "texture": "#0"}
			}
		},
		{
			"from": [14.39555, 7, 2.44207],
			"to": [16.39555, 8, 3.44207],
			"rotation": {"angle": -22.5, "axis": "y", "origin": [8, 0, 5]},
			"faces": {
				"north": {"uv": [2.5, 4, 3, 4.25], "texture": "#0"},
				"east": {"uv": [2.25, 4, 2.5, 4.25], "texture": "#0"},
				"south": {"uv": [3.25, 4, 3.75, 4.25], "texture": "#0"},
				"west": {"uv": [3, 4, 3.25, 4.25], "texture": "#0"},
				"up": {"uv": [3, 4, 2.5, 3.75], "texture": "#0"},
				"down": {"uv": [3.5, 3.75, 3, 4], "texture": "#0"}
			}
		},
		{
			"from": [15.39555, 8, 2.44207],
			"to": [16.39555, 9, 3.44207],
			"rotation": {"angle": -22.5, "axis": "y", "origin": [8, 0, 5]},
			"faces": {
				"north": {"uv": [9.25, 4.25, 9.5, 4.5], "texture": "#0"},
				"east": {"uv": [9, 4.25, 9.25, 4.5], "texture": "#0"},
				"south": {"uv": [9.75, 4.25, 10, 4.5], "texture": "#0"},
				"west": {"uv": [9.5, 4.25, 9.75, 4.5], "texture": "#0"},
				"up": {"uv": [9.5, 4.25, 9.25, 4], "texture": "#0"},
				"down": {"uv": [9.75, 4, 9.5, 4.25], "texture": "#0"}
			}
		},
		{
			"from": [13.39555, 4, 2.44207],
			"to": [14.39555, 5, 3.44207],
			"rotation": {"angle": -22.5, "axis": "y", "origin": [8, 0, 5]},
			"faces": {
				"north": {"uv": [2.5, 9.25, 2.75, 9.5], "texture": "#0"},
				"east": {"uv": [2.25, 9.25, 2.5, 9.5], "texture": "#0"},
				"south": {"uv": [3, 9.25, 3.25, 9.5], "texture": "#0"},
				"west": {"uv": [2.75, 9.25, 3, 9.5], "texture": "#0"},
				"up": {"uv": [2.75, 9.25, 2.5, 9], "texture": "#0"},
				"down": {"uv": [3, 9, 2.75, 9.25], "texture": "#0"}
			}
		},
		{
			"from": [0.52238, 4, 2.31913],
			"to": [1.52238, 5, 3.31913],
			"rotation": {"angle": 22.5, "axis": "y", "origin": [8, 0, 5]},
			"faces": {
				"north": {"uv": [4.75, 7, 5, 7.25], "texture": "#0"},
				"east": {"uv": [4.5, 7, 4.75, 7.25], "texture": "#0"},
				"south": {"uv": [5.25, 7, 5.5, 7.25], "texture": "#0"},
				"west": {"uv": [5, 7, 5.25, 7.25], "texture": "#0"},
				"up": {"uv": [5, 7, 4.75, 6.75], "texture": "#0"},
				"down": {"uv": [5.25, 6.75, 5, 7], "texture": "#0"}
			}
		},
		{
			"from": [-1.47762, 5, 2.31913],
			"to": [2.52238, 6, 3.31913],
			"rotation": {"angle": 22.5, "axis": "y", "origin": [8, 0, 5]},
			"faces": {
				"north": {"uv": [2.5, 0.25, 3.5, 0.5], "texture": "#0"},
				"east": {"uv": [2.25, 0.25, 2.5, 0.5], "texture": "#0"},
				"south": {"uv": [3.75, 0.25, 4.75, 0.5], "texture": "#0"},
				"west": {"uv": [3.5, 0.25, 3.75, 0.5], "texture": "#0"},
				"up": {"uv": [3.5, 0.25, 2.5, 0], "texture": "#0"},
				"down": {"uv": [4.5, 0, 3.5, 0.25], "texture": "#0"}
			}
		},
		{
			"from": [-1.47762, 6, 2.31913],
			"to": [1.52238, 7, 3.31913],
			"rotation": {"angle": 22.5, "axis": "y", "origin": [8, 0, 5]},
			"faces": {
				"north": {"uv": [4.75, 11, 5.5, 11.25], "texture": "#0"},
				"east": {"uv": [4.5, 11, 4.75, 11.25], "texture": "#0"},
				"south": {"uv": [5.75, 11, 6.5, 11.25], "texture": "#0"},
				"west": {"uv": [5.5, 11, 5.75, 11.25], "texture": "#0"},
				"up": {"uv": [5.5, 11, 4.75, 10.75], "texture": "#0"},
				"down": {"uv": [6.25, 10.75, 5.5, 11], "texture": "#0"}
			}
		},
		{
			"from": [-1.47762, 7, 2.31913],
			"to": [0.52238, 8, 3.31913],
			"rotation": {"angle": 22.5, "axis": "y", "origin": [8, 0, 5]},
			"faces": {
				"north": {"uv": [2.5, 3.5, 3, 3.75], "texture": "#0"},
				"east": {"uv": [2.25, 3.5, 2.5, 3.75], "texture": "#0"},
				"south": {"uv": [3.25, 3.5, 3.75, 3.75], "texture": "#0"},
				"west": {"uv": [3, 3.5, 3.25, 3.75], "texture": "#0"},
				"up": {"uv": [3, 3.5, 2.5, 3.25], "texture": "#0"},
				"down": {"uv": [3.5, 3.25, 3, 3.5], "texture": "#0"}
			}
		},
		{
			"from": [-1.47762, 8, 2.31913],
			"to": [-0.47762, 9, 3.31913],
			"rotation": {"angle": 22.5, "axis": "y", "origin": [8, 0, 5]},
			"faces": {
				"north": {"uv": [4.75, 4.75, 5, 5], "texture": "#0"},
				"east": {"uv": [4.5, 4.75, 4.75, 5], "texture": "#0"},
				"south": {"uv": [5.25, 4.75, 5.5, 5], "texture": "#0"},
				"west": {"uv": [5, 4.75, 5.25, 5], "texture": "#0"},
				"up": {"uv": [5, 4.75, 4.75, 4.5], "texture": "#0"},
				"down": {"uv": [5.25, 4.5, 5, 4.75], "texture": "#0"}
			}
		}
	],
	"display": {
		"thirdperson_righthand": {
			"rotation": [-42, 180, 0],
			"translation": [0, -0.5, -7],
			"scale": [0.69, 0.69, 0.69]
		},
		"thirdperson_lefthand": {
			"rotation": [-42, 180, 0],
			"translation": [0, -0.5, -7],
			"scale": [0.69, 0.69, 0.69]
		},
		"firstperson_righthand": {
			"rotation": [-22, 180, 0],
			"translation": [-2.25, 5.25, 1],
			"scale": [0.46, 0.46, 0.46]
		},
		"firstperson_lefthand": {
			"rotation": [-22, 180, 0],
			"translation": [-2.25, 5.25, 1],
			"scale": [0.46, 0.46, 0.46]
		},
		"ground": {
			"translation": [0, 5.25, 0],
			"scale": [0.75, 0.75, 0.75]
		},
		"gui": {
			"rotation": [-165.25, 31.25, -180],
			"translation": [1.25, 0.5, 0],
			"scale": [0.83, 0.83, 0.83]
		},
		"head": {
			"rotation": [31, 0, 0],
			"translation": [0.5, 9.25, 11],
			"scale": [1.17, 1.33, 1.33]
		},
		"fixed": {
			"translation": [0, 0.25, 0.75],
			"scale": [1.26, 1.26, 1.26]
		}
	},
	"groups": [
		{
			"name": "shark_hat",
			"origin": [8, 8, 8],
			"color": 0,
			"nbt": "{}",
			"children": [
				{
					"name": "shark_back",
					"origin": [8, 8, 8],
					"color": 0,
					"nbt": "{}",
					"children": [0, 1, 2, 3, 4, 5, 6, 7, 8, 9, 10, 11, 12, 13, 14, 15, 16, 17, 18, 19, 20, 21, 22, 23]
				},
				{
					"name": "shark_face",
					"origin": [8, 8, 8],
					"color": 0,
					"nbt": "{}",
					"children": [24, 25, 26, 27, 28, 29, 30, 31, 32, 33, 34, 35, 36, 37, 38, 39, 40, 41, 42, 43, 44, 45, 46, 47]
				},
				{
					"name": "3D",
					"origin": [0, 0, 0],
					"color": 0,
					"nbt": "{}",
					"children": [48, 49, 50, 51, 52, 53, 54, 55, 56, 57, 58, 59, 60, 61, 62, 63, 64, 65, 66, 67, 68, 69, 70, 71, 72, 73]
				},
				{
					"name": "Left Fin",
					"origin": [0, 0, 0],
					"color": 0,
					"nbt": "{}",
					"children": [74, 75, 76, 77, 78]
				},
				{
					"name": "Right Fin",
					"origin": [0, 0, 0],
					"color": 0,
					"nbt": "{}",
					"children": [79, 80, 81, 82, 83]
				}
			]
		}
	]
}