{
	"credit": "Made with Blockbench",
	"texture_size": [32, 32],
	"textures": {
		"0": "cosmetics/hats/strawhat"
	},
	"elements": [
		{
			"from": [1.002, 5.5, 2.502],
			"to": [15.254, 5.5, 16.842],
			"rotation": {"angle": 0, "axis": "y", "origin": [8.172, 10.45, 9.672]},
			"faces": {
				"north": {"uv": [0, 0, 7.25, 0], "texture": "#0"},
				"east": {"uv": [0, 0, 7.25, 0], "texture": "#0"},
				"south": {"uv": [0, 0, 7.25, 0], "texture": "#0"},
				"west": {"uv": [0, 0, 7.25, 0], "texture": "#0"},
				"up": {"uv": [7.25, 7.25, 0, 0], "texture": "#0"},
				"down": {"uv": [7.25, 7.5, 0, 14.75], "texture": "#0"}
			}
		},
		{
			"from": [1.002, 0.5, 8.902],
			"to": [1.002, 5.5, 10.402],
			"rotation": {"angle": 0, "axis": "y", "origin": [8.172, 10.45, 9.672]},
			"faces": {
				"north": {"uv": [0, 0, 0, 2.5], "texture": "#0"},
				"east": {"uv": [7.5, 12, 8.25, 14.5], "texture": "#0"},
				"south": {"uv": [0, 0, 0, 2.5], "texture": "#0"},
				"west": {"uv": [8.5, 12, 9.25, 14.5], "texture": "#0"},
				"up": {"uv": [0, 0.75, 0, 0], "texture": "#0"},
				"down": {"uv": [0, 0, 0, 0.75], "texture": "#0"}
			}
		},
		{
			"from": [4.212, 5.5, 5.712],
			"to": [12.132, 9.004, 13.632],
			"rotation": {"angle": 0, "axis": "y", "origin": [8.172, 10.45, 9.672]},
			"faces": {
				"north": {"uv": [7.5, 8, 11.5, 9.75], "texture": "#0"},
				"east": {"uv": [7.5, 10, 11.5, 11.75], "texture": "#0"},
				"south": {"uv": [11.5, 0, 15.5, 1.75], "texture": "#0"},
				"west": {"uv": [11.5, 2, 15.5, 3.75], "texture": "#0"},
				"up": {"uv": [11.5, 4, 7.5, 0], "texture": "#0"},
				"down": {"uv": [11.5, 4, 7.5, 8], "texture": "#0"}
			}
		},
		{
			"from": [3.962, 5.5, 5.462],
			"to": [12.382, 7, 5.462],
			"rotation": {"angle": 0, "axis": "y", "origin": [8.172, 10.45, 9.672]},
			"faces": {
				"north": {"uv": [11.5, 4, 15.75, 4.75], "texture": "#0"},
				"east": {"uv": [0, 0, 0, 0.75], "texture": "#0"},
				"south": {"uv": [11.5, 5, 15.75, 5.75], "texture": "#0"},
				"west": {"uv": [0, 0, 0, 0.75], "texture": "#0"},
				"up": {"uv": [4.25, 0, 0, 0], "texture": "#0"},
				"down": {"uv": [4.25, 0, 0, 0], "texture": "#0"}
			}
		},
		{
			"from": [12.382, 5.5, 5.462],
			"to": [12.382, 7, 13.962],
			"rotation": {"angle": 0, "axis": "y", "origin": [8.172, 10.45, 9.672]},
			"faces": {
				"north": {"uv": [0, 0, 0, 0.75], "texture": "#0"},
				"east": {"uv": [11.5, 6, 15.75, 6.75], "texture": "#0"},
				"south": {"uv": [0, 0, 0, 0.75], "texture": "#0"},
				"west": {"uv": [11.5, 7, 15.75, 7.75], "texture": "#0"},
				"up": {"uv": [0, 4.25, 0, 0], "texture": "#0"},
				"down": {"uv": [0, 0, 0, 4.25], "texture": "#0"}
			}
		},
		{
			"from": [3.962, 5.5, 5.462],
			"to": [3.962, 7, 13.962],
			"rotation": {"angle": 0, "axis": "y", "origin": [8.172, 10.45, 9.672]},
			"faces": {
				"north": {"uv": [0, 0, 0, 0.75], "texture": "#0"},
				"east": {"uv": [11.5, 8, 15.75, 8.75], "texture": "#0"},
				"south": {"uv": [0, 0, 0, 0.75], "texture": "#0"},
				"west": {"uv": [11.5, 9, 15.75, 9.75], "texture": "#0"},
				"up": {"uv": [0, 4.25, 0, 0], "texture": "#0"},
				"down": {"uv": [0, 0, 0, 4.25], "texture": "#0"}
			}
		},
		{
			"from": [3.962, 7, 7.962],
			"to": [3.962, 9, 11.462],
			"rotation": {"angle": 0, "axis": "y", "origin": [8.172, 10.45, 9.672]},
			"faces": {
				"north": {"uv": [0, 0, 0, 1], "texture": "#0"},
				"east": {"uv": [9.5, 12, 11.25, 13], "texture": "#0"},
				"south": {"uv": [0, 0, 0, 1], "texture": "#0"},
				"west": {"uv": [11.5, 12, 13.25, 13], "texture": "#0"},
				"up": {"uv": [0, 1.75, 0, 0], "texture": "#0"},
				"down": {"uv": [0, 0, 0, 1.75], "texture": "#0"}
			}
		},
		{
			"from": [3.962, 5.5, 13.962],
			"to": [12.362, 7, 13.962],
			"rotation": {"angle": 0, "axis": "y", "origin": [8.172, 10.45, 9.672]},
			"faces": {
				"north": {"uv": [11.5, 10, 15.75, 10.75], "texture": "#0"},
				"east": {"uv": [0, 0, 0, 0.75], "texture": "#0"},
				"south": {"uv": [11.5, 11, 15.75, 11.75], "texture": "#0"},
				"west": {"uv": [0, 0, 0, 0.75], "texture": "#0"},
				"up": {"uv": [4.25, 0, 0, 0], "texture": "#0"},
				"down": {"uv": [4.25, 0, 0, 0], "texture": "#0"}
			}
		}
	],
	"display": {
		"thirdperson_righthand": {
			"rotation": [70, 0, 0],
			"translation": [0, 1, 0],
			"scale": [0.5, 0.5, 0.5]
		},
		"thirdperson_lefthand": {
			"rotation": [70, 0, 0]
		},
		"firstperson_righthand": {
			"translation": [0, 1, 0],
			"scale": [0.5, 0.5, 0.5]
		},
		"firstperson_lefthand": {
			"translation": [0, 1, 0],
			"scale": [0.5, 0.5, 0.5]
		},
		"ground": {
			"translation": [0, 6, 0]
		},
		"gui": {
			"rotation": [-160, 35, -180],
			"translation": [-0.75, 1, 0],
			"scale": [0.8, 0.8, 0.8]
		},
		"head": {
			"translation": [-0.25, 7.5, -3.25],
			"scale": [1.9, 1.9, 1.9]
		},
		"fixed": {
			"translation": [0, 0, -2]
		}
	},
	"groups": [
		{
			"name": "strawhat",
			"origin": [-4.5, 5.5, -3],
			"color": 0,
			"children": [0, 1, 2, 3, 4, 5, 6, 7]
		}
	]
}