{"credit":"Made with Blockbench","textures":{"0":"cosmetics/hats/summer_hat","1":"cosmetics/hats/summer_animation","particle":"cosmetic_packv7/summer_hat"},"elements":[{"from":[4,4,4],"to":[4,6,12],"rotation":{"angle":0,"axis":"y","origin":[4,0,4]},"faces":{"north":{"uv":[0,0,0,1],"texture":"#0"},"east":{"uv":[4,2,8,3],"texture":"#0"},"south":{"uv":[0,0,0,1],"texture":"#0"},"west":{"uv":[4,3,8,4],"texture":"#0"},"up":{"uv":[0,4,0,0],"texture":"#0"},"down":{"uv":[0,0,0,4],"texture":"#0"}}},{"from":[12,4,4],"to":[12,6,12],"rotation":{"angle":0,"axis":"y","origin":[12,0,4]},"faces":{"north":{"uv":[0,0,0,1],"texture":"#0"},"east":{"uv":[4,4,8,5],"texture":"#0"},"south":{"uv":[0,0,0,1],"texture":"#0"},"west":{"uv":[4,5,8,6],"texture":"#0"},"up":{"uv":[0,4,0,0],"texture":"#0"},"down":{"uv":[0,0,0,4],"texture":"#0"}}},{"from":[4,4,12],"to":[12,6,12],"rotation":{"angle":0,"axis":"y","origin":[4,0,4]},"faces":{"north":{"uv":[0,6,4,7],"texture":"#0"},"east":{"uv":[0,0,0,1],"texture":"#0"},"south":{"uv":[4,6,8,7],"texture":"#0"},"west":{"uv":[0,0,0,1],"texture":"#0"},"up":{"uv":[4,0,0,0],"texture":"#0"},"down":{"uv":[4,0,0,0],"texture":"#0"}}},{"from":[4,3,3],"to":[12,7,4],"rotation":{"angle":0,"axis":"y","origin":[4,0,-4]},"faces":{"north":{"uv":[0,0,4,2],"texture":"#0"},"east":{"uv":[1,8,1.5,10],"texture":"#0"},"south":{"uv":[0,2,4,4],"texture":"#0"},"west":{"uv":[8,1,8.5,3],"texture":"#0"},"up":{"uv":[5,7.5,1,7],"texture":"#0"},"down":{"uv":[9,7,5,7.5],"texture":"#0"}}},{"from":[3,1,3.75],"to":[8,2,3.75],"rotation":{"angle":0,"axis":"y","origin":[4,-3,-3.25]},"faces":{"north":{"uv":[8,0,10.5,0.5],"texture":"#0"},"east":{"uv":[0,0,0,0.5],"texture":"#0"},"south":{"uv":[8,0.5,10.5,1],"texture":"#0"},"west":{"uv":[0,0,0,0.5],"texture":"#0"},"up":{"uv":[2.5,0,0,0],"texture":"#0"},"down":{"uv":[2.5,0,0,0],"texture":"#0"}}},{"from":[3,1,3.75],"to":[3,11,4.75],"rotation":{"angle":0,"axis":"y","origin":[4,-3,-3.25]},"faces":{"north":{"uv":[0,0,0,5],"texture":"#0"},"east":{"uv":[0,7,0.5,12],"texture":"#0"},"south":{"uv":[0,0,0,5],"texture":"#0"},"west":{"uv":[0.5,7,1,12],"texture":"#0"},"up":{"uv":[0,0.5,0,0],"texture":"#0"},"down":{"uv":[0,0,0,0.5],"texture":"#0"}}},{"from":[3.8,2.8,2.8],"to":[12.2,7.2,4.2],"rotation":{"angle":0,"axis":"y","origin":[4,0,-4]},"faces":{"north":{"uv":[0,4,4,6],"texture":"#0"},"east":{"uv":[1.5,8,2,10],"texture":"#0"},"south":{"uv":[4,0,8,2],"texture":"#0"},"west":{"uv":[2,8,2.5,10],"texture":"#0"},"up":{"uv":[5,8,1,7.5],"texture":"#0"},"down":{"uv":[9,7.5,5,8],"texture":"#0"}}},{"from":[3,11,2.25],"to":[3,20,6.25],"rotation":{"angle":0,"axis":"y","origin":[3,11,6.25]},"faces":{"north":{"uv":[0,0,0,9],"texture":"#1"},"east":{"uv":[0,0,4,9],"texture":"#1"},"south":{"uv":[0,0,0,9],"texture":"#1"},"west":{"uv":[0,0,4,9],"texture":"#1"},"up":{"uv":[4,0,0,0],"rotation":270,"texture":"#1"},"down":{"uv":[4,0,0,0],"rotation":90,"texture":"#1"}}}],"gui_light":"front","display":{"gui":{"rotation":[180,-34,180],"translation":[-0.75,3.5,0],"scale":[1.28125,1.28125,1.28125]},"head":{"translation":[0,5,0],"scale":[1.7,1.7,1.7]}},"groups":[{"name":"summer_hat","origin":[8,8,8],"color":0,"children":[0,1,2,3,4,5,6,{"name":"summer_animation","origin":[8,8,8],"color":0,"children":[7]}]}],"mcmodels":"d0b5500512118c4c19371da2e4c8b124"}