{
	"credit": "Made with Blockbench",
	"texture_size": [32, 32],
	"textures": {
		"0": "cosmetics/hats/sun_visor_hat_texture",
		"particle": "springhats/sun_visor_hat_texture"
	},
	"elements": [
		{
			"from": [3.9, 2, 5.9],
			"to": [3.9, 4, 14.1],
			"rotation": {"angle": 0, "axis": "y", "origin": [0, -4, 2]},
			"faces": {
				"north": {"uv": [4, 7.5, 4, 8.5], "texture": "#0"},
				"east": {"uv": [0, 7.5, 4, 8.5], "texture": "#0"},
				"south": {"uv": [8, 7.5, 8, 8.5], "texture": "#0"},
				"west": {"uv": [4, 7.5, 8, 8.5], "texture": "#0"},
				"up": {"uv": [4, 7.5, 4, 3.5], "texture": "#0"},
				"down": {"uv": [4, 3.5, 4, 7.5], "texture": "#0"}
			}
		},
		{
			"from": [12.1, 2, 5.9],
			"to": [12.1, 4, 14.1],
			"rotation": {"angle": 0, "axis": "y", "origin": [16, -4, 2]},
			"faces": {
				"north": {"uv": [4, 6.5, 4, 7.5], "texture": "#0"},
				"east": {"uv": [0, 6.5, 4, 7.5], "texture": "#0"},
				"south": {"uv": [8, 6.5, 8, 7.5], "texture": "#0"},
				"west": {"uv": [4, 6.5, 8, 7.5], "texture": "#0"},
				"up": {"uv": [4, 6.5, 4, 2.5], "texture": "#0"},
				"down": {"uv": [4, 2.5, 4, 6.5], "texture": "#0"}
			}
		},
		{
			"from": [12.1, 2, 5.9],
			"to": [13.1, 2, 14.1],
			"rotation": {"angle": 0, "axis": "y", "origin": [16, -4, 2]},
			"faces": {
				"north": {"uv": [5, 6.5, 5.5, 6.5], "texture": "#0"},
				"east": {"uv": [1, 6.5, 5, 6.5], "texture": "#0"},
				"south": {"uv": [9.5, 6.5, 10, 6.5], "texture": "#0"},
				"west": {"uv": [5.5, 6.5, 9.5, 6.5], "texture": "#0"},
				"up": {"uv": [5.5, 6.5, 5, 2.5], "texture": "#0"},
				"down": {"uv": [6, 2.5, 5.5, 6.5], "texture": "#0"}
			}
		},
		{
			"from": [2.9, 2, 5.9],
			"to": [3.9, 2, 14.1],
			"rotation": {"angle": 0, "axis": "y", "origin": [0, -4, 2]},
			"faces": {
				"north": {"uv": [4, 6.5, 4.5, 6.5], "texture": "#0"},
				"east": {"uv": [0, 6.5, 4, 6.5], "texture": "#0"},
				"south": {"uv": [8.5, 6.5, 9, 6.5], "texture": "#0"},
				"west": {"uv": [4.5, 6.5, 8.5, 6.5], "texture": "#0"},
				"up": {"uv": [4.5, 6.5, 4, 2.5], "texture": "#0"},
				"down": {"uv": [5, 2.5, 4.5, 6.5], "texture": "#0"}
			}
		},
		{
			"from": [3.9, 0, 14.1],
			"to": [12.1, 6, 14.1],
			"rotation": {"angle": 0, "axis": "y", "origin": [0, -4, 2]},
			"faces": {
				"north": {"uv": [6, 2.5, 10, 5.5], "texture": "#0"},
				"east": {"uv": [6, 2.5, 6, 5.5], "texture": "#0"},
				"south": {"uv": [10, 2.5, 14, 5.5], "texture": "#0"},
				"west": {"uv": [10, 2.5, 10, 5.5], "texture": "#0"},
				"up": {"uv": [10, 2.5, 6, 2.5], "texture": "#0"},
				"down": {"uv": [14, 2.5, 10, 2.5], "texture": "#0"}
			}
		},
		{
			"from": [3.9, 2, 5.9],
			"to": [12.1, 4, 5.9],
			"rotation": {"angle": 0, "axis": "y", "origin": [0, -4, 18]},
			"faces": {
				"north": {"uv": [6, 5.5, 10, 6.5], "texture": "#0"},
				"east": {"uv": [6, 5.5, 6, 6.5], "texture": "#0"},
				"south": {"uv": [10, 5.5, 14, 6.5], "texture": "#0"},
				"west": {"uv": [10, 5.5, 10, 6.5], "texture": "#0"},
				"up": {"uv": [10, 5.5, 6, 5.5], "texture": "#0"},
				"down": {"uv": [14, 5.5, 10, 5.5], "texture": "#0"}
			}
		},
		{
			"from": [2.9, 2, 0.9],
			"to": [13.1, 2, 5.9],
			"rotation": {"angle": -22.5, "axis": "x", "origin": [8, 2, 5.9]},
			"faces": {
				"north": {"uv": [2.5, 2.5, 7.5, 2.5], "texture": "#0"},
				"east": {"uv": [0, 2.5, 2.5, 2.5], "texture": "#0"},
				"south": {"uv": [10, 2.5, 15, 2.5], "texture": "#0"},
				"west": {"uv": [7.5, 2.5, 10, 2.5], "texture": "#0"},
				"up": {"uv": [7.5, 2.5, 2.5, 0], "texture": "#0"},
				"down": {"uv": [12.5, 0, 7.5, 2.5], "texture": "#0"}
			}
		}
	],
	"display": {
		"thirdperson_righthand": {
			"translation": [0, 3.5, -4.25]
		},
		"thirdperson_lefthand": {
			"translation": [0, 3.5, -4.25]
		},
		"firstperson_righthand": {
			"rotation": [12.5, 0, 0],
			"translation": [2.25, 3.75, 0]
		},
		"firstperson_lefthand": {
			"rotation": [12.5, 0, 0],
			"translation": [2.25, 3.75, 0]
		},
		"ground": {
			"translation": [0, 3, 0],
			"scale": [0.5, 0.5, 0.5]
		},
		"gui": {
			"rotation": [26, -148, 0],
			"translation": [0, 5, 0]
		},
		"head": {
			"translation": [0, 14.5, -3.5],
			"scale": [1.8, 1.8, 1.8]
		},
		"fixed": {
			"rotation": [-90, 0, 0],
			"translation": [0, 0, -16],
			"scale": [2, 2, 2]
		}
	},
	"groups": [
		{
			"name": "sun_visor",
			"origin": [8, 2, 5.9],
			"color": 0,
			"nbt": "{}",
			"children": [0, 1, 2, 3, 4, 5, 6]
		}
	]
}