{
	"credit": "Made with Blockbench",
	"texture_size": [32, 32],
	"textures": {
		"0": "cosmetics/hats/sun_hat_texture",
		"particle": "springhats/sun_hat_texture"
	},
	"elements": [
		{
			"from": [4, 3, 6.5],
			"to": [11, 10, 9.5],
			"faces": {
				"north": {"uv": [7.5, 12.5, 11, 16], "texture": "#0"},
				"east": {"uv": [6, 12.5, 7.5, 16], "texture": "#0"},
				"south": {"uv": [12.5, 12.5, 16, 16], "texture": "#0"},
				"west": {"uv": [11, 12.5, 12.5, 16], "texture": "#0"},
				"up": {"uv": [11, 12.5, 7.5, 11], "texture": "#0"},
				"down": {"uv": [14.5, 11, 11, 12.5], "texture": "#0"}
			}
		},
		{
			"name": "face",
			"from": [4, 3, 6.475],
			"to": [11, 10, 6.475],
			"faces": {
				"north": {"uv": [7.5, 7, 11, 10.5], "texture": "#0"},
				"east": {"uv": [7.5, 7, 7.5, 10.5], "texture": "#0"},
				"south": {"uv": [11, 7, 14.5, 10.5], "texture": "#0"},
				"west": {"uv": [11, 7, 11, 10.5], "texture": "#0"},
				"up": {"uv": [11, 7, 7.5, 7], "texture": "#0"},
				"down": {"uv": [14.5, 7, 11, 7], "texture": "#0"}
			}
		},
		{
			"from": [0, 0, 8],
			"to": [15, 13, 8],
			"faces": {
				"north": {"uv": [0, 0, 7.5, 6.5], "texture": "#0"},
				"east": {"uv": [0, 0, 0, 6.5], "texture": "#0"},
				"south": {"uv": [7.5, 0, 15, 6.5], "texture": "#0"},
				"west": {"uv": [7.5, 0, 7.5, 6.5], "texture": "#0"},
				"up": {"uv": [7.5, 0, 0, 0], "texture": "#0"},
				"down": {"uv": [15, 0, 7.5, 0], "texture": "#0"}
			}
		}
	],
	"display": {
		"thirdperson_righthand": {
			"translation": [0.5, -0.5, 0.5]
		},
		"thirdperson_lefthand": {
			"translation": [0.5, -0.5, 0.5]
		},
		"firstperson_righthand": {
			"rotation": [12.5, 0, 0],
			"translation": [2.25, 3.75, 0]
		},
		"firstperson_lefthand": {
			"rotation": [12.5, 0, 0],
			"translation": [2.25, 3.75, 0]
		},
		"ground": {
			"translation": [0, 3, 0],
			"scale": [0.5, 0.5, 0.5]
		},
		"gui": {
			"rotation": [15, -180, 0],
			"translation": [-0.5, 1.25, 0],
			"scale": [0.85, 0.85, 0.85]
		},
		"head": {
			"rotation": [-12.5, 0, 0],
			"translation": [0.75, 21.25, -1.5],
			"scale": [1.6, 1.6, 1.6]
		},
		"fixed": {
			"rotation": [-90, 0, 0],
			"translation": [0, 0, -16],
			"scale": [2, 2, 2]
		}
	},
	"groups": [
		{
			"name": "sun_hat",
			"origin": [0, 0, 0],
			"color": 0,
			"nbt": "{}",
			"children": [0, 1, 2]
		}
	]
}