{
	"credit": "Made with Blockbench",
	"texture_size": [32, 32],
	"textures": {
		"0": "cosmetics/hats/vikinghelmet"
	},
	"elements": [
		{
			"from": [4.25534, 4.89154, 4.83021],
			"to": [11.98034, 4.89154, 12.55521],
			"rotation": {"angle": 0, "axis": "y", "origin": [8.31214, -0.25846, 8.77961]},
			"faces": {
				"north": {"uv": [0, 0, 3.75, 0], "texture": "#0"},
				"east": {"uv": [0, 0, 3.75, 0], "texture": "#0"},
				"south": {"uv": [0, 0, 3.75, 0], "texture": "#0"},
				"west": {"uv": [0, 0, 3.75, 0], "texture": "#0"},
				"up": {"uv": [3.75, 3.75, 0, 0], "texture": "#0"},
				"down": {"uv": [3.75, 4, 0, 7.75], "texture": "#0"}
			}
		},
		{
			"from": [7.34534, 1.83154, 4.30021],
			"to": [8.89034, 5.40654, 13.07021],
			"rotation": {"angle": 0, "axis": "y", "origin": [8.31214, -0.25846, 8.77961]},
			"faces": {
				"north": {"uv": [6, 10, 6.75, 11.75], "texture": "#0"},
				"east": {"uv": [4, 0, 8.5, 1.75], "texture": "#0"},
				"south": {"uv": [7, 10, 7.75, 11.75], "texture": "#0"},
				"west": {"uv": [4, 2, 8.5, 3.75], "texture": "#0"},
				"up": {"uv": [8.75, 14, 8, 9.5], "texture": "#0"},
				"down": {"uv": [9.75, 9.5, 9, 14], "texture": "#0"}
			}
		},
		{
			"from": [4.25534, 1.80154, 4.83021],
			"to": [11.98034, 4.89154, 4.83021],
			"rotation": {"angle": 0, "axis": "y", "origin": [8.31214, -0.25846, 8.77961]},
			"faces": {
				"north": {"uv": [8, 8, 11.75, 9.5], "texture": "#0"},
				"east": {"uv": [0, 0, 0, 1.5], "texture": "#0"},
				"south": {"uv": [8.5, 0, 12.25, 1.5], "texture": "#0"},
				"west": {"uv": [0, 0, 0, 1.5], "texture": "#0"},
				"up": {"uv": [3.75, 0, 0, 0], "texture": "#0"},
				"down": {"uv": [3.75, 0, 0, 0], "texture": "#0"}
			}
		},
		{
			"from": [4.25534, 0.77154, 12.55521],
			"to": [11.98034, 4.89154, 12.55521],
			"rotation": {"angle": 0, "axis": "y", "origin": [8.31214, -0.25846, 8.77961]},
			"faces": {
				"north": {"uv": [4, 4, 7.75, 6], "texture": "#0"},
				"east": {"uv": [0, 0, 0, 2], "texture": "#0"},
				"south": {"uv": [4, 6, 7.75, 8], "texture": "#0"},
				"west": {"uv": [0, 0, 0, 2], "texture": "#0"},
				"up": {"uv": [3.75, 0, 0, 0], "texture": "#0"},
				"down": {"uv": [3.75, 0, 0, 0], "texture": "#0"}
			}
		},
		{
			"from": [11.98034, 0.77154, 4.83021],
			"to": [11.98034, 4.89154, 12.55521],
			"rotation": {"angle": 0, "axis": "y", "origin": [8.31214, -0.25846, 8.77961]},
			"faces": {
				"north": {"uv": [0, 0, 0, 2], "texture": "#0"},
				"east": {"uv": [0, 8, 3.75, 10], "texture": "#0"},
				"south": {"uv": [0, 0, 0, 2], "texture": "#0"},
				"west": {"uv": [4, 8, 7.75, 10], "texture": "#0"},
				"up": {"uv": [0, 3.75, 0, 0], "texture": "#0"},
				"down": {"uv": [0, 0, 0, 3.75], "texture": "#0"}
			}
		},
		{
			"from": [4.25534, 0.77154, 4.83021],
			"to": [4.25534, 4.89154, 12.55521],
			"rotation": {"angle": 0, "axis": "y", "origin": [8.31214, -0.25846, 8.77961]},
			"faces": {
				"north": {"uv": [0, 0, 0, 2], "texture": "#0"},
				"east": {"uv": [8, 4, 11.75, 6], "texture": "#0"},
				"south": {"uv": [0, 0, 0, 2], "texture": "#0"},
				"west": {"uv": [8, 6, 11.75, 8], "texture": "#0"},
				"up": {"uv": [0, 3.75, 0, 0], "texture": "#0"},
				"down": {"uv": [0, 0, 0, 3.75], "texture": "#0"}
			}
		},
		{
			"from": [1.93784, 2.47104, 7.66271],
			"to": [4.51284, 4.53104, 9.72271],
			"rotation": {"angle": -22.5, "axis": "z", "origin": [2.71034, 2.72854, 8.69271]},
			"faces": {
				"north": {"uv": [10, 9.5, 11.25, 10.5], "texture": "#0"},
				"east": {"uv": [0, 12, 1, 13], "texture": "#0"},
				"south": {"uv": [10.5, 1.5, 11.75, 2.5], "texture": "#0"},
				"west": {"uv": [1, 12, 2, 13], "texture": "#0"},
				"up": {"uv": [11.75, 3.5, 10.5, 2.5], "texture": "#0"},
				"down": {"uv": [11.25, 10.5, 10, 11.5], "texture": "#0"}
			}
		},
		{
			"from": [11.72284, 2.47104, 7.66271],
			"to": [14.29784, 4.53104, 9.72271],
			"rotation": {"angle": 22.5, "axis": "z", "origin": [13.26784, 2.72854, 8.69271]},
			"faces": {
				"north": {"uv": [11.5, 9.5, 12.75, 10.5], "texture": "#0"},
				"east": {"uv": [12, 1.5, 13, 2.5], "texture": "#0"},
				"south": {"uv": [10, 11.5, 11.25, 12.5], "texture": "#0"},
				"west": {"uv": [2, 12, 3, 13], "texture": "#0"},
				"up": {"uv": [12.75, 11.5, 11.5, 10.5], "texture": "#0"},
				"down": {"uv": [12.75, 11.5, 11.5, 12.5], "texture": "#0"}
			}
		},
		{
			"from": [14.29784, 2.47104, 7.66271],
			"to": [16.35784, 6.59104, 9.72271],
			"rotation": {"angle": 22.5, "axis": "z", "origin": [13.26784, 2.72854, 8.69271]},
			"faces": {
				"north": {"uv": [8.5, 1.5, 9.5, 3.5], "texture": "#0"},
				"east": {"uv": [9.5, 1.5, 10.5, 3.5], "texture": "#0"},
				"south": {"uv": [0, 10, 1, 12], "texture": "#0"},
				"west": {"uv": [1, 10, 2, 12], "texture": "#0"},
				"up": {"uv": [13, 3.5, 12, 2.5], "texture": "#0"},
				"down": {"uv": [4, 12, 3, 13], "texture": "#0"}
			}
		},
		{
			"from": [16.35784, 6.59104, 7.66271],
			"to": [16.35784, 7.62104, 9.72271],
			"rotation": {"angle": 22.5, "axis": "z", "origin": [13.26784, 2.72854, 8.69271]},
			"faces": {
				"north": {"uv": [0, 0, 0, 0.5], "texture": "#0"},
				"east": {"uv": [8.5, 3.5, 9.5, 4], "texture": "#0"},
				"south": {"uv": [0, 0, 0, 0.5], "texture": "#0"},
				"west": {"uv": [9.5, 3.5, 10.5, 4], "texture": "#0"},
				"up": {"uv": [0, 1, 0, 0], "texture": "#0"},
				"down": {"uv": [0, 0, 0, 1], "texture": "#0"}
			}
		},
		{
			"from": [14.29784, 6.59104, 7.66271],
			"to": [16.35784, 7.62104, 7.66271],
			"rotation": {"angle": 22.5, "axis": "z", "origin": [13.26784, 2.72854, 8.69271]},
			"faces": {
				"north": {"uv": [10.5, 3.5, 11.5, 4], "texture": "#0"},
				"east": {"uv": [0, 0, 0, 0.5], "texture": "#0"},
				"south": {"uv": [12, 4.5, 13, 5], "texture": "#0"},
				"west": {"uv": [0, 0, 0, 0.5], "texture": "#0"},
				"up": {"uv": [1, 0, 0, 0], "texture": "#0"},
				"down": {"uv": [1, 0, 0, 0], "texture": "#0"}
			}
		},
		{
			"from": [14.29784, 6.59104, 9.72271],
			"to": [16.35784, 7.62104, 9.72271],
			"rotation": {"angle": 22.5, "axis": "z", "origin": [13.26784, 2.72854, 8.69271]},
			"faces": {
				"north": {"uv": [5, 12, 6, 12.5], "texture": "#0"},
				"east": {"uv": [0, 0, 0, 0.5], "texture": "#0"},
				"south": {"uv": [12, 5, 13, 5.5], "texture": "#0"},
				"west": {"uv": [0, 0, 0, 0.5], "texture": "#0"},
				"up": {"uv": [1, 0, 0, 0], "texture": "#0"},
				"down": {"uv": [1, 0, 0, 0], "texture": "#0"}
			}
		},
		{
			"from": [-0.12216, 2.47104, 7.66271],
			"to": [1.93784, 6.59104, 9.72271],
			"rotation": {"angle": -22.5, "axis": "z", "origin": [2.71034, 2.72854, 8.69271]},
			"faces": {
				"north": {"uv": [2, 10, 3, 12], "texture": "#0"},
				"east": {"uv": [3, 10, 4, 12], "texture": "#0"},
				"south": {"uv": [4, 10, 5, 12], "texture": "#0"},
				"west": {"uv": [5, 10, 6, 12], "texture": "#0"},
				"up": {"uv": [13, 4.5, 12, 3.5], "texture": "#0"},
				"down": {"uv": [5, 12, 4, 13], "texture": "#0"}
			}
		},
		{
			"from": [-0.12216, 6.59104, 7.66271],
			"to": [-0.12216, 7.62104, 9.72271],
			"rotation": {"angle": -22.5, "axis": "z", "origin": [2.71034, 2.72854, 8.69271]},
			"faces": {
				"north": {"uv": [0, 0, 0, 0.5], "texture": "#0"},
				"east": {"uv": [12, 5.5, 13, 6], "texture": "#0"},
				"south": {"uv": [0, 0, 0, 0.5], "texture": "#0"},
				"west": {"uv": [6, 12, 7, 12.5], "texture": "#0"},
				"up": {"uv": [0, 1, 0, 0], "texture": "#0"},
				"down": {"uv": [0, 0, 0, 1], "texture": "#0"}
			}
		},
		{
			"from": [-0.12216, 6.59104, 9.72271],
			"to": [1.93784, 7.62104, 9.72271],
			"rotation": {"angle": -22.5, "axis": "z", "origin": [2.71034, 2.72854, 8.69271]},
			"faces": {
				"north": {"uv": [12, 6, 13, 6.5], "texture": "#0"},
				"east": {"uv": [0, 0, 0, 0.5], "texture": "#0"},
				"south": {"uv": [12, 6.5, 13, 7], "texture": "#0"},
				"west": {"uv": [0, 0, 0, 0.5], "texture": "#0"},
				"up": {"uv": [1, 0, 0, 0], "texture": "#0"},
				"down": {"uv": [1, 0, 0, 0], "texture": "#0"}
			}
		},
		{
			"from": [-0.12216, 6.59104, 7.66271],
			"to": [1.93784, 7.62104, 7.66271],
			"rotation": {"angle": -22.5, "axis": "z", "origin": [2.71034, 2.72854, 8.69271]},
			"faces": {
				"north": {"uv": [7, 12, 8, 12.5], "texture": "#0"},
				"east": {"uv": [0, 0, 0, 0.5], "texture": "#0"},
				"south": {"uv": [12, 7, 13, 7.5], "texture": "#0"},
				"west": {"uv": [0, 0, 0, 0.5], "texture": "#0"},
				"up": {"uv": [1, 0, 0, 0], "texture": "#0"},
				"down": {"uv": [1, 0, 0, 0], "texture": "#0"}
			}
		}
	],
	"display": {
		"thirdperson_righthand": {
			"rotation": [70, 0, 0],
			"translation": [0, 1, 2.5],
			"scale": [0.7, 0.7, 0.7]
		},
		"thirdperson_lefthand": {
			"rotation": [70, 0, 0],
			"translation": [0, 1, 2.5],
			"scale": [0.7, 0.7, 0.7]
		},
		"firstperson_righthand": {
			"translation": [0, 3, 0],
			"scale": [0.7, 0.7, 0.7]
		},
		"firstperson_lefthand": {
			"translation": [0, 3, 0],
			"scale": [0.7, 0.7, 0.7]
		},
		"ground": {
			"translation": [0, 6, 0]
		},
		"gui": {
			"rotation": [-160, 35, -180],
			"translation": [0, 3, 0],
			"scale": [0.9, 0.9, 0.9]
		},
		"head": {
			"translation": [-0.25, 13.5, -1.25],
			"scale": [1.9, 1.9, 1.9]
		},
		"fixed": {
			"translation": [0, 4, 0]
		}
	},
	"groups": [
		{
			"name": "vikinghelmet",
			"origin": [8.2388, -3.79178, 9.72767],
			"color": 0,
			"children": [0, 1, 2, 3, 4, 5, 6, 7, 8, 9, 10, 11, 12, 13, 14, 15]
		}
	]
}