{
	"credit": "Made with Blockbench",
	"ambientocclusion": false,
	"texture_size": [64, 64],
	"textures": {
		"0": "cosmetics/hats/watermelon_textures",
		"particle": "custom_hats/watermelon_textures"
	},
	"elements": [
		{
			"from": [21.6612, 14.24817, 12],
			"to": [22.6612, 17.24817, 15],
			"rotation": {"angle": 22.5, "axis": "z", "origin": [23.6612, 4.24817, 6]},
			"faces": {
				"north": {"uv": [1.25, 3.5, 1.5, 4.25], "texture": "#0"},
				"east": {"uv": [4.75, 5, 5.5, 5.75], "texture": "#0"},
				"south": {"uv": [1, 7, 1.25, 7.75], "texture": "#0"},
				"west": {"uv": [5.5, 4.5, 6.25, 5.25], "texture": "#0"},
				"up": {"uv": [4.75, 8, 4.5, 7.25], "texture": "#0"},
				"down": {"uv": [3, 7.75, 2.75, 8.5], "texture": "#0"}
			}
		},
		{
			"from": [17.91049, 7.07928, 12],
			"to": [18.91049, 13.10428, 15],
			"rotation": {"angle": 0, "axis": "y", "origin": [18.91049, 1.70428, 6]},
			"faces": {
				"north": {"uv": [4.75, 6.5, 5, 8], "texture": "#0"},
				"east": {"uv": [1.75, 5, 2.5, 6.5], "texture": "#0"},
				"south": {"uv": [5, 6.5, 5.25, 8], "texture": "#0"},
				"west": {"uv": [2.5, 5, 3.25, 6.5], "texture": "#0"},
				"up": {"uv": [3.25, 8.5, 3, 7.75], "texture": "#0"},
				"down": {"uv": [8, 7.25, 7.75, 8], "texture": "#0"}
			}
		},
		{
			"from": [14.05533, 0.77211, 12],
			"to": [15.05533, 3.77211, 15],
			"rotation": {"angle": -45, "axis": "z", "origin": [17.05533, 0.77211, 6]},
			"faces": {
				"north": {"uv": [8, 0.5, 8.25, 1.25], "texture": "#0"},
				"east": {"uv": [5.5, 5.25, 6.25, 6], "texture": "#0"},
				"south": {"uv": [8, 1.25, 8.25, 2], "texture": "#0"},
				"west": {"uv": [3.25, 5.75, 4, 6.5], "texture": "#0"},
				"up": {"uv": [8.25, 3.75, 8, 3], "texture": "#0"},
				"down": {"uv": [3.5, 8, 3.25, 8.75], "texture": "#0"}
			}
		},
		{
			"from": [15.53827, 4.15332, 12],
			"to": [16.53827, 7.15332, 15],
			"rotation": {"angle": -22.5, "axis": "z", "origin": [17.53827, 1.15332, 6]},
			"faces": {
				"north": {"uv": [3.5, 8, 3.75, 8.75], "texture": "#0"},
				"east": {"uv": [4, 5.75, 4.75, 6.5], "texture": "#0"},
				"south": {"uv": [8, 3.75, 8.25, 4.5], "texture": "#0"},
				"west": {"uv": [4.75, 5.75, 5.5, 6.5], "texture": "#0"},
				"up": {"uv": [4.75, 8.75, 4.5, 8], "texture": "#0"},
				"down": {"uv": [8.25, 4.5, 8, 5.25], "texture": "#0"}
			}
		},
		{
			"from": [27.54061, 17.8551, 12],
			"to": [28.54061, 20.8551, 15],
			"rotation": {"angle": 45, "axis": "z", "origin": [25.54061, 3.8551, 6]},
			"faces": {
				"north": {"uv": [4.75, 8, 5, 8.75], "texture": "#0"},
				"east": {"uv": [5.5, 6, 6.25, 6.75], "texture": "#0"},
				"south": {"uv": [5, 8, 5.25, 8.75], "texture": "#0"},
				"west": {"uv": [0, 6.25, 0.75, 7], "texture": "#0"},
				"up": {"uv": [6, 8.75, 5.75, 8], "texture": "#0"},
				"down": {"uv": [6.25, 8, 6, 8.75], "texture": "#0"}
			}
		},
		{
			"from": [13.39112, 2.18632, 12],
			"to": [15.64112, 3.18632, 15],
			"rotation": {"angle": 0, "axis": "y", "origin": [12.64112, 0.18632, 6]},
			"faces": {
				"north": {"uv": [3.25, 4.25, 3.75, 4.5], "texture": "#0"},
				"east": {"uv": [7.75, 6.25, 8.5, 6.5], "texture": "#0"},
				"south": {"uv": [6.5, 4.25, 7, 4.5], "texture": "#0"},
				"west": {"uv": [7.75, 6.5, 8.5, 6.75], "texture": "#0"},
				"up": {"uv": [5.75, 7.5, 5.25, 6.75], "texture": "#0"},
				"down": {"uv": [6.25, 6.75, 5.75, 7.5], "texture": "#0"}
			}
		},
		{
			"from": [13.39112, 16.99724, 12],
			"to": [15.64112, 17.99724, 15],
			"rotation": {"angle": 0, "axis": "y", "origin": [12.64112, -0.00276, 6]},
			"faces": {
				"north": {"uv": [8.25, 5, 8.75, 5.25], "texture": "#0"},
				"east": {"uv": [8, 2, 8.75, 2.25], "texture": "#0"},
				"south": {"uv": [0.5, 8.5, 1, 8.75], "texture": "#0"},
				"west": {"uv": [8, 2.25, 8.75, 2.5], "texture": "#0"},
				"up": {"uv": [6.75, 7.5, 6.25, 6.75], "texture": "#0"},
				"down": {"uv": [7.25, 6.75, 6.75, 7.5], "texture": "#0"}
			}
		},
		{
			"from": [14.90937, 16.51196, 12.025],
			"to": [16.55937, 17.01196, 14.975],
			"rotation": {"angle": 0, "axis": "y", "origin": [18.90937, 2.08696, 6]},
			"faces": {
				"north": {"uv": [8.5, 5.25, 8.875, 5.375], "texture": "#0"},
				"east": {"uv": [1.75, 8.5, 2.5, 8.625], "texture": "#0"},
				"south": {"uv": [8.5, 5.5, 8.875, 5.625], "texture": "#0"},
				"west": {"uv": [2.5, 8.5, 3.25, 8.625], "texture": "#0"},
				"up": {"uv": [7.625, 3.25, 7.25, 2.5], "texture": "#0"},
				"down": {"uv": [3.625, 7.25, 3.25, 8], "texture": "#0"}
			}
		},
		{
			"from": [14.90937, 4.98696, 12.025],
			"to": [17.90937, 15.31196, 14.975],
			"rotation": {"angle": 0, "axis": "y", "origin": [18.90937, 2.08696, 6]},
			"faces": {
				"north": {"uv": [1.5, 1.5, 2.25, 4.125], "texture": "#0"},
				"east": {"uv": [2.25, 1.5, 3, 4.125], "texture": "#0"},
				"south": {"uv": [3, 1.5, 3.75, 4.125], "texture": "#0"},
				"west": {"uv": [0, 3.5, 0.75, 6.125], "texture": "#0"},
				"up": {"uv": [7, 5.25, 6.25, 4.5], "texture": "#0"},
				"down": {"uv": [7, 5.25, 6.25, 6], "texture": "#0"}
			}
		},
		{
			"from": [14.90937, 15.31196, 12.025],
			"to": [16.90937, 16.51196, 14.975],
			"rotation": {"angle": 0, "axis": "y", "origin": [18.90937, 2.08696, 6]},
			"faces": {
				"north": {"uv": [8, 5.25, 8.5, 5.625], "texture": "#0"},
				"east": {"uv": [7.25, 3.25, 8, 3.625], "texture": "#0"},
				"south": {"uv": [6.25, 8, 6.75, 8.375], "texture": "#0"},
				"west": {"uv": [3.75, 7.25, 4.5, 7.625], "texture": "#0"},
				"up": {"uv": [0.5, 7.75, 0, 7], "texture": "#0"},
				"down": {"uv": [1, 7, 0.5, 7.75], "texture": "#0"}
			}
		},
		{
			"from": [14.90937, 3.66196, 12.025],
			"to": [16.98437, 4.98696, 14.975],
			"rotation": {"angle": 0, "axis": "y", "origin": [18.90937, 18.08696, 6]},
			"faces": {
				"north": {"uv": [6.75, 8, 7.25, 8.375], "texture": "#0"},
				"east": {"uv": [7.25, 3.75, 8, 4.125], "texture": "#0"},
				"south": {"uv": [8, 6.75, 8.5, 7.125], "texture": "#0"},
				"west": {"uv": [7.25, 6.75, 8, 7.125], "texture": "#0"},
				"up": {"uv": [7.5, 5, 7, 4.25], "texture": "#0"},
				"down": {"uv": [7.5, 5, 7, 5.75], "texture": "#0"}
			}
		},
		{
			"from": [14.90937, 3.18696, 12.025],
			"to": [16.55937, 3.66196, 14.975],
			"rotation": {"angle": 0, "axis": "y", "origin": [18.90937, 18.08696, 6]},
			"faces": {
				"north": {"uv": [8.5, 5.75, 8.875, 5.875], "texture": "#0"},
				"east": {"uv": [8.5, 2.5, 9.25, 2.625], "texture": "#0"},
				"south": {"uv": [8.5, 6, 8.875, 6.125], "texture": "#0"},
				"west": {"uv": [8.5, 2.75, 9.25, 2.875], "texture": "#0"},
				"up": {"uv": [7.625, 8, 7.25, 7.25], "texture": "#0"},
				"down": {"uv": [7.875, 4.25, 7.5, 5], "texture": "#0"}
			}
		},
		{
			"from": [13.40937, 3.18696, 12.025],
			"to": [14.90937, 17.01196, 14.975],
			"rotation": {"angle": 0, "axis": "y", "origin": [18.90937, 2.08696, 6]},
			"faces": {
				"north": {"uv": [0.75, 3.5, 1.125, 7], "texture": "#0"},
				"east": {"uv": [0, 0, 0.75, 3.5], "texture": "#0"},
				"south": {"uv": [1.25, 4.25, 1.625, 7.75], "texture": "#0"},
				"west": {"uv": [0.75, 0, 1.5, 3.5], "texture": "#0"},
				"up": {"uv": [7.875, 5.75, 7.5, 5], "texture": "#0"},
				"down": {"uv": [5.625, 7.5, 5.25, 8.25], "texture": "#0"}
			}
		},
		{
			"from": [12.1612, -4.25183, 6],
			"to": [15.1612, -3.25183, 9],
			"rotation": {"angle": 22.5, "axis": "z", "origin": [2.1612, -5.25183, 0]},
			"faces": {
				"north": {"uv": [7.25, 8, 8, 8.25], "texture": "#0"},
				"east": {"uv": [8, 7.25, 8.75, 7.5], "texture": "#0"},
				"south": {"uv": [8, 7.5, 8.75, 7.75], "texture": "#0"},
				"west": {"uv": [8, 7.75, 8.75, 8], "texture": "#0"},
				"up": {"uv": [7, 6.75, 6.25, 6], "texture": "#0"},
				"down": {"uv": [7.25, 0.5, 6.5, 1.25], "texture": "#0"}
			}
		},
		{
			"from": [4.99232, -0.50112, 6],
			"to": [11.01732, 0.49888, 9],
			"rotation": {"angle": 0, "axis": "y", "origin": [-0.38268, -0.50112, 0]},
			"faces": {
				"north": {"uv": [1.75, 4.25, 3.25, 4.5], "texture": "#0"},
				"east": {"uv": [8, 8, 8.75, 8.25], "texture": "#0"},
				"south": {"uv": [5, 1.25, 6.5, 1.5], "texture": "#0"},
				"west": {"uv": [8.25, 0.5, 9, 0.75], "texture": "#0"},
				"up": {"uv": [6.5, 1.25, 5, 0.5], "texture": "#0"},
				"down": {"uv": [4.75, 5, 3.25, 5.75], "texture": "#0"}
			}
		},
		{
			"from": [-1.31486, 3.35404, 6],
			"to": [1.68514, 4.35404, 9],
			"rotation": {"angle": -45, "axis": "z", "origin": [-1.31486, 1.35404, 0]},
			"faces": {
				"north": {"uv": [8.25, 0.75, 9, 1], "texture": "#0"},
				"east": {"uv": [8.25, 1, 9, 1.25], "texture": "#0"},
				"south": {"uv": [8.25, 1.25, 9, 1.5], "texture": "#0"},
				"west": {"uv": [8.25, 1.5, 9, 1.75], "texture": "#0"},
				"up": {"uv": [7.25, 2, 6.5, 1.25], "texture": "#0"},
				"down": {"uv": [2.5, 6.5, 1.75, 7.25], "texture": "#0"}
			}
		},
		{
			"from": [2.06636, 1.8711, 6],
			"to": [5.06636, 2.8711, 9],
			"rotation": {"angle": -22.5, "axis": "z", "origin": [-0.93364, 0.8711, 0]},
			"faces": {
				"north": {"uv": [8.25, 1.75, 9, 2], "texture": "#0"},
				"east": {"uv": [2, 8.25, 2.75, 8.5], "texture": "#0"},
				"south": {"uv": [8.25, 3, 9, 3.25], "texture": "#0"},
				"west": {"uv": [8.25, 3.25, 9, 3.5], "texture": "#0"},
				"up": {"uv": [7.25, 2.75, 6.5, 2], "texture": "#0"},
				"down": {"uv": [3.25, 6.5, 2.5, 7.25], "texture": "#0"}
			}
		},
		{
			"from": [15.76814, -10.13124, 6],
			"to": [18.76814, -9.13124, 9],
			"rotation": {"angle": 45, "axis": "z", "origin": [1.76814, -7.13124, 0]},
			"faces": {
				"north": {"uv": [8.25, 3.5, 9, 3.75], "texture": "#0"},
				"east": {"uv": [3.75, 8.25, 4.5, 8.5], "texture": "#0"},
				"south": {"uv": [8.25, 3.75, 9, 4], "texture": "#0"},
				"west": {"uv": [8.25, 4, 9, 4.25], "texture": "#0"},
				"up": {"uv": [7.25, 3.5, 6.5, 2.75], "texture": "#0"},
				"down": {"uv": [4, 6.5, 3.25, 7.25], "texture": "#0"}
			}
		},
		{
			"from": [0.09936, 2.76825, 6],
			"to": [1.09936, 5.01825, 9],
			"rotation": {"angle": 0, "axis": "y", "origin": [-1.90064, 5.76825, 0]},
			"faces": {
				"north": {"uv": [5.25, 4.5, 5.5, 5], "texture": "#0"},
				"east": {"uv": [7, 5.75, 7.75, 6.25], "texture": "#0"},
				"south": {"uv": [1, 8.5, 1.25, 9], "texture": "#0"},
				"west": {"uv": [7, 6.25, 7.75, 6.75], "texture": "#0"},
				"up": {"uv": [8.5, 5, 8.25, 4.25], "texture": "#0"},
				"down": {"uv": [5.5, 8.25, 5.25, 9], "texture": "#0"}
			}
		},
		{
			"from": [14.91028, 2.76825, 6],
			"to": [15.91028, 5.01825, 9],
			"rotation": {"angle": 0, "axis": "y", "origin": [-2.08972, 5.76825, 0]},
			"faces": {
				"north": {"uv": [1.25, 8.5, 1.5, 9], "texture": "#0"},
				"east": {"uv": [7.25, 0.5, 8, 1], "texture": "#0"},
				"south": {"uv": [1.5, 8.5, 1.75, 9], "texture": "#0"},
				"west": {"uv": [7.25, 1, 8, 1.5], "texture": "#0"},
				"up": {"uv": [5.75, 9, 5.5, 8.25], "texture": "#0"},
				"down": {"uv": [7.5, 8.25, 7.25, 9], "texture": "#0"}
			}
		},
		{
			"from": [14.425, 1.85, 6.025],
			"to": [14.925, 3.5, 8.975],
			"rotation": {"angle": 0, "axis": "y", "origin": [0, -0.5, 0]},
			"faces": {
				"north": {"uv": [6.25, 8.5, 6.375, 8.875], "texture": "#0"},
				"east": {"uv": [5.75, 7.5, 6.5, 7.875], "texture": "#0"},
				"south": {"uv": [8.5, 6.25, 8.625, 6.625], "texture": "#0"},
				"west": {"uv": [6.5, 7.5, 7.25, 7.875], "texture": "#0"},
				"up": {"uv": [3.875, 9.25, 3.75, 8.5], "texture": "#0"},
				"down": {"uv": [4.125, 8.5, 4, 9.25], "texture": "#0"}
			}
		},
		{
			"from": [2.9, 0.5, 6.025],
			"to": [13.225, 3.5, 8.975],
			"rotation": {"angle": 0, "axis": "y", "origin": [0, -0.5, 0]},
			"faces": {
				"north": {"uv": [3.75, 1.5, 6.375, 2.25], "texture": "#0"},
				"east": {"uv": [6.5, 3.5, 7.25, 4.25], "texture": "#0"},
				"south": {"uv": [3.75, 2.25, 6.375, 3], "texture": "#0"},
				"west": {"uv": [4, 6.5, 4.75, 7.25], "texture": "#0"},
				"up": {"uv": [6.375, 3.75, 3.75, 3], "texture": "#0"},
				"down": {"uv": [6.375, 3.75, 3.75, 4.5], "texture": "#0"}
			}
		},
		{
			"from": [13.225, 1.5, 6.025],
			"to": [14.425, 3.5, 8.975],
			"rotation": {"angle": 0, "axis": "y", "origin": [0, -0.5, 0]},
			"faces": {
				"north": {"uv": [7.5, 8.25, 7.875, 8.75], "texture": "#0"},
				"east": {"uv": [7.25, 1.5, 8, 2], "texture": "#0"},
				"south": {"uv": [8, 8.25, 8.375, 8.75], "texture": "#0"},
				"west": {"uv": [1.75, 7.25, 2.5, 7.75], "texture": "#0"},
				"up": {"uv": [0.375, 8.5, 0, 7.75], "texture": "#0"},
				"down": {"uv": [0.875, 7.75, 0.5, 8.5], "texture": "#0"}
			}
		},
		{
			"from": [1.6, 1.425, 6.025],
			"to": [2.9, 3.5, 8.975],
			"rotation": {"angle": 0, "axis": "y", "origin": [16, -0.5, 0]},
			"faces": {
				"north": {"uv": [0, 8.5, 0.375, 9], "texture": "#0"},
				"east": {"uv": [7.25, 2, 8, 2.5], "texture": "#0"},
				"south": {"uv": [8.5, 0, 8.875, 0.5], "texture": "#0"},
				"west": {"uv": [2.5, 7.25, 3.25, 7.75], "texture": "#0"},
				"up": {"uv": [1.375, 8.5, 1, 7.75], "texture": "#0"},
				"down": {"uv": [1.875, 7.75, 1.5, 8.5], "texture": "#0"}
			}
		},
		{
			"from": [1.1, 1.85, 6.025],
			"to": [1.6, 3.5, 8.975],
			"rotation": {"angle": 0, "axis": "y", "origin": [16, -0.5, 0]},
			"faces": {
				"north": {"uv": [6.5, 8.5, 6.625, 8.875], "texture": "#0"},
				"east": {"uv": [2, 7.75, 2.75, 8.125], "texture": "#0"},
				"south": {"uv": [6.75, 8.5, 6.875, 8.875], "texture": "#0"},
				"west": {"uv": [7.75, 2.5, 8.5, 2.875], "texture": "#0"},
				"up": {"uv": [4.375, 9.25, 4.25, 8.5], "texture": "#0"},
				"down": {"uv": [8.625, 4.25, 8.5, 5], "texture": "#0"}
			}
		},
		{
			"from": [1.1, 3.5, 6.025],
			"to": [14.925, 5, 8.975],
			"rotation": {"angle": 0, "axis": "y", "origin": [0, -0.5, 0]},
			"faces": {
				"north": {"uv": [1.75, 4.5, 5.25, 4.875], "texture": "#0"},
				"east": {"uv": [3.75, 7.75, 4.5, 8.125], "texture": "#0"},
				"south": {"uv": [5, 0, 8.5, 0.375], "texture": "#0"},
				"west": {"uv": [7.75, 5.75, 8.5, 6.125], "texture": "#0"},
				"up": {"uv": [5, 0.75, 1.5, 0], "texture": "#0"},
				"down": {"uv": [5, 0.75, 1.5, 1.5], "texture": "#0"}
			}
		}
	],
	"display": {
		"thirdperson_righthand": {
			"translation": [-6.75, 5, -4.75]
		},
		"thirdperson_lefthand": {
			"translation": [-6.75, 5, -4.75]
		},
		"firstperson_righthand": {
			"rotation": [-33, 0, 0],
			"translation": [-1, 9.25, -2.25]
		},
		"firstperson_lefthand": {
			"rotation": [-33, 0, 0],
			"translation": [-1, 9.25, -2.25]
		},
		"ground": {
			"translation": [0, 6.75, 0]
		},
		"gui": {
			"rotation": [-163.96, -35.94, -149.88],
			"translation": [2.5, -1.25, 0],
			"scale": [0.7, 0.7, 0.7]
		},
		"head": {
			"rotation": [180, 0, -45],
			"translation": [-1.5, 1.75, 2.25],
			"scale": [1.07, 1.07, 1.07]
		},
		"fixed": {
			"rotation": [-90, 0, 0],
			"translation": [0, 0.25, -6.5]
		}
	},
	"groups": [
		{
			"name": "Both Watermelon",
			"origin": [8, 8, 8],
			"color": 0,
			"children": [
				{
					"name": "Watermelon",
					"origin": [8, 8, 8],
					"color": 0,
					"children": [
						{
							"name": "Watermelon skin",
							"origin": [1.76814, -5.70624, 0],
							"color": 0,
							"children": [0, 1, 2, 3, 4, 5, 6]
						},
						{
							"name": "Watermelon guts",
							"origin": [16, 0, 0],
							"color": 0,
							"children": [7, 8, 9, 10, 11, 12]
						}
					]
				},
				{
					"name": "Watermelon",
					"origin": [8, 8, 8],
					"color": 0,
					"children": [
						{
							"name": "Watermelon skin",
							"origin": [1.76814, -5.70624, 0],
							"color": 0,
							"children": [13, 14, 15, 16, 17, 18, 19]
						},
						{
							"name": "Watermelon guts",
							"origin": [16, 0, 0],
							"color": 0,
							"children": [20, 21, 22, 23, 24, 25]
						}
					]
				}
			]
		}
	]
}