{
	"credit": "Made with Blockbench",
	"texture_size": [64, 64],
	"textures": {
		"0": "cosmetics/hats/witchhat"
	},
	"elements": [
		{
			"from": [4.05, 1.75, 5.75],
			"to": [12.05, 5.75, 13.75],
			"rotation": {"angle": 0, "axis": "y", "origin": [0.05, 1.75, 1.75]},
			"faces": {
				"north": {"uv": [2.75, 3.5, 4.75, 4.5], "texture": "#0"},
				"east": {"uv": [0, 4, 2, 5], "texture": "#0"},
				"south": {"uv": [4.25, 0, 6.25, 1], "texture": "#0"},
				"west": {"uv": [4.25, 1, 6.25, 2], "texture": "#0"},
				"up": {"uv": [2, 2, 0, 0], "texture": "#0"},
				"down": {"uv": [2, 2, 0, 4], "texture": "#0"}
			}
		},
		{
			"from": [3.8, 1.75, 5.25],
			"to": [6.3, 3.25, 5.25],
			"rotation": {"angle": 0, "axis": "y", "origin": [0.05, 1.75, 1.75]},
			"faces": {
				"north": {"uv": [7.25, 6.5, 7.875, 6.875], "texture": "#0"},
				"east": {"uv": [0, 0, 0, 0.375], "texture": "#0"},
				"south": {"uv": [7.5, 4.75, 8.125, 5.125], "texture": "#0"},
				"west": {"uv": [0, 0, 0, 0.375], "texture": "#0"},
				"up": {"uv": [0.625, 0, 0, 0], "texture": "#0"},
				"down": {"uv": [0.625, 0, 0, 0], "texture": "#0"}
			}
		},
		{
			"from": [3.8, 1.75, 5.25],
			"to": [3.8, 3.25, 14],
			"rotation": {"angle": 0, "axis": "y", "origin": [0.05, 1.75, 1.75]},
			"faces": {
				"north": {"uv": [0, 0, 0, 0.375], "texture": "#0"},
				"east": {"uv": [6, 3.75, 8.25, 4.125], "texture": "#0"},
				"south": {"uv": [0, 0, 0, 0.375], "texture": "#0"},
				"west": {"uv": [6.25, 0, 8.5, 0.375], "texture": "#0"},
				"up": {"uv": [0, 2.25, 0, 0], "texture": "#0"},
				"down": {"uv": [0, 0, 0, 2.25], "texture": "#0"}
			}
		},
		{
			"from": [3.8, 1.75, 14],
			"to": [12.3, 3.25, 14],
			"rotation": {"angle": 0, "axis": "y", "origin": [0.05, 1.75, 1.75]},
			"faces": {
				"north": {"uv": [6.25, 1.5, 8.375, 1.875], "texture": "#0"},
				"east": {"uv": [0, 0, 0, 0.375], "texture": "#0"},
				"south": {"uv": [6.75, 4.25, 8.875, 4.625], "texture": "#0"},
				"west": {"uv": [0, 0, 0, 0.375], "texture": "#0"},
				"up": {"uv": [2.125, 0, 0, 0], "texture": "#0"},
				"down": {"uv": [2.125, 0, 0, 0], "texture": "#0"}
			}
		},
		{
			"from": [12.3, 1.75, 5.25],
			"to": [12.3, 3.25, 14],
			"rotation": {"angle": 0, "axis": "y", "origin": [0.05, 1.75, 1.75]},
			"faces": {
				"north": {"uv": [0, 0, 0, 0.375], "texture": "#0"},
				"east": {"uv": [6.25, 0.5, 8.5, 0.875], "texture": "#0"},
				"south": {"uv": [0, 0, 0, 0.375], "texture": "#0"},
				"west": {"uv": [6.25, 1, 8.5, 1.375], "texture": "#0"},
				"up": {"uv": [0, 2.25, 0, 0], "texture": "#0"},
				"down": {"uv": [0, 0, 0, 2.25], "texture": "#0"}
			}
		},
		{
			"from": [9.8, 1.75, 5.25],
			"to": [12.3, 3.25, 5.25],
			"rotation": {"angle": 0, "axis": "y", "origin": [0.05, 1.75, 1.75]},
			"faces": {
				"north": {"uv": [7.5, 5.25, 8.125, 5.625], "texture": "#0"},
				"east": {"uv": [0, 0, 0, 0.375], "texture": "#0"},
				"south": {"uv": [7.5, 7, 8.125, 7.375], "texture": "#0"},
				"west": {"uv": [0, 0, 0, 0.375], "texture": "#0"},
				"up": {"uv": [0.625, 0, 0, 0], "texture": "#0"},
				"down": {"uv": [0.625, 0, 0, 0], "texture": "#0"}
			}
		},
		{
			"from": [6.3, 1.75, 4.75],
			"to": [9.8, 4.25, 5.75],
			"rotation": {"angle": 0, "axis": "y", "origin": [0.05, 1.75, 1.75]},
			"faces": {
				"north": {"uv": [5.5, 7, 6.375, 7.625], "texture": "#0"},
				"east": {"uv": [0, 7.75, 0.25, 8.375], "texture": "#0"},
				"south": {"uv": [6.5, 7, 7.375, 7.625], "texture": "#0"},
				"west": {"uv": [0.25, 7.75, 0.5, 8.375], "texture": "#0"},
				"up": {"uv": [8.125, 3.75, 7.25, 3.5], "texture": "#0"},
				"down": {"uv": [8.375, 7.5, 7.5, 7.75], "texture": "#0"}
			}
		},
		{
			"from": [5.55, 4.75, 8],
			"to": [10.55, 8.75, 13],
			"rotation": {"angle": 22.5, "axis": "x", "origin": [8.05, 7.75, 10]},
			"faces": {
				"north": {"uv": [0, 5.75, 1.25, 6.75], "texture": "#0"},
				"east": {"uv": [6, 2.75, 7.25, 3.75], "texture": "#0"},
				"south": {"uv": [4.75, 6, 6, 7], "texture": "#0"},
				"west": {"uv": [6, 6, 7.25, 7], "texture": "#0"},
				"up": {"uv": [5.5, 3.25, 4.25, 2], "texture": "#0"},
				"down": {"uv": [6, 3.25, 4.75, 4.5], "texture": "#0"}
			}
		},
		{
			"from": [6.55, 7.61836, 10.51865],
			"to": [9.55, 11.61836, 13.51865],
			"rotation": {"angle": 45, "axis": "x", "origin": [8.05, 9.86836, 11.41865]},
			"faces": {
				"north": {"uv": [1.25, 5.75, 2, 6.75], "texture": "#0"},
				"east": {"uv": [0, 6.75, 0.75, 7.75], "texture": "#0"},
				"south": {"uv": [0.75, 6.75, 1.5, 7.75], "texture": "#0"},
				"west": {"uv": [6.75, 4.75, 7.5, 5.75], "texture": "#0"},
				"up": {"uv": [2.25, 7.75, 1.5, 7], "texture": "#0"},
				"down": {"uv": [5.5, 7, 4.75, 7.75], "texture": "#0"}
			}
		},
		{
			"from": [7.3, 9.99219, 12.14101],
			"to": [8.8, 11.49219, 15.14101],
			"rotation": {"angle": 0, "axis": "y", "origin": [8.05, 11.74219, 14.14101]},
			"faces": {
				"north": {"uv": [0.875, 7.75, 0.5, 8.125], "rotation": 180, "texture": "#0"},
				"east": {"uv": [7.25, 2.75, 7.625, 3.5], "rotation": 270, "texture": "#0"},
				"south": {"uv": [5.875, 3.125, 5.5, 2.75], "texture": "#0"},
				"west": {"uv": [7.5, 2, 7.875, 2.75], "rotation": 90, "texture": "#0"},
				"up": {"uv": [2.25, 7, 2.625, 7.75], "rotation": 180, "texture": "#0"},
				"down": {"uv": [7.25, 5.75, 7.625, 6.5], "texture": "#0"}
			}
		},
		{
			"from": [4.05, 1.75, 2.75],
			"to": [12.05, 1.75, 5.75],
			"rotation": {"angle": 0, "axis": "y", "origin": [0.05, 1.75, 1.75]},
			"faces": {
				"north": {"uv": [0, 0, 2, 0], "texture": "#0"},
				"east": {"uv": [0, 0, 0.75, 0], "texture": "#0"},
				"south": {"uv": [0, 0, 2, 0], "texture": "#0"},
				"west": {"uv": [0, 0, 0.75, 0], "texture": "#0"},
				"up": {"uv": [6.75, 5.25, 4.75, 4.5], "texture": "#0"},
				"down": {"uv": [2, 5, 0, 5.75], "texture": "#0"}
			}
		},
		{
			"from": [4.05, 1.75, 13.75],
			"to": [12.05, 1.75, 16.75],
			"rotation": {"angle": 0, "axis": "y", "origin": [0.05, 1.75, 1.75]},
			"faces": {
				"north": {"uv": [0, 0, 2, 0], "texture": "#0"},
				"east": {"uv": [0, 0, 0.75, 0], "texture": "#0"},
				"south": {"uv": [0, 0, 2, 0], "texture": "#0"},
				"west": {"uv": [0, 0, 0.75, 0], "texture": "#0"},
				"up": {"uv": [6.75, 6, 4.75, 5.25], "texture": "#0"},
				"down": {"uv": [7.5, 2, 5.5, 2.75], "texture": "#0"}
			}
		},
		{
			"from": [1.05, 1.75, 2.75],
			"to": [4.05, 1.75, 16.75],
			"rotation": {"angle": 0, "axis": "y", "origin": [0.05, 1.75, 1.75]},
			"faces": {
				"north": {"uv": [0, 0, 0.75, 0], "texture": "#0"},
				"east": {"uv": [0, 0, 3.5, 0], "texture": "#0"},
				"south": {"uv": [0, 0, 0.75, 0], "texture": "#0"},
				"west": {"uv": [0, 0, 3.5, 0], "texture": "#0"},
				"up": {"uv": [2.75, 3.5, 2, 0], "texture": "#0"},
				"down": {"uv": [3.5, 0, 2.75, 3.5], "texture": "#0"}
			}
		},
		{
			"from": [-0.95, 1.75, 2.75],
			"to": [1.05, 1.75, 16.75],
			"rotation": {"angle": -22.5, "axis": "z", "origin": [1.05, 1.75, 9.75]},
			"faces": {
				"north": {"uv": [0, 0, 0.5, 0], "texture": "#0"},
				"east": {"uv": [0, 0, 3.5, 0], "texture": "#0"},
				"south": {"uv": [0, 0, 0.5, 0], "texture": "#0"},
				"west": {"uv": [0, 0, 3.5, 0], "texture": "#0"},
				"up": {"uv": [3.25, 8, 2.75, 4.5], "texture": "#0"},
				"down": {"uv": [3.75, 4.5, 3.25, 8], "texture": "#0"}
			}
		},
		{
			"from": [12.05, 1.75, 2.75],
			"to": [15.05, 1.75, 16.75],
			"rotation": {"angle": 0, "axis": "y", "origin": [0.05, 1.75, 1.75]},
			"faces": {
				"north": {"uv": [0, 0, 0.75, 0], "texture": "#0"},
				"east": {"uv": [0, 0, 3.5, 0], "texture": "#0"},
				"south": {"uv": [0, 0, 0.75, 0], "texture": "#0"},
				"west": {"uv": [0, 0, 3.5, 0], "texture": "#0"},
				"up": {"uv": [4.25, 3.5, 3.5, 0], "texture": "#0"},
				"down": {"uv": [2.75, 3.5, 2, 7], "texture": "#0"}
			}
		},
		{
			"from": [15.05, 1.75, 2.75],
			"to": [17.05, 1.75, 16.75],
			"rotation": {"angle": -22.5, "axis": "z", "origin": [15.05, 1.75, 9.75]},
			"faces": {
				"north": {"uv": [0, 0, 0.5, 0], "texture": "#0"},
				"east": {"uv": [0, 0, 3.5, 0], "texture": "#0"},
				"south": {"uv": [0, 0, 0.5, 0], "texture": "#0"},
				"west": {"uv": [0, 0, 3.5, 0], "texture": "#0"},
				"up": {"uv": [4.25, 8, 3.75, 4.5], "texture": "#0"},
				"down": {"uv": [4.75, 4.5, 4.25, 8], "texture": "#0"}
			}
		}
	],
	"display": {
		"thirdperson_righthand": {
			"rotation": [70, 0, 0],
			"scale": [0.5, 0.5, 0.5]
		},
		"thirdperson_lefthand": {
			"rotation": [70, 0, 0],
			"scale": [0.5, 0.5, 0.5]
		},
		"firstperson_righthand": {
			"translation": [0, 3, 0],
			"scale": [0.5, 0.5, 0.5]
		},
		"firstperson_lefthand": {
			"translation": [0, 3, 0],
			"scale": [0.5, 0.5, 0.5]
		},
		"ground": {
			"translation": [0, 5, 0]
		},
		"gui": {
			"rotation": [-160, 25, -180],
			"translation": [-0.25, 1, 0],
			"scale": [0.7, 0.7, 0.7]
		},
		"head": {
			"translation": [-0.25, 14.5, -3.25],
			"scale": [1.9, 1.9, 1.9]
		}
	},
	"groups": [
		{
			"name": "witchhat",
			"origin": [0.05, 1.75, 1.75],
			"color": 0,
			"children": [0, 1, 2, 3, 4, 5, 6, 7, 8, 9, 10, 11, 12, 13, 14, 15]
		}
	]
}