{
    "providers": [
        {
            "type": "bitmap",
            "file": "minecraft:sb/berries.png",
            "ascent": 9,
            "height": 11,
            "chars": [
                "\uE001"
            ]
        },
        {
            "type": "bitmap",
            "file": "minecraft:sb/myskylabs.png",
            "ascent": 15,
            "height":20,
            "chars": [
                "\uF001"
            ]
        },
        {
            "type": "bitmap",
            "file": "minecraft:sb/promo.png",
            "ascent": 8,
            "height": 9,
            "chars": [
                "\uF003"
            ]
        },
        {
            "type": "bitmap",
            "file": "minecraft:sb/sternenkoenig.png",
            "ascent": 8,
            "height": 9,
            "chars": [
                "\uF004"
            ]
        },
        {
            "type": "bitmap",
            "file": "minecraft:sb/himmelshueter.png",
            "ascent": 8,
            "height": 9,
            "chars": [
                "\uF010"
            ]
        },
        {
            "type": "bitmap",
            "file": "minecraft:sb/wolkenmeister.png",
            "ascent": 8,
            "height": 9,
            "chars": [
                "\uF012"
            ]
        },
        {
            "type": "bitmap",
            "file": "minecraft:sb/nebelkrieger.png",
            "ascent": 8,
            "height": 9,
            "chars": [
                "\uF016"
            ]
        },
        {
            "type": "bitmap",
            "file": "minecraft:sb/spieler.png",
            "ascent": 8,
            "height": 9,
            "chars": [
                "\uF017"
            ]
        },
        {
            "type": "bitmap",
            "file": "minecraft:sb/team.png",
            "ascent": 8,
            "height": 9,
            "chars": [
                "\uF020"
            ]
        },
        {
            "type": "bitmap",
            "file": "minecraft:sb/glass.png",
            "ascent": 10,
            "height": 10,
            "chars": [
                "\uF021"
            ]
        },
        {
            "type": "bitmap",
            "file": "minecraft:sb/crystal.png",
            "ascent": 11,
            "height": 13,
            "chars": [
                "\uF023"
            ]
        },
        {
            "type": "bitmap",
            "file": "minecraft:sb/shop.png",
            "ascent": 11,
            "height": 11,
            "chars": [
                "\uF024"
            ]
        },
        {
            "type": "bitmap",
            "file": "minecraft:sb/players.png",
            "ascent": 18,
            "height": 18,
            "chars": [
                "\uF025"
            ]
        },
        {
            "type": "bitmap",
            "file": "minecraft:sb/ping.png",
            "ascent": 8,
            "height": 8,
            "chars": [
                "\uF026"
            ]
        },
        {
            "type": "bitmap",
            "file": "minecraft:sb/meteorritter.png",
            "ascent": 8,
            "height": 8,
            "chars": [
                "\uF027"
            ]
        },
        {
            "type": "bitmap",
            "file": "minecraft:sb/myskylabs_two.png",
            "ascent": 50,
            "height": 50,
            "chars": [
                "\uF028"
            ]
        },
        {
            "type": "bitmap",
            "file": "minecraft:sb/myskylabs_three.png",
            "ascent": 50,
            "height": 160,
            "chars": [
                "\uF029"
            ]
        },
        {
            "type": "bitmap",
            "file": "minecraft:sb/closedbeta.png",
            "ascent": 8,
            "height": 8,
            "chars": [
                "\uF030"
            ]
        },
        {
            "type": "bitmap",
            "file": "minecraft:sb/myskylabs_tab.png",
            "ascent": 35,
            "height": 35,
            "chars": [
                "\uF031"
            ]
        },
        {
            "type": "bitmap",
            "file": "minecraft:sb/skyblock.png",
            "ascent": 180,
            "height": 180,
            "chars": [
                "\uF032"
            ]
        },
        {
            "type": "bitmap",
            "file": "minecraft:sb/version.png",
            "ascent": 11,
            "height": 11,
            "chars": [
                "\uF033"
            ]
        },
        {
            "type": "bitmap",
            "file": "minecraft:sb/nether.png",
            "ascent": 150,
            "height": 150,
            "chars": [
                "\uF034"
            ]
        },
        {
            "type": "bitmap",
            "file": "minecraft:sb/quit.png",
            "ascent": 25,
            "height": 256,
            "chars": [
                "\uF035"
            ]
        },
        {
            "type": "bitmap",
            "file": "minecraft:sb/trade.png",
            "ascent": 9,
            "height": 73,
            "chars": [
                "\uF036"
            ]
        },
        {
            "type": "bitmap",
            "file": "minecraft:sb/pixel.png",
            "ascent": -2000,
            "height": -3,
            "chars": [
                "七"
            ]
        },
        {
            "type": "bitmap",
            "file": "minecraft:sb/blackmarket.png",
            "ascent": 34,
            "height": 165,
            "chars": [
                "\uF037"
            ]
        },
        {
            "type": "bitmap",
            "file": "minecraft:sb/beppo.png",
            "ascent": 8,
            "height": 133,
            "chars": [
                "\uF038"
            ]
        },
        {
            "type": "bitmap",
            "file": "minecraft:sb/smith_one.png",
            "ascent": 10,
            "height": 256,
            "chars": [
                ""
            ]
        },
        {
            "type": "bitmap",
            "file": "minecraft:sb/forge_menu.png",
            "ascent": 10,
            "height": 256,
            "chars": [
                ""
            ]
        },
        {
            "type": "bitmap",
            "file": "minecraft:sb/repair.png",
            "ascent": 10,
            "height": 256,
            "chars": [
                "\uf03e"
            ]
        },
        {
            "type": "bitmap",
            "file": "minecraft:sb/bundle.png",
            "ascent": 10,
            "height": 256,
            "chars": [
                "\uf03f"
            ]
        },
        {
            "type": "bitmap",
            "file": "minecraft:sb/verzauberungen.png",
            "ascent": 10,
            "height": 256,
            "chars": [
                "\uf040"
            ]
        },
        {
            "type": "bitmap",
            "file": "minecraft:sb/daily_rewards.png",
            "ascent": 10,
            "height": 256,
            "chars": [
                "\uf041"
            ]
        },
        {
            "type": "bitmap",
            "file": "minecraft:sb/quests_menu.png",
            "ascent": 10,
            "height": 256,
            "chars": [
                "\uf042"
            ]
        },
        {
            "type": "bitmap",
            "file": "minecraft:sb/your_island.png",
            "ascent": 13,
            "height": 256,
            "chars": [
                "\uf043"
            ]
        },
        {
            "type": "bitmap",
            "file": "minecraft:sb/island_set_1.png",
            "ascent": 13,
            "height": 256,
            "chars": [
                "\uf044"
            ]
        },
        {
            "type": "bitmap",
            "file": "minecraft:sb/shop_questcoins.png",
            "ascent": 13,
            "height": 256,
            "chars": [
                "\uf045"
            ]
        },
        {
            "type": "bitmap",
            "file": "minecraft:sb/shop_skymaster.png",
            "ascent": 13,
            "height": 256,
            "chars": [
                "\uf046"
            ]
        },
        {
            "type": "bitmap",
            "file": "minecraft:sb/shop_starryking.png",
            "ascent": 13,
            "height": 256,
            "chars": [
                "\uf047"
            ]
        },
        {
            "type": "bitmap",
            "file": "minecraft:sb/shop_cloudmaster.png",
            "ascent": 13,
            "height": 256,
            "chars": [
                "\uf048"
            ]
        },
        {
            "type": "bitmap",
            "file": "minecraft:sb/shop_foggywarrior.png",
            "ascent": 13,
            "height": 256,
            "chars": [
                "\uf049"
            ]
        },
        {
            "type": "bitmap",
            "file": "minecraft:sb/shop_main.png",
            "ascent": 13,
            "height": 256,
            "chars": [
                "\uf050"
            ]
        },
        {
            "type": "bitmap",
            "file": "minecraft:sb/shop_meteorknight.png",
            "ascent": 13,
            "height": 256,
            "chars": [
                "\uf052"
            ]
        },
        {
            "type": "bitmap",
            "file": "minecraft:sb/server.png",
            "ascent": 9,
            "height": 10,
            "chars": [
                "\uf053"
            ]
        },
        {
            "type": "bitmap",
            "file": "minecraft:sb/case_opening.png",
            "ascent": 13,
            "height": 256,
            "chars": [
                "\uf054"
            ]
        },
        {
            "type": "bitmap",
            "file": "minecraft:sb/shop_buy_rank.png",
            "ascent": 13,
            "height": 256,
            "chars": [
                "\uf055"
            ]
        },
        {
            "type": "bitmap",
            "file": "minecraft:sb/shop_buy_rank_confirm.png",
            "ascent": 13,
            "height": 256,
            "chars": [
                "\uf056"
            ]
        },
        {
            "type": "bitmap",
            "file": "minecraft:sb/kits.png",
            "ascent": 13,
            "height": 256,
            "chars": [
                "\uf057"
            ]
        }
    ]
}