{
	"credit": "Made with Blockbench",
	"texture_size": [32, 32],
	"textures": {
		"0": "item/custom/rune_table",
		"2": "item/custom/flying_orb",
		"particle": "item/custom/rune_table"
	},
	"elements": [
		{
			"from": [0, 0, 0],
			"to": [16, 3, 16],
			"faces": {
				"north": {"uv": [9, 11, 13, 11.75], "texture": "#0"},
				"east": {"uv": [0, 11.5, 4, 12.25], "texture": "#0"},
				"south": {"uv": [11.5, 7, 15.5, 7.75], "texture": "#0"},
				"west": {"uv": [11.5, 7.75, 15.5, 8.5], "texture": "#0"},
				"up": {"uv": [4, 4, 0, 0], "texture": "#0"},
				"down": {"uv": [4, 4, 0, 8], "texture": "#0"}
			}
		},
		{
			"from": [0, 10, 0],
			"to": [16, 14, 16],
			"rotation": {"angle": 0, "axis": "y", "origin": [0, 10, 0]},
			"faces": {
				"north": {"uv": [5, 10, 9, 11], "texture": "#0"},
				"east": {"uv": [10.5, 0, 14.5, 1], "texture": "#0"},
				"south": {"uv": [10.5, 1, 14.5, 2], "texture": "#0"},
				"west": {"uv": [5, 11, 9, 12], "texture": "#0"},
				"up": {"uv": [8, 4, 4, 0], "texture": "#0"},
				"down": {"uv": [8, 4, 4, 8], "texture": "#0"}
			}
		},
		{
			"from": [3, 2, 3],
			"to": [13, 10, 13],
			"rotation": {"angle": 0, "axis": "y", "origin": [4, 2, 3]},
			"faces": {
				"north": {"uv": [6.5, 8, 9, 10], "texture": "#0"},
				"east": {"uv": [9, 7, 11.5, 9], "texture": "#0"},
				"south": {"uv": [9, 9, 11.5, 11], "texture": "#0"},
				"west": {"uv": [2.5, 9.5, 5, 11.5], "texture": "#0"},
				"up": {"uv": [2.5, 10.5, 0, 8], "texture": "#0"},
				"down": {"uv": [10.5, 0, 8, 2.5], "texture": "#0"}
			}
		},
		{
			"from": [0, 3.9, 0],
			"to": [0, 10, 16],
			"rotation": {"angle": 0, "axis": "y", "origin": [0, 9.9, 0]},
			"faces": {
				"north": {"uv": [0, 0, 0, 1.5], "texture": "#0"},
				"east": {"uv": [2.5, 8, 6.5, 9.5], "texture": "#0"},
				"south": {"uv": [0, 0, 0, 1.5], "texture": "#0"},
				"west": {"uv": [8, 2.5, 12, 4], "texture": "#0"},
				"up": {"uv": [0, 4, 0, 0], "texture": "#0"},
				"down": {"uv": [0, 0, 0, 4], "texture": "#0"}
			}
		},
		{
			"from": [16, 3.9, 0],
			"to": [16, 10, 16],
			"rotation": {"angle": 0, "axis": "y", "origin": [16, 9.9, 0]},
			"faces": {
				"north": {"uv": [0, 0, 0, 1.5], "texture": "#0"},
				"east": {"uv": [8, 4, 12, 5.5], "texture": "#0"},
				"south": {"uv": [0, 0, 0, 1.5], "texture": "#0"},
				"west": {"uv": [8, 5.5, 12, 7], "texture": "#0"},
				"up": {"uv": [0, 4, 0, 0], "texture": "#0"},
				"down": {"uv": [0, 0, 0, 4], "texture": "#0"}
			}
		},
		{
			"from": [4, 13, 5],
			"to": [12, 15, 11],
			"rotation": {"angle": 0, "axis": "y", "origin": [4, 13, 7]},
			"faces": {
				"north": {"uv": [4, 0, 8, 1], "texture": "#2"},
				"east": {"uv": [0, 6, 3, 7], "texture": "#2"},
				"south": {"uv": [4, 1, 8, 2], "texture": "#2"},
				"west": {"uv": [3, 6, 6, 7], "texture": "#2"},
				"up": {"uv": [4, 3, 0, 0], "texture": "#2"},
				"down": {"uv": [4, 3, 0, 6], "texture": "#2"}
			}
		},
		{
			"from": [5, 13, 4],
			"to": [11, 15, 5],
			"rotation": {"angle": 0, "axis": "y", "origin": [4, 13, 7]},
			"faces": {
				"north": {"uv": [4, 4, 7, 5], "texture": "#2"},
				"east": {"uv": [3.5, 7, 4, 8], "texture": "#2"},
				"south": {"uv": [4, 5, 7, 6], "texture": "#2"},
				"west": {"uv": [7, 3.5, 7.5, 4.5], "texture": "#2"},
				"up": {"uv": [3, 7.5, 0, 7], "texture": "#2"},
				"down": {"uv": [10, 2, 7, 2.5], "texture": "#2"}
			}
		},
		{
			"from": [5, 13, 11],
			"to": [11, 15, 12],
			"rotation": {"angle": 0, "axis": "y", "origin": [4, 13, 14]},
			"faces": {
				"north": {"uv": [4, 2, 7, 3], "texture": "#2"},
				"east": {"uv": [7, 2.5, 7.5, 3.5], "texture": "#2"},
				"south": {"uv": [4, 3, 7, 4], "texture": "#2"},
				"west": {"uv": [3, 7, 3.5, 8], "texture": "#2"},
				"up": {"uv": [9, 6.5, 6, 6], "texture": "#2"},
				"down": {"uv": [9, 6.5, 6, 7], "texture": "#2"}
			}
		}
	],
	"display": {
		"fixed": {
			"rotation": [-90, 0, 0],
			"translation": [0, 0, -14],
			"scale": [1.8, 1.8, 1.8]
		}
	}
}