{
	"credit": "Made with Blockbench",
	"texture_size": [32, 32],
	"textures": {
		"0": "item/custom/waystone_base",
		"1": "item/custom/waystone_plate",
		"particle": "item/custom/waystone_base"
	},
	"elements": [
		{
			"from": [1, 0, 1],
			"to": [15, 10, 15],
			"faces": {
				"north": {"uv": [1.75, 3, 3.5, 4.25], "texture": "#0"},
				"east": {"uv": [3.25, 0, 5, 1.25], "texture": "#0"},
				"south": {"uv": [3.25, 1.25, 5, 2.5], "texture": "#0"},
				"west": {"uv": [0, 3.5, 1.75, 4.75], "texture": "#0"},
				"up": {"uv": [1.75, 1.75, 0, 0], "texture": "#0"},
				"down": {"uv": [1.75, 1.75, 0, 3.5], "texture": "#0"}
			}
		},
		{
			"from": [0, 0, 6],
			"to": [2, 3, 10],
			"rotation": {"angle": 0, "axis": "y", "origin": [0, 0, 7]},
			"faces": {
				"north": {"uv": [2.25, 6.75, 2.5, 7.875], "texture": "#0"},
				"east": {"uv": [5.25, 6.25, 5.75, 7.375], "texture": "#0"},
				"south": {"uv": [2.5, 6.75, 2.75, 7.875], "texture": "#0"},
				"west": {"uv": [5.75, 6.25, 6.25, 7.375], "texture": "#0"},
				"up": {"uv": [3.5, 3, 3.25, 2.5], "texture": "#0"},
				"down": {"uv": [8, 3.125, 7.75, 3.625], "texture": "#0"}
			}
		},
		{
			"from": [14, 0, 6],
			"to": [16, 3, 10],
			"rotation": {"angle": 0, "axis": "y", "origin": [14, 0, 7]},
			"faces": {
				"north": {"uv": [6.5, 7.375, 6.75, 8.5], "texture": "#0"},
				"east": {"uv": [6.25, 6.25, 6.75, 7.375], "texture": "#0"},
				"south": {"uv": [7.5, 1.25, 7.75, 2.375], "texture": "#0"},
				"west": {"uv": [6.375, 0, 6.875, 1.125], "texture": "#0"},
				"up": {"uv": [8, 4.125, 7.75, 3.625], "texture": "#0"},
				"down": {"uv": [8, 4.125, 7.75, 4.625], "texture": "#0"}
			}
		},
		{
			"from": [6, 0, 14],
			"to": [10, 3, 16],
			"rotation": {"angle": 0, "axis": "y", "origin": [7, 0, 13]},
			"faces": {
				"north": {"uv": [6.375, 1.125, 6.875, 2.25], "texture": "#0"},
				"east": {"uv": [7.5, 2.375, 7.75, 3.5], "texture": "#0"},
				"south": {"uv": [6.375, 2.25, 6.875, 3.375], "texture": "#0"},
				"west": {"uv": [2.75, 7.5, 3, 8.625], "texture": "#0"},
				"up": {"uv": [8, 5, 7.5, 4.75], "texture": "#0"},
				"down": {"uv": [8.25, 5, 7.75, 5.25], "texture": "#0"}
			}
		},
		{
			"from": [6, 0, 0],
			"to": [10, 3, 2],
			"rotation": {"angle": 0, "axis": "y", "origin": [7, 0, -1]},
			"faces": {
				"north": {"uv": [1.25, 6.75, 1.75, 7.875], "texture": "#0"},
				"east": {"uv": [3, 7.5, 3.25, 8.625], "texture": "#0"},
				"south": {"uv": [1.75, 6.75, 2.25, 7.875], "texture": "#0"},
				"west": {"uv": [3.25, 7.5, 3.5, 8.625], "texture": "#0"},
				"up": {"uv": [8.25, 5.5, 7.75, 5.25], "texture": "#0"},
				"down": {"uv": [8.25, 5.5, 7.75, 5.75], "texture": "#0"}
			}
		},
		{
			"from": [0, 0, 0],
			"to": [3, 2, 3],
			"faces": {
				"north": {"uv": [7.75, 5.75, 8.125, 6], "texture": "#0"},
				"east": {"uv": [7.75, 6, 8.125, 6.25], "texture": "#0"},
				"south": {"uv": [0, 7.875, 0.375, 8.125], "texture": "#0"},
				"west": {"uv": [0.375, 7.875, 0.75, 8.125], "texture": "#0"},
				"up": {"uv": [6.75, 3.75, 6.375, 3.375], "texture": "#0"},
				"down": {"uv": [7.625, 7.5, 7.25, 7.875], "texture": "#0"}
			}
		},
		{
			"from": [0, 0, 13],
			"to": [3, 2, 16],
			"rotation": {"angle": 0, "axis": "y", "origin": [0, 0, 13]},
			"faces": {
				"north": {"uv": [0.75, 7.875, 1.125, 8.125], "texture": "#0"},
				"east": {"uv": [1.125, 7.875, 1.5, 8.125], "texture": "#0"},
				"south": {"uv": [1.5, 7.875, 1.875, 8.125], "texture": "#0"},
				"west": {"uv": [1.875, 7.875, 2.25, 8.125], "texture": "#0"},
				"up": {"uv": [8, 7.875, 7.625, 7.5], "texture": "#0"},
				"down": {"uv": [8.125, 1.25, 7.75, 1.625], "texture": "#0"}
			}
		},
		{
			"from": [13, 0, 13],
			"to": [16, 2, 16],
			"rotation": {"angle": 0, "axis": "y", "origin": [13, 0, 13]},
			"faces": {
				"north": {"uv": [2.25, 7.875, 2.625, 8.125], "texture": "#0"},
				"east": {"uv": [7.25, 7.875, 7.625, 8.125], "texture": "#0"},
				"south": {"uv": [7.625, 7.875, 8, 8.125], "texture": "#0"},
				"west": {"uv": [8, 3.125, 8.375, 3.375], "texture": "#0"},
				"up": {"uv": [8.125, 2, 7.75, 1.625], "texture": "#0"},
				"down": {"uv": [8.125, 2, 7.75, 2.375], "texture": "#0"}
			}
		},
		{
			"from": [13, 0, 0],
			"to": [16, 2, 3],
			"rotation": {"angle": 0, "axis": "y", "origin": [13, 0, 0]},
			"faces": {
				"north": {"uv": [8, 3.375, 8.375, 3.625], "texture": "#0"},
				"east": {"uv": [8, 3.625, 8.375, 3.875], "texture": "#0"},
				"south": {"uv": [8, 3.875, 8.375, 4.125], "texture": "#0"},
				"west": {"uv": [8, 4.125, 8.375, 4.375], "texture": "#0"},
				"up": {"uv": [8.125, 2.75, 7.75, 2.375], "texture": "#0"},
				"down": {"uv": [8.125, 2.75, 7.75, 3.125], "texture": "#0"}
			}
		},
		{
			"from": [2, 8, 1],
			"to": [14, 18, 13],
			"rotation": {"angle": 22.5, "axis": "x", "origin": [2, 8, 1]},
			"faces": {
				"north": {"uv": [3.5, 2.5, 5, 3.75], "texture": "#0"},
				"east": {"uv": [3.5, 3.75, 5, 5], "texture": "#0"},
				"south": {"uv": [1.75, 4.25, 3.25, 5.5], "texture": "#0"},
				"west": {"uv": [0, 4.75, 1.5, 6], "texture": "#0"},
				"up": {"uv": [3.25, 1.5, 1.75, 0], "texture": "#0"},
				"down": {"uv": [3.25, 1.5, 1.75, 3], "texture": "#0"}
			}
		},
		{
			"from": [2, 8, 2],
			"to": [13, 18, 12],
			"rotation": {"angle": -22.5, "axis": "z", "origin": [2, 8, 2]},
			"faces": {
				"north": {"uv": [5, 0, 6.375, 1.25], "texture": "#0"},
				"east": {"uv": [5, 3.75, 6.25, 5], "texture": "#0"},
				"south": {"uv": [5, 1.25, 6.375, 2.5], "texture": "#0"},
				"west": {"uv": [4.625, 5, 5.875, 6.25], "texture": "#0"},
				"up": {"uv": [6.375, 3.75, 5, 2.5], "texture": "#0"},
				"down": {"uv": [4.625, 5, 3.25, 6.25], "texture": "#0"}
			}
		},
		{
			"from": [3, 9, 3],
			"to": [13, 19, 13],
			"rotation": {"angle": 0, "axis": "z", "origin": [3, 9, 3]},
			"faces": {
				"north": {"uv": [1.5, 5.5, 2.75, 6.75], "texture": "#0"},
				"east": {"uv": [5.875, 5, 7.125, 6.25], "texture": "#0"},
				"south": {"uv": [0, 6, 1.25, 7.25], "texture": "#0"},
				"west": {"uv": [2.75, 6.25, 4, 7.5], "texture": "#0"},
				"up": {"uv": [7.5, 5, 6.25, 3.75], "texture": "#0"},
				"down": {"uv": [5.25, 6.25, 4, 7.5], "texture": "#0"}
			}
		},
		{
			"from": [7.3, 23.1, 6],
			"to": [12.3, 28.1, 11],
			"rotation": {"angle": -45, "axis": "y", "origin": [9.3, 28.1, 6]},
			"faces": {
				"north": {"uv": [6.75, 6.25, 7.375, 6.875], "texture": "#0"},
				"east": {"uv": [6.875, 0, 7.5, 0.625], "texture": "#0"},
				"south": {"uv": [6.875, 0.625, 7.5, 1.25], "texture": "#0"},
				"west": {"uv": [6.875, 1.25, 7.5, 1.875], "texture": "#0"},
				"up": {"uv": [7.5, 2.5, 6.875, 1.875], "texture": "#0"},
				"down": {"uv": [7.5, 2.5, 6.875, 3.125], "texture": "#0"}
			}
		},
		{
			"from": [7.3, 22.6, 5.6],
			"to": [12.3, 27.6, 10.6],
			"rotation": {"angle": -45, "axis": "z", "origin": [9.3, 27.6, 5.6]},
			"faces": {
				"north": {"uv": [5.25, 7.375, 5.875, 8], "texture": "#0"},
				"east": {"uv": [5.875, 7.375, 6.5, 8], "texture": "#0"},
				"south": {"uv": [7.375, 6.25, 8, 6.875], "texture": "#0"},
				"west": {"uv": [7.375, 6.875, 8, 7.5], "texture": "#0"},
				"up": {"uv": [8.125, 0.625, 7.5, 0], "texture": "#0"},
				"down": {"uv": [8.125, 0.625, 7.5, 1.25], "texture": "#0"}
			}
		},
		{
			"from": [5.4, 25.5, 4.6],
			"to": [10.4, 30.5, 9.6],
			"rotation": {"angle": 45, "axis": "x", "origin": [7.4, 25.5, 4.6]},
			"faces": {
				"north": {"uv": [6.875, 3.125, 7.5, 3.75], "texture": "#0"},
				"east": {"uv": [6.75, 6.875, 7.375, 7.5], "texture": "#0"},
				"south": {"uv": [7.125, 5, 7.75, 5.625], "texture": "#0"},
				"west": {"uv": [7.125, 5.625, 7.75, 6.25], "texture": "#0"},
				"up": {"uv": [0.625, 7.875, 0, 7.25], "texture": "#0"},
				"down": {"uv": [1.25, 7.25, 0.625, 7.875], "texture": "#0"}
			}
		},
		{
			"from": [2, 15, 7],
			"to": [4, 20, 9],
			"rotation": {"angle": 22.5, "axis": "z", "origin": [2, 18, 7]},
			"faces": {
				"north": {"uv": [1.25, 6, 1.5, 6.625], "texture": "#0"},
				"east": {"uv": [3.5, 7.5, 3.75, 8.125], "texture": "#0"},
				"south": {"uv": [7.5, 3.5, 7.75, 4.125], "texture": "#0"},
				"west": {"uv": [3.75, 7.5, 4, 8.125], "texture": "#0"},
				"up": {"uv": [8.25, 5, 8, 4.75], "texture": "#0"},
				"down": {"uv": [1, 8.125, 0.75, 8.375], "texture": "#0"}
			}
		},
		{
			"from": [1.1, 19.7, 6.9],
			"to": [3.4, 21.7, 9.1],
			"rotation": {"angle": 0, "axis": "z", "origin": [1.2, 19.7, 7]},
			"faces": {
				"north": {"uv": [8.125, 1.75, 8.375, 2], "texture": "#0"},
				"east": {"uv": [2, 8.125, 2.25, 8.375], "texture": "#0"},
				"south": {"uv": [8.125, 2, 8.375, 2.25], "texture": "#0"},
				"west": {"uv": [2.25, 8.125, 2.5, 8.375], "texture": "#0"},
				"up": {"uv": [8.375, 2.5, 8.125, 2.25], "texture": "#0"},
				"down": {"uv": [2.75, 8.125, 2.5, 8.375], "texture": "#0"}
			}
		},
		{
			"from": [1.2, 21.7, 7],
			"to": [3.2, 24.6, 9],
			"rotation": {"angle": -45, "axis": "z", "origin": [1.2, 21.7, 7]},
			"faces": {
				"north": {"uv": [8, 4.375, 8.25, 4.75], "texture": "#0"},
				"east": {"uv": [5.25, 8, 5.5, 8.375], "texture": "#0"},
				"south": {"uv": [5.5, 8, 5.75, 8.375], "texture": "#0"},
				"west": {"uv": [5.75, 8, 6, 8.375], "texture": "#0"},
				"up": {"uv": [8.375, 1.75, 8.125, 1.5], "texture": "#0"},
				"down": {"uv": [2, 8.125, 1.75, 8.375], "texture": "#0"}
			}
		},
		{
			"from": [12.8, 21.7, 7],
			"to": [14.8, 24.6, 9],
			"rotation": {"angle": 45, "axis": "z", "origin": [14.8, 21.7, 7]},
			"faces": {
				"north": {"uv": [8.125, 0, 8.375, 0.375], "texture": "#0"},
				"east": {"uv": [0.25, 8.125, 0.5, 8.5], "texture": "#0"},
				"south": {"uv": [8.125, 0.375, 8.375, 0.75], "texture": "#0"},
				"west": {"uv": [0.5, 8.125, 0.75, 8.5], "texture": "#0"},
				"up": {"uv": [1, 8.625, 0.75, 8.375], "texture": "#0"},
				"down": {"uv": [8.625, 0.75, 8.375, 1], "texture": "#0"}
			}
		},
		{
			"from": [12.6, 19.7, 6.9],
			"to": [14.9, 21.7, 9.1],
			"rotation": {"angle": 0, "axis": "z", "origin": [14.8, 19.7, 7]},
			"faces": {
				"north": {"uv": [8.25, 7.75, 8.5, 8], "texture": "#0"},
				"east": {"uv": [8.25, 8, 8.5, 8.25], "texture": "#0"},
				"south": {"uv": [8.25, 8.25, 8.5, 8.5], "texture": "#0"},
				"west": {"uv": [8.375, 0, 8.625, 0.25], "texture": "#0"},
				"up": {"uv": [8.625, 0.5, 8.375, 0.25], "texture": "#0"},
				"down": {"uv": [8.625, 0.5, 8.375, 0.75], "texture": "#0"}
			}
		},
		{
			"from": [12, 15, 7],
			"to": [14, 20, 9],
			"rotation": {"angle": -22.5, "axis": "z", "origin": [14, 18, 7]},
			"faces": {
				"north": {"uv": [4.75, 7.5, 5, 8.125], "texture": "#0"},
				"east": {"uv": [5, 7.5, 5.25, 8.125], "texture": "#0"},
				"south": {"uv": [6.75, 7.5, 7, 8.125], "texture": "#0"},
				"west": {"uv": [7, 7.5, 7.25, 8.125], "texture": "#0"},
				"up": {"uv": [8.5, 7.5, 8.25, 7.25], "texture": "#0"},
				"down": {"uv": [8.5, 7.5, 8.25, 7.75], "texture": "#0"}
			}
		},
		{
			"from": [6.8, 14, 12.2],
			"to": [8.8, 20, 14.2],
			"rotation": {"angle": 22.5, "axis": "x", "origin": [8.8, 18, 14.2]},
			"faces": {
				"north": {"uv": [3.25, 4.25, 3.5, 5], "texture": "#0"},
				"east": {"uv": [1.5, 4.75, 1.75, 5.5], "texture": "#0"},
				"south": {"uv": [2.75, 5.5, 3, 6.25], "texture": "#0"},
				"west": {"uv": [3, 5.5, 3.25, 6.25], "texture": "#0"},
				"up": {"uv": [7.75, 8.375, 7.5, 8.125], "texture": "#0"},
				"down": {"uv": [8, 8.125, 7.75, 8.375], "texture": "#0"}
			}
		},
		{
			"from": [6.7, 19.7, 12.8],
			"to": [8.9, 21.7, 15.1],
			"rotation": {"angle": 0, "axis": "z", "origin": [8.8, 19.7, 15]},
			"faces": {
				"north": {"uv": [3.5, 8.125, 3.75, 8.375], "texture": "#0"},
				"east": {"uv": [3.75, 8.125, 4, 8.375], "texture": "#0"},
				"south": {"uv": [4, 8.125, 4.25, 8.375], "texture": "#0"},
				"west": {"uv": [4.25, 8.125, 4.5, 8.375], "texture": "#0"},
				"up": {"uv": [4.75, 8.375, 4.5, 8.125], "texture": "#0"},
				"down": {"uv": [5, 8.125, 4.75, 8.375], "texture": "#0"}
			}
		},
		{
			"from": [6.8, 21.7, 13],
			"to": [8.8, 24.6, 15],
			"rotation": {"angle": -45, "axis": "x", "origin": [8.8, 21.7, 15]},
			"faces": {
				"north": {"uv": [6, 8, 6.25, 8.375], "texture": "#0"},
				"east": {"uv": [6.25, 8, 6.5, 8.375], "texture": "#0"},
				"south": {"uv": [8, 6.25, 8.25, 6.625], "texture": "#0"},
				"west": {"uv": [8, 6.625, 8.25, 7], "texture": "#0"},
				"up": {"uv": [8.375, 2.75, 8.125, 2.5], "texture": "#0"},
				"down": {"uv": [8.375, 2.75, 8.125, 3], "texture": "#0"}
			}
		},
		{
			"from": [6.8, 21.7, 1.4],
			"to": [8.8, 24.6, 3.4],
			"rotation": {"angle": 45, "axis": "x", "origin": [6.8, 21.7, 1.4]},
			"faces": {
				"north": {"uv": [8, 7, 8.25, 7.375], "texture": "#0"},
				"east": {"uv": [8, 7.375, 8.25, 7.75], "texture": "#0"},
				"south": {"uv": [8, 7.75, 8.25, 8.125], "texture": "#0"},
				"west": {"uv": [0, 8.125, 0.25, 8.5], "texture": "#0"},
				"up": {"uv": [8.5, 7, 8.25, 6.75], "texture": "#0"},
				"down": {"uv": [8.5, 7, 8.25, 7.25], "texture": "#0"}
			}
		},
		{
			"from": [6.7, 19.7, 1.3],
			"to": [8.9, 21.7, 3.6],
			"rotation": {"angle": 0, "axis": "z", "origin": [6.8, 19.7, 1.4]},
			"faces": {
				"north": {"uv": [8.25, 4.625, 8.5, 4.875], "texture": "#0"},
				"east": {"uv": [8.25, 4.875, 8.5, 5.125], "texture": "#0"},
				"south": {"uv": [8.25, 5.125, 8.5, 5.375], "texture": "#0"},
				"west": {"uv": [8.25, 5.375, 8.5, 5.625], "texture": "#0"},
				"up": {"uv": [8.5, 6.5, 8.25, 6.25], "texture": "#0"},
				"down": {"uv": [8.5, 6.5, 8.25, 6.75], "texture": "#0"}
			}
		},
		{
			"from": [6.8, 15, 2.2],
			"to": [8.8, 20, 4.2],
			"rotation": {"angle": -22.5, "axis": "x", "origin": [6.8, 18, 2.2]},
			"faces": {
				"north": {"uv": [4, 7.5, 4.25, 8.125], "texture": "#0"},
				"east": {"uv": [7.5, 4.125, 7.75, 4.75], "texture": "#0"},
				"south": {"uv": [4.25, 7.5, 4.5, 8.125], "texture": "#0"},
				"west": {"uv": [4.5, 7.5, 4.75, 8.125], "texture": "#0"},
				"up": {"uv": [8.25, 8.375, 8, 8.125], "texture": "#0"},
				"down": {"uv": [8.5, 4.375, 8.25, 4.625], "texture": "#0"}
			}
		},
		{
			"from": [0.5, 8, 0.5],
			"to": [15.5, 10.1, 15.5],
			"rotation": {"angle": 0, "axis": "y", "origin": [0.5, 8, 0.5]},
			"faces": {
				"north": {"uv": [7.5, 0, 15, 1], "texture": "#1"},
				"east": {"uv": [7.5, 1, 15, 2], "texture": "#1"},
				"south": {"uv": [7.5, 2, 15, 3], "texture": "#1"},
				"west": {"uv": [7.5, 3, 15, 4], "texture": "#1"},
				"up": {"uv": [7.5, 7.5, 0, 0], "texture": "#1"},
				"down": {"uv": [7.5, 7.5, 0, 15], "texture": "#1"}
			}
		}
	],
	"display": {
		"head": {
			"translation": [0, 1.75, 0]
		},
		"fixed": {
			"rotation": [-90, 0, 0],
			"translation": [0, 0, -16],
			"scale": [2, 2, 2]
		}
	}
}