{
	"credit": "Made with Blockbench",
	"texture_size": [128, 128],
	"textures": {
		"0": "item/air_balloon_red"
	},
	"elements": [
		{
			"from": [0, 9, 0],
			"to": [17, 13, 17],
			"faces": {
				"north": {"uv": [6.625, 5.375, 8.75, 5.875], "texture": "#0"},
				"east": {"uv": [6.625, 5.875, 8.75, 6.375], "texture": "#0"},
				"south": {"uv": [6.625, 6.375, 8.75, 6.875], "texture": "#0"},
				"west": {"uv": [6.625, 6.875, 8.75, 7.375], "texture": "#0"},
				"up": {"uv": [7.375, 2.125, 5.25, 0], "texture": "#0"},
				"down": {"uv": [7.375, 2.125, 5.25, 4.25], "texture": "#0"}
			}
		},
		{
			"from": [-2, 13, -2],
			"to": [19, 32, 19],
			"faces": {
				"north": {"uv": [2.625, 0, 5.25, 2.375], "texture": "#0"},
				"east": {"uv": [2.625, 2.375, 5.25, 4.75], "texture": "#0"},
				"south": {"uv": [2.625, 4.75, 5.25, 7.125], "texture": "#0"},
				"west": {"uv": [0, 5.25, 2.625, 7.625], "texture": "#0"},
				"up": {"uv": [2.625, 2.625, 0, 0], "texture": "#0"},
				"down": {"uv": [2.625, 2.625, 0, 5.25], "texture": "#0"}
			}
		},
		{
			"from": [3, -12, 12],
			"to": [14, -3, 14],
			"faces": {
				"north": {"uv": [5.25, 4.25, 6.625, 5.375], "texture": "#0"},
				"east": {"uv": [6.625, 7.375, 6.875, 8.5], "texture": "#0"},
				"south": {"uv": [5.25, 5.375, 6.625, 6.5], "texture": "#0"},
				"west": {"uv": [6.875, 7.375, 7.125, 8.5], "texture": "#0"},
				"up": {"uv": [8.75, 3.125, 7.375, 2.875], "texture": "#0"},
				"down": {"uv": [8.75, 3.125, 7.375, 3.375], "texture": "#0"}
			}
		},
		{
			"from": [3, -12, 5],
			"to": [5, -3, 12],
			"faces": {
				"north": {"uv": [0, 7.625, 0.25, 8.75], "texture": "#0"},
				"east": {"uv": [2.625, 7.125, 3.5, 8.25], "texture": "#0"},
				"south": {"uv": [0.25, 7.625, 0.5, 8.75], "texture": "#0"},
				"west": {"uv": [3.5, 7.125, 4.375, 8.25], "texture": "#0"},
				"up": {"uv": [5.875, 8.5, 5.625, 7.625], "texture": "#0"},
				"down": {"uv": [6.125, 7.625, 5.875, 8.5], "texture": "#0"}
			}
		},
		{
			"from": [12, -12, 5],
			"to": [14, -3, 12],
			"faces": {
				"north": {"uv": [0.5, 7.625, 0.75, 8.75], "texture": "#0"},
				"east": {"uv": [4.375, 7.125, 5.25, 8.25], "texture": "#0"},
				"south": {"uv": [0.75, 7.625, 1, 8.75], "texture": "#0"},
				"west": {"uv": [7.375, 0, 8.25, 1.125], "texture": "#0"},
				"up": {"uv": [6.375, 8.5, 6.125, 7.625], "texture": "#0"},
				"down": {"uv": [6.625, 7.625, 6.375, 8.5], "texture": "#0"}
			}
		},
		{
			"from": [5, -12, 5],
			"to": [12, -11, 12],
			"faces": {
				"north": {"uv": [7.375, 3.875, 8.25, 4], "texture": "#0"},
				"east": {"uv": [7.375, 4, 8.25, 4.125], "texture": "#0"},
				"south": {"uv": [7.375, 4.125, 8.25, 4.25], "texture": "#0"},
				"west": {"uv": [7.625, 7.375, 8.5, 7.5], "texture": "#0"},
				"up": {"uv": [8.25, 2, 7.375, 1.125], "texture": "#0"},
				"down": {"uv": [8.25, 2, 7.375, 2.875], "texture": "#0"}
			}
		},
		{
			"from": [3, -12, 3],
			"to": [14, -3, 5],
			"faces": {
				"north": {"uv": [5.25, 6.5, 6.625, 7.625], "texture": "#0"},
				"east": {"uv": [7.125, 7.375, 7.375, 8.5], "texture": "#0"},
				"south": {"uv": [6.625, 4.25, 8, 5.375], "texture": "#0"},
				"west": {"uv": [7.375, 7.375, 7.625, 8.5], "texture": "#0"},
				"up": {"uv": [8.75, 3.625, 7.375, 3.375], "texture": "#0"},
				"down": {"uv": [8.75, 3.625, 7.375, 3.875], "texture": "#0"}
			}
		},
		{
			"from": [4, -3, 13],
			"to": [5, 14, 13],
			"faces": {
				"north": {"uv": [1, 7.625, 1.125, 9.75], "texture": "#0"},
				"east": {"uv": [0, 0, 0, 2.125], "texture": "#0"},
				"south": {"uv": [1.125, 7.625, 1.25, 9.75], "texture": "#0"},
				"west": {"uv": [0, 0, 0, 2.125], "texture": "#0"},
				"up": {"uv": [0.125, 0, 0, 0], "texture": "#0"},
				"down": {"uv": [0.125, 0, 0, 0], "texture": "#0"}
			}
		},
		{
			"from": [4, -3, 4],
			"to": [5, 14, 4],
			"faces": {
				"north": {"uv": [1.25, 7.625, 1.375, 9.75], "texture": "#0"},
				"east": {"uv": [0, 0, 0, 2.125], "texture": "#0"},
				"south": {"uv": [1.375, 7.625, 1.5, 9.75], "texture": "#0"},
				"west": {"uv": [0, 0, 0, 2.125], "texture": "#0"},
				"up": {"uv": [0.125, 0, 0, 0], "texture": "#0"},
				"down": {"uv": [0.125, 0, 0, 0], "texture": "#0"}
			}
		},
		{
			"from": [4.5, -3, 3.5],
			"to": [4.5, 14, 4.5],
			"faces": {
				"north": {"uv": [0, 0, 0, 2.125], "texture": "#0"},
				"east": {"uv": [2, 7.625, 2.125, 9.75], "texture": "#0"},
				"south": {"uv": [0, 0, 0, 2.125], "texture": "#0"},
				"west": {"uv": [2.125, 7.625, 2.25, 9.75], "texture": "#0"},
				"up": {"uv": [0, 0.125, 0, 0], "texture": "#0"},
				"down": {"uv": [0, 0, 0, 0.125], "texture": "#0"}
			}
		},
		{
			"from": [4.5, -3, 12.5],
			"to": [4.5, 14, 13.5],
			"faces": {
				"north": {"uv": [0, 0, 0, 2.125], "texture": "#0"},
				"east": {"uv": [2.25, 7.625, 2.375, 9.75], "texture": "#0"},
				"south": {"uv": [0, 0, 0, 2.125], "texture": "#0"},
				"west": {"uv": [2.375, 7.625, 2.5, 9.75], "texture": "#0"},
				"up": {"uv": [0, 0.125, 0, 0], "texture": "#0"},
				"down": {"uv": [0, 0, 0, 0.125], "texture": "#0"}
			}
		},
		{
			"from": [12.5, -3, 12.5],
			"to": [12.5, 14, 13.5],
			"faces": {
				"north": {"uv": [0, 0, 0, 2.125], "texture": "#0"},
				"east": {"uv": [2.5, 7.625, 2.625, 9.75], "texture": "#0"},
				"south": {"uv": [0, 0, 0, 2.125], "texture": "#0"},
				"west": {"uv": [5.25, 7.625, 5.375, 9.75], "texture": "#0"},
				"up": {"uv": [0, 0.125, 0, 0], "texture": "#0"},
				"down": {"uv": [0, 0, 0, 0.125], "texture": "#0"}
			}
		},
		{
			"from": [12.5, -3, 3.5],
			"to": [12.5, 14, 4.5],
			"faces": {
				"north": {"uv": [0, 0, 0, 2.125], "texture": "#0"},
				"east": {"uv": [5.375, 7.625, 5.5, 9.75], "texture": "#0"},
				"south": {"uv": [0, 0, 0, 2.125], "texture": "#0"},
				"west": {"uv": [5.5, 7.625, 5.625, 9.75], "texture": "#0"},
				"up": {"uv": [0, 0.125, 0, 0], "texture": "#0"},
				"down": {"uv": [0, 0, 0, 0.125], "texture": "#0"}
			}
		},
		{
			"from": [12, -3, 4],
			"to": [13, 14, 4],
			"faces": {
				"north": {"uv": [1.5, 7.625, 1.625, 9.75], "texture": "#0"},
				"east": {"uv": [0, 0, 0, 2.125], "texture": "#0"},
				"south": {"uv": [1.625, 7.625, 1.75, 9.75], "texture": "#0"},
				"west": {"uv": [0, 0, 0, 2.125], "texture": "#0"},
				"up": {"uv": [0.125, 0, 0, 0], "texture": "#0"},
				"down": {"uv": [0.125, 0, 0, 0], "texture": "#0"}
			}
		},
		{
			"from": [12, -3, 13],
			"to": [13, 14, 13],
			"faces": {
				"north": {"uv": [1.75, 7.625, 1.875, 9.75], "texture": "#0"},
				"east": {"uv": [0, 0, 0, 2.125], "texture": "#0"},
				"south": {"uv": [1.875, 7.625, 2, 9.75], "texture": "#0"},
				"west": {"uv": [0, 0, 0, 2.125], "texture": "#0"},
				"up": {"uv": [0.125, 0, 0, 0], "texture": "#0"},
				"down": {"uv": [0.125, 0, 0, 0], "texture": "#0"}
			}
		}
	],
	"display": {
		"thirdperson_righthand": {
			"translation": [0, 3.5, 0],
			"scale": [0, 0, 0]
		},
		"thirdperson_lefthand": {
			"scale": [0, 0, 0]
		},
		"firstperson_righthand": {
			"scale": [0, 0, 0]
		},
		"firstperson_lefthand": {
			"scale": [0, 0, 0]
		},
		"ground": {
			"translation": [0, 1.25, 0],
			"scale": [0.2, 0.2, 0.2]
		},
		"gui": {
			"translation": [0, -0.75, 0],
			"scale": [0.35, 0.35, 0]
		},
		"head": {
			"translation": [-1.25, 25, -2],
			"scale": [4, 4, 4]
		}
	}
}