{
	"credit": "Made with Blockbench",
	"texture_size": [64, 64],
	"textures": {
		"1": "item/beppo"
	},
	"elements": [
		{
			"from": [7.5, 0, 5],
			"to": [8.5, 6, 11],
			"faces": {
				"north": {"uv": [8.75, 3.25, 9, 4.75], "texture": "#1"},
				"east": {"uv": [2, 4, 3.5, 5.5], "texture": "#1"},
				"south": {"uv": [9, 3.25, 9.25, 4.75], "texture": "#1"},
				"west": {"uv": [5.5, 0, 7, 1.5], "texture": "#1"},
				"up": {"uv": [6.25, 10.5, 6, 9], "texture": "#1"},
				"down": {"uv": [6.5, 9, 6.25, 10.5], "texture": "#1"}
			}
		},
		{
			"from": [9, 2, 7.5],
			"to": [10, 8, 8.5],
			"faces": {
				"north": {"uv": [6.5, 9, 6.75, 10.5], "texture": "#1"},
				"east": {"uv": [6.75, 9, 7, 10.5], "texture": "#1"},
				"south": {"uv": [7, 9, 7.25, 10.5], "texture": "#1"},
				"west": {"uv": [7.25, 9, 7.5, 10.5], "texture": "#1"},
				"up": {"uv": [1.75, 7, 1.5, 6.75], "texture": "#1"},
				"down": {"uv": [2, 6.75, 1.75, 7], "texture": "#1"}
			}
		},
		{
			"from": [11.9, 4.1, 7],
			"to": [12.9, 10, 8],
			"faces": {
				"north": {"uv": [9, 7.25, 9.25, 8.75], "texture": "#1"},
				"east": {"uv": [7.5, 9, 7.75, 10.5], "texture": "#1"},
				"south": {"uv": [7.75, 9, 8, 10.5], "texture": "#1"},
				"west": {"uv": [8, 9, 8.25, 10.5], "texture": "#1"},
				"up": {"uv": [10, 0.5, 9.75, 0.25], "texture": "#1"},
				"down": {"uv": [10, 0.5, 9.75, 0.75], "texture": "#1"}
			}
		},
		{
			"from": [3.1, 4.1, 7],
			"to": [4.1, 10.1, 8],
			"faces": {
				"north": {"uv": [1.5, 9.25, 1.75, 10.75], "texture": "#1"},
				"east": {"uv": [1.75, 9.25, 2, 10.75], "texture": "#1"},
				"south": {"uv": [9.25, 1.75, 9.5, 3.25], "texture": "#1"},
				"west": {"uv": [2, 9.25, 2.25, 10.75], "texture": "#1"},
				"up": {"uv": [10, 2.5, 9.75, 2.25], "texture": "#1"},
				"down": {"uv": [10, 2.5, 9.75, 2.75], "texture": "#1"}
			}
		},
		{
			"from": [3.1, 1, 4.7],
			"to": [4.1, 2, 8.7],
			"rotation": {"angle": -22.5, "axis": "x", "origin": [0, 0, 0]},
			"faces": {
				"north": {"uv": [9.75, 2.75, 10, 3], "texture": "#1"},
				"east": {"uv": [9.25, 5.75, 10.25, 6], "texture": "#1"},
				"south": {"uv": [9.75, 3, 10, 3.25], "texture": "#1"},
				"west": {"uv": [9.25, 6, 10.25, 6.25], "texture": "#1"},
				"up": {"uv": [6, 10.25, 5.75, 9.25], "texture": "#1"},
				"down": {"uv": [9.5, 6.25, 9.25, 7.25], "texture": "#1"}
			}
		},
		{
			"from": [3.1, 7, 1],
			"to": [4.1, 8, 5],
			"rotation": {"angle": 22.5, "axis": "x", "origin": [0, 0, 0]},
			"faces": {
				"north": {"uv": [3.25, 9.75, 3.5, 10], "texture": "#1"},
				"east": {"uv": [9.25, 7.25, 10.25, 7.5], "texture": "#1"},
				"south": {"uv": [9.75, 3.25, 10, 3.5], "texture": "#1"},
				"west": {"uv": [9.25, 7.5, 10.25, 7.75], "texture": "#1"},
				"up": {"uv": [9.5, 8.75, 9.25, 7.75], "texture": "#1"},
				"down": {"uv": [9.5, 9, 9.25, 10], "texture": "#1"}
			}
		},
		{
			"from": [12.1, 4.5, 3.1],
			"to": [13.1, 5.5, 7.1],
			"faces": {
				"north": {"uv": [3.5, 9.75, 3.75, 10], "texture": "#1"},
				"east": {"uv": [9.5, 1.75, 10.5, 2], "texture": "#1"},
				"south": {"uv": [9.75, 3.5, 10, 3.75], "texture": "#1"},
				"west": {"uv": [9.5, 2, 10.5, 2.25], "texture": "#1"},
				"up": {"uv": [2.5, 10.5, 2.25, 9.5], "texture": "#1"},
				"down": {"uv": [9.75, 2.25, 9.5, 3.25], "texture": "#1"}
			}
		},
		{
			"from": [12.4, 4.8, 1.1],
			"to": [12.8, 5.2, 3.1],
			"faces": {
				"north": {"uv": [5, 9.75, 5.125, 9.875], "texture": "#1"},
				"east": {"uv": [3.75, 9.75, 4.25, 9.875], "texture": "#1"},
				"south": {"uv": [9.75, 5, 9.875, 5.125], "texture": "#1"},
				"west": {"uv": [9.75, 3.75, 10.25, 3.875], "texture": "#1"},
				"up": {"uv": [9.875, 4.5, 9.75, 4], "texture": "#1"},
				"down": {"uv": [4.375, 9.75, 4.25, 10.25], "texture": "#1"}
			}
		},
		{
			"from": [10, 8, 6.5],
			"to": [13, 11, 8.5],
			"faces": {
				"north": {"uv": [8, 6.75, 8.75, 7.5], "texture": "#1"},
				"east": {"uv": [1.5, 6, 2, 6.75], "texture": "#1"},
				"south": {"uv": [8.25, 7.5, 9, 8.25], "texture": "#1"},
				"west": {"uv": [8.25, 9, 8.75, 9.75], "texture": "#1"},
				"up": {"uv": [8.5, 5.25, 7.75, 4.75], "texture": "#1"},
				"down": {"uv": [8.75, 3.25, 8, 3.75], "texture": "#1"}
			}
		},
		{
			"from": [3, 8, 6.5],
			"to": [6, 11, 8.5],
			"faces": {
				"north": {"uv": [8.25, 8.25, 9, 9], "texture": "#1"},
				"east": {"uv": [8.75, 9, 9.25, 9.75], "texture": "#1"},
				"south": {"uv": [8.5, 0, 9.25, 0.75], "texture": "#1"},
				"west": {"uv": [9.25, 0, 9.75, 0.75], "texture": "#1"},
				"up": {"uv": [10, 1.25, 9.25, 0.75], "texture": "#1"},
				"down": {"uv": [10, 1.25, 9.25, 1.75], "texture": "#1"}
			}
		},
		{
			"from": [2.6, 4, 6.5],
			"to": [4.6, 6, 8.5],
			"faces": {
				"north": {"uv": [4.5, 7, 5, 7.5], "texture": "#1"},
				"east": {"uv": [8.5, 5.5, 9, 6], "texture": "#1"},
				"south": {"uv": [3.25, 9.25, 3.75, 9.75], "texture": "#1"},
				"west": {"uv": [9.25, 3.25, 9.75, 3.75], "texture": "#1"},
				"up": {"uv": [4.25, 9.75, 3.75, 9.25], "texture": "#1"},
				"down": {"uv": [9.75, 3.75, 9.25, 4.25], "texture": "#1"}
			}
		},
		{
			"from": [11.6, 4, 6.5],
			"to": [13.6, 6, 8.5],
			"faces": {
				"north": {"uv": [4.25, 9.25, 4.75, 9.75], "texture": "#1"},
				"east": {"uv": [9.25, 4.25, 9.75, 4.75], "texture": "#1"},
				"south": {"uv": [4.75, 9.25, 5.25, 9.75], "texture": "#1"},
				"west": {"uv": [9.25, 4.75, 9.75, 5.25], "texture": "#1"},
				"up": {"uv": [5.75, 9.75, 5.25, 9.25], "texture": "#1"},
				"down": {"uv": [9.75, 5.25, 9.25, 5.75], "texture": "#1"}
			}
		},
		{
			"from": [8, 2, 7.5],
			"to": [9, 3, 8.5],
			"faces": {
				"north": {"uv": [9.5, 7, 9.75, 7.25], "texture": "#1"},
				"east": {"uv": [9.5, 8.5, 9.75, 8.75], "texture": "#1"},
				"south": {"uv": [9.5, 9, 9.75, 9.25], "texture": "#1"},
				"west": {"uv": [9.5, 9.25, 9.75, 9.5], "texture": "#1"},
				"up": {"uv": [9.75, 9.75, 9.5, 9.5], "texture": "#1"},
				"down": {"uv": [10, 0, 9.75, 0.25], "texture": "#1"}
			}
		},
		{
			"from": [5, 7, 4],
			"to": [11, 13, 12],
			"faces": {
				"north": {"uv": [2, 5.5, 3.5, 7], "texture": "#1"},
				"east": {"uv": [0, 0, 2, 1.5], "texture": "#1"},
				"south": {"uv": [3.5, 5.5, 5, 7], "texture": "#1"},
				"west": {"uv": [0, 1.5, 2, 3], "texture": "#1"},
				"up": {"uv": [3.5, 2, 2, 0], "texture": "#1"},
				"down": {"uv": [3.5, 2, 2, 4], "texture": "#1"}
			}
		},
		{
			"from": [6, 5, 12],
			"to": [10, 14, 16],
			"faces": {
				"north": {"uv": [1.5, 7, 2.5, 9.25], "texture": "#1"},
				"east": {"uv": [7, 1.5, 8, 3.75], "texture": "#1"},
				"south": {"uv": [2.5, 7, 3.5, 9.25], "texture": "#1"},
				"west": {"uv": [3.5, 7, 4.5, 9.25], "texture": "#1"},
				"up": {"uv": [8.75, 4.75, 7.75, 3.75], "texture": "#1"},
				"down": {"uv": [9, 1.5, 8, 2.5], "texture": "#1"}
			}
		},
		{
			"from": [10, 6, 12.5],
			"to": [11, 10, 15.5],
			"faces": {
				"north": {"uv": [2.5, 9.5, 2.75, 10.5], "texture": "#1"},
				"east": {"uv": [4.5, 8.25, 5.25, 9.25], "texture": "#1"},
				"south": {"uv": [2.75, 9.5, 3, 10.5], "texture": "#1"},
				"west": {"uv": [5.25, 8.25, 6, 9.25], "texture": "#1"},
				"up": {"uv": [9.75, 7, 9.5, 6.25], "texture": "#1"},
				"down": {"uv": [9.75, 7.75, 9.5, 8.5], "texture": "#1"}
			}
		},
		{
			"from": [3, 6, 12.5],
			"to": [6, 12, 15.5],
			"faces": {
				"north": {"uv": [0.75, 7.5, 1.5, 9], "texture": "#1"},
				"east": {"uv": [6, 7.5, 6.75, 9], "texture": "#1"},
				"south": {"uv": [6.75, 7.5, 7.5, 9], "texture": "#1"},
				"west": {"uv": [7.5, 7.5, 8.25, 9], "texture": "#1"},
				"up": {"uv": [9.25, 1.5, 8.5, 0.75], "texture": "#1"},
				"down": {"uv": [9.25, 4.75, 8.5, 5.5], "texture": "#1"}
			}
		},
		{
			"from": [6.5, -1, 19.5],
			"to": [7.5, 6, 20.5],
			"rotation": {"angle": -45, "axis": "x", "origin": [0, 0, 0]},
			"faces": {
				"north": {"uv": [0, 9, 0.25, 10.75], "texture": "#1"},
				"east": {"uv": [0.25, 9, 0.5, 10.75], "texture": "#1"},
				"south": {"uv": [0.5, 9, 0.75, 10.75], "texture": "#1"},
				"west": {"uv": [0.75, 9, 1, 10.75], "texture": "#1"},
				"up": {"uv": [4.75, 10, 4.5, 9.75], "texture": "#1"},
				"down": {"uv": [10, 4.5, 9.75, 4.75], "texture": "#1"}
			}
		},
		{
			"from": [8.5, -1, 18.6],
			"to": [9.5, 6, 19.6],
			"rotation": {"angle": -45, "axis": "x", "origin": [0, 0, 0]},
			"faces": {
				"north": {"uv": [1, 9, 1.25, 10.75], "texture": "#1"},
				"east": {"uv": [1.25, 9, 1.5, 10.75], "texture": "#1"},
				"south": {"uv": [9, 1.5, 9.25, 3.25], "texture": "#1"},
				"west": {"uv": [9, 5.5, 9.25, 7.25], "texture": "#1"},
				"up": {"uv": [5, 10, 4.75, 9.75], "texture": "#1"},
				"down": {"uv": [10, 4.75, 9.75, 5], "texture": "#1"}
			}
		},
		{
			"from": [4.9, 13, 3],
			"to": [11.1, 19, 11],
			"faces": {
				"north": {"uv": [0, 6, 1.5, 7.5], "texture": "#1"},
				"east": {"uv": [0, 3, 2, 4.5], "texture": "#1"},
				"south": {"uv": [5, 6, 6.5, 7.5], "texture": "#1"},
				"west": {"uv": [3.5, 0, 5.5, 1.5], "texture": "#1"},
				"up": {"uv": [5, 3.5, 3.5, 1.5], "texture": "#1"},
				"down": {"uv": [5, 3.5, 3.5, 5.5], "texture": "#1"}
			}
		},
		{
			"from": [11.4, 19, 0.1],
			"to": [11.4, 25, 8.2],
			"rotation": {"angle": -22.5, "axis": "y", "origin": [0, 0, -1]},
			"faces": {
				"north": {"uv": [0, 0, 0, 1.5], "texture": "#1"},
				"east": {"uv": [0, 4.5, 2, 6], "texture": "#1"},
				"south": {"uv": [0, 0, 0, 1.5], "texture": "#1"},
				"west": {"uv": [5, 1.5, 7, 3], "texture": "#1"},
				"up": {"uv": [0, 2, 0, 0], "texture": "#1"},
				"down": {"uv": [0, 0, 0, 2], "texture": "#1"}
			}
		},
		{
			"from": [6.1, 19, 2.9],
			"to": [14.2, 25, 2.9],
			"rotation": {"angle": -22.5, "axis": "y", "origin": [0, 0, -1]},
			"faces": {
				"north": {"uv": [5, 3, 7, 4.5], "texture": "#1"},
				"east": {"uv": [0, 0, 0, 1.5], "texture": "#1"},
				"south": {"uv": [5, 4.5, 7, 6], "texture": "#1"},
				"west": {"uv": [0, 0, 0, 1.5], "texture": "#1"},
				"up": {"uv": [2, 0, 0, 0], "texture": "#1"},
				"down": {"uv": [2, 0, 0, 0], "texture": "#1"}
			}
		},
		{
			"from": [5, 12, 0],
			"to": [11, 18, 3],
			"faces": {
				"north": {"uv": [6.5, 6, 8, 7.5], "texture": "#1"},
				"east": {"uv": [7, 3.75, 7.75, 5.25], "texture": "#1"},
				"south": {"uv": [7, 0, 8.5, 1.5], "texture": "#1"},
				"west": {"uv": [0, 7.5, 0.75, 9], "texture": "#1"},
				"up": {"uv": [8.5, 6, 7, 5.25], "texture": "#1"},
				"down": {"uv": [6, 7.5, 4.5, 8.25], "texture": "#1"}
			}
		},
		{
			"from": [6, 14, -1],
			"to": [10, 17, 0],
			"faces": {
				"north": {"uv": [8, 2.5, 9, 3.25], "texture": "#1"},
				"east": {"uv": [8.75, 6.75, 9, 7.5], "texture": "#1"},
				"south": {"uv": [8, 6, 9, 6.75], "texture": "#1"},
				"west": {"uv": [3, 9.5, 3.25, 10.25], "texture": "#1"},
				"up": {"uv": [10, 9, 9, 8.75], "texture": "#1"},
				"down": {"uv": [3.25, 9.25, 2.25, 9.5], "texture": "#1"}
			}
		}
	],
	"display": {
		"thirdperson_righthand": {
			"rotation": [71, 0, 0],
			"translation": [0.5, 3.75, 0],
			"scale": [0.67, 0.67, 0.67]
		},
		"thirdperson_lefthand": {
			"rotation": [71, 0, 0],
			"translation": [0.5, 3.75, 0],
			"scale": [0.67, 0.67, 0.67]
		},
		"firstperson_righthand": {
			"translation": [4.25, 1, 0],
			"scale": [0.67, 0.67, 0.67]
		},
		"firstperson_lefthand": {
			"translation": [2.75, 1, 0],
			"scale": [0.67, 0.67, 0.67]
		},
		"ground": {
			"translation": [0, 0.75, 0],
			"scale": [0.5, 0.5, 0.5]
		},
		"head": {
			"translation": [0, -0.75, 2.25]
		},
		"fixed": {
			"rotation": [-90, 0, 0],
			"translation": [0, 0, -16],
			"scale": [2, 2, 2]
		}
	}
}