{
	"texture_size": [64, 64],
	"textures": {
		"0": "item/custom/bord"
	},
	"elements": [
		{
			"from": [6.1, 0, 22],
			"to": [10.1, 2, 26],
			"faces": {
				"north": {"uv": [10.5, 6, 11.5, 6.5], "texture": "#0"},
				"east": {"uv": [10.5, 6.5, 11.5, 7], "texture": "#0"},
				"south": {"uv": [10.5, 7, 11.5, 7.5], "texture": "#0"},
				"west": {"uv": [10.5, 7.5, 11.5, 8], "texture": "#0"},
				"up": {"uv": [1.25, 11.5, 0.25, 10.5], "texture": "#0"},
				"down": {"uv": [2.25, 10.5, 1.25, 11.5], "texture": "#0"}
			}
		},
		{
			"from": [6.1, 0, -10],
			"to": [10.1, 2, -6],
			"faces": {
				"north": {"uv": [10.5, 8, 11.5, 8.5], "texture": "#0"},
				"east": {"uv": [10.5, 8.5, 11.5, 9], "texture": "#0"},
				"south": {"uv": [10.5, 9, 11.5, 9.5], "texture": "#0"},
				"west": {"uv": [10.5, 9.5, 11.5, 10], "texture": "#0"},
				"up": {"uv": [3.25, 11.5, 2.25, 10.5], "texture": "#0"},
				"down": {"uv": [4.25, 10.5, 3.25, 11.5], "texture": "#0"}
			}
		},
		{
			"from": [6.8, 0.1, -9.3],
			"to": [9.5, 27.4, -6.7],
			"faces": {
				"north": {"uv": [7.25, 0, 8, 6.75], "texture": "#0"},
				"east": {"uv": [7.25, 6.75, 8, 13.5], "texture": "#0"},
				"south": {"uv": [8, 0, 8.75, 6.75], "texture": "#0"},
				"west": {"uv": [8, 6.75, 8.75, 13.5], "texture": "#0"},
				"up": {"uv": [5, 11.25, 4.25, 10.5], "texture": "#0"},
				"down": {"uv": [5.75, 10.5, 5, 11.25], "texture": "#0"}
			}
		},
		{
			"from": [6.8, 0.1, 22.6],
			"to": [9.5, 27.4, 25.2],
			"faces": {
				"north": {"uv": [8.75, 0, 9.5, 6.75], "texture": "#0"},
				"east": {"uv": [8.75, 6.75, 9.5, 13.5], "texture": "#0"},
				"south": {"uv": [9.5, 0, 10.25, 6.75], "texture": "#0"},
				"west": {"uv": [9.5, 6.75, 10.25, 13.5], "texture": "#0"},
				"up": {"uv": [11.25, 6, 10.5, 5.25], "texture": "#0"},
				"down": {"uv": [6.5, 10.5, 5.75, 11.25], "texture": "#0"}
			}
		},
		{
			"from": [7.8, 4.7, -6.7],
			"to": [8.5, 26.2, 22.6],
			"faces": {
				"north": {"uv": [0, 10.5, 0.25, 15.75], "texture": "#0"},
				"east": {"uv": [0, 0, 7.25, 5.25], "texture": "#0"},
				"south": {"uv": [10.5, 0, 10.75, 5.25], "texture": "#0"},
				"west": {"uv": [0, 5.25, 7.25, 10.5], "texture": "#0"},
				"up": {"uv": [10.5, 7.25, 10.25, 0], "texture": "#0"},
				"down": {"uv": [10.5, 7.25, 10.25, 14.5], "texture": "#0"}
			}
		}
	],
	"display": {
		"firstperson_righthand": {
			"translation": [0, -6.25, 0]
		},
		"ground": {
			"translation": [0, -1.75, 0],
			"scale": [0.26, 0.23, 0.23]
		},
		"gui": {
			"rotation": [0, -90, 0],
			"translation": [0.25, -2, 0.03711],
			"scale": [1, 0.375, 0.39453]
		},
		"fixed": {
			"rotation": [-90, 90, 0],
			"translation": [-0.75, 0, -26],
			"scale": [3.0293, 3.50781, 3.50781]
		}
	}
}