{
	"credit": "Made with Blockbench",
	"texture_size": [64, 64],
	"textures": {
		"0": "item/drink"
	},
	"elements": [
		{
			"from": [-3, -1, 7],
			"to": [1, 8, 11],
			"faces": {
				"north": {"uv": [7, 7, 8, 9.25], "texture": "#0"},
				"east": {"uv": [0, 7.5, 1, 9.75], "texture": "#0"},
				"south": {"uv": [1, 7.5, 2, 9.75], "texture": "#0"},
				"west": {"uv": [2, 7.5, 3, 9.75], "texture": "#0"},
				"up": {"uv": [1, 10.75, 0, 9.75], "texture": "#0"},
				"down": {"uv": [2, 9.75, 1, 10.75], "texture": "#0"}
			}
		},
		{
			"from": [15, -1, 7],
			"to": [19, 8, 11],
			"faces": {
				"north": {"uv": [3, 7.5, 4, 9.75], "texture": "#0"},
				"east": {"uv": [4, 7.5, 5, 9.75], "texture": "#0"},
				"south": {"uv": [5, 7.5, 6, 9.75], "texture": "#0"},
				"west": {"uv": [6, 7.5, 7, 9.75], "texture": "#0"},
				"up": {"uv": [3, 10.75, 2, 9.75], "texture": "#0"},
				"down": {"uv": [4, 9.75, 3, 10.75], "texture": "#0"}
			}
		},
		{
			"from": [1, 0, 0],
			"to": [15, 7, 16],
			"faces": {
				"north": {"uv": [0, 5.75, 3.5, 7.5], "texture": "#0"},
				"east": {"uv": [0, 4, 4, 5.75], "texture": "#0"},
				"south": {"uv": [3.5, 5.75, 7, 7.5], "texture": "#0"},
				"west": {"uv": [4, 4, 8, 5.75], "texture": "#0"},
				"up": {"uv": [3.5, 4, 0, 0], "texture": "#0"},
				"down": {"uv": [7, 0, 3.5, 4], "texture": "#0"}
			}
		},
		{
			"from": [1, -2, -5],
			"to": [1, 0, 2],
			"faces": {
				"north": {"uv": [0, 0, 0, 0.5], "texture": "#0"},
				"east": {"uv": [4, 9.75, 5.75, 10.25], "texture": "#0"},
				"south": {"uv": [0, 0, 0, 0.5], "texture": "#0"},
				"west": {"uv": [9.5, 10, 11.25, 10.5], "texture": "#0"},
				"up": {"uv": [0, 1.75, 0, 0], "texture": "#0"},
				"down": {"uv": [0, 0, 0, 1.75], "texture": "#0"}
			}
		},
		{
			"from": [-3.4, 7, 6.6],
			"to": [-3.4, 8, 11.4],
			"faces": {
				"north": {"uv": [0, 0, 0, 0.25], "texture": "#0"},
				"east": {"uv": [10.5, 4.25, 11.75, 4.5], "texture": "#0"},
				"south": {"uv": [0, 0, 0, 0.25], "texture": "#0"},
				"west": {"uv": [10.5, 4.5, 11.75, 4.75], "texture": "#0"},
				"up": {"uv": [0, 1.25, 0, 0], "texture": "#0"},
				"down": {"uv": [0, 0, 0, 1.25], "texture": "#0"}
			}
		},
		{
			"from": [-3.4, -1, 6.6],
			"to": [-3.4, 0, 11.4],
			"faces": {
				"north": {"uv": [0, 0, 0, 0.25], "texture": "#0"},
				"east": {"uv": [10.5, 7.75, 11.75, 8], "texture": "#0"},
				"south": {"uv": [0, 0, 0, 0.25], "texture": "#0"},
				"west": {"uv": [10.5, 8, 11.75, 8.25], "texture": "#0"},
				"up": {"uv": [0, 1.25, 0, 0], "texture": "#0"},
				"down": {"uv": [0, 0, 0, 1.25], "texture": "#0"}
			}
		},
		{
			"from": [-3.4, -1, 6.6],
			"to": [1.4, 0, 6.6],
			"faces": {
				"north": {"uv": [10.5, 8.75, 11.75, 9], "texture": "#0"},
				"east": {"uv": [0, 0, 0, 0.25], "texture": "#0"},
				"south": {"uv": [10.5, 9, 11.75, 9.25], "texture": "#0"},
				"west": {"uv": [0, 0, 0, 0.25], "texture": "#0"},
				"up": {"uv": [1.25, 0, 0, 0], "texture": "#0"},
				"down": {"uv": [1.25, 0, 0, 0], "texture": "#0"}
			}
		},
		{
			"from": [-3.4, -1, 11.4],
			"to": [1.4, 0, 11.4],
			"faces": {
				"north": {"uv": [10.5, 9.25, 11.75, 9.5], "texture": "#0"},
				"east": {"uv": [0, 0, 0, 0.25], "texture": "#0"},
				"south": {"uv": [9.5, 10.5, 10.75, 10.75], "texture": "#0"},
				"west": {"uv": [0, 0, 0, 0.25], "texture": "#0"},
				"up": {"uv": [1.25, 0, 0, 0], "texture": "#0"},
				"down": {"uv": [1.25, 0, 0, 0], "texture": "#0"}
			}
		},
		{
			"from": [14.6, -1, 11.4],
			"to": [19.4, 0, 11.4],
			"faces": {
				"north": {"uv": [0, 10.75, 1.25, 11], "texture": "#0"},
				"east": {"uv": [0, 0, 0, 0.25], "texture": "#0"},
				"south": {"uv": [1.25, 10.75, 2.5, 11], "texture": "#0"},
				"west": {"uv": [0, 0, 0, 0.25], "texture": "#0"},
				"up": {"uv": [1.25, 0, 0, 0], "texture": "#0"},
				"down": {"uv": [1.25, 0, 0, 0], "texture": "#0"}
			}
		},
		{
			"from": [14.6, -1, 6.6],
			"to": [19.4, 0, 6.6],
			"faces": {
				"north": {"uv": [2.5, 10.75, 3.75, 11], "texture": "#0"},
				"east": {"uv": [0, 0, 0, 0.25], "texture": "#0"},
				"south": {"uv": [3.75, 10.75, 5, 11], "texture": "#0"},
				"west": {"uv": [0, 0, 0, 0.25], "texture": "#0"},
				"up": {"uv": [1.25, 0, 0, 0], "texture": "#0"},
				"down": {"uv": [1.25, 0, 0, 0], "texture": "#0"}
			}
		},
		{
			"from": [14.6, 7, 6.6],
			"to": [19.4, 8, 6.6],
			"faces": {
				"north": {"uv": [6.25, 10.75, 7.5, 11], "texture": "#0"},
				"east": {"uv": [0, 0, 0, 0.25], "texture": "#0"},
				"south": {"uv": [7.5, 10.75, 8.75, 11], "texture": "#0"},
				"west": {"uv": [0, 0, 0, 0.25], "texture": "#0"},
				"up": {"uv": [1.25, 0, 0, 0], "texture": "#0"},
				"down": {"uv": [1.25, 0, 0, 0], "texture": "#0"}
			}
		},
		{
			"from": [14.6, 7, 11.4],
			"to": [19.4, 8, 11.4],
			"faces": {
				"north": {"uv": [8.75, 10.75, 10, 11], "texture": "#0"},
				"east": {"uv": [0, 0, 0, 0.25], "texture": "#0"},
				"south": {"uv": [10, 10.75, 11.25, 11], "texture": "#0"},
				"west": {"uv": [0, 0, 0, 0.25], "texture": "#0"},
				"up": {"uv": [1.25, 0, 0, 0], "texture": "#0"},
				"down": {"uv": [1.25, 0, 0, 0], "texture": "#0"}
			}
		},
		{
			"from": [-3.4, 7, 11.4],
			"to": [1.4, 8, 11.4],
			"faces": {
				"north": {"uv": [10.75, 10.5, 12, 10.75], "texture": "#0"},
				"east": {"uv": [0, 0, 0, 0.25], "texture": "#0"},
				"south": {"uv": [0, 11, 1.25, 11.25], "texture": "#0"},
				"west": {"uv": [0, 0, 0, 0.25], "texture": "#0"},
				"up": {"uv": [1.25, 0, 0, 0], "texture": "#0"},
				"down": {"uv": [1.25, 0, 0, 0], "texture": "#0"}
			}
		},
		{
			"from": [-3.4, 7, 6.6],
			"to": [1.4, 8, 6.6],
			"faces": {
				"north": {"uv": [1.25, 11, 2.5, 11.25], "texture": "#0"},
				"east": {"uv": [0, 0, 0, 0.25], "texture": "#0"},
				"south": {"uv": [2.5, 11, 3.75, 11.25], "texture": "#0"},
				"west": {"uv": [0, 0, 0, 0.25], "texture": "#0"},
				"up": {"uv": [1.25, 0, 0, 0], "texture": "#0"},
				"down": {"uv": [1.25, 0, 0, 0], "texture": "#0"}
			}
		},
		{
			"from": [1.4, 7, 6.6],
			"to": [1.4, 8, 11.4],
			"faces": {
				"north": {"uv": [0, 0, 0, 0.25], "texture": "#0"},
				"east": {"uv": [10.5, 4.75, 11.75, 5], "texture": "#0"},
				"south": {"uv": [0, 0, 0, 0.25], "texture": "#0"},
				"west": {"uv": [10.5, 5.5, 11.75, 5.75], "texture": "#0"},
				"up": {"uv": [0, 1.25, 0, 0], "texture": "#0"},
				"down": {"uv": [0, 0, 0, 1.25], "texture": "#0"}
			}
		},
		{
			"from": [1.4, -1, 6.6],
			"to": [1.4, 0, 11.4],
			"faces": {
				"north": {"uv": [0, 0, 0, 0.25], "texture": "#0"},
				"east": {"uv": [10.5, 8.25, 11.75, 8.5], "texture": "#0"},
				"south": {"uv": [0, 0, 0, 0.25], "texture": "#0"},
				"west": {"uv": [10.5, 8.5, 11.75, 8.75], "texture": "#0"},
				"up": {"uv": [0, 1.25, 0, 0], "texture": "#0"},
				"down": {"uv": [0, 0, 0, 1.25], "texture": "#0"}
			}
		},
		{
			"from": [14.6, 7, 6.6],
			"to": [14.6, 8, 11.4],
			"faces": {
				"north": {"uv": [0, 0, 0, 0.25], "texture": "#0"},
				"east": {"uv": [10.5, 5.75, 11.75, 6], "texture": "#0"},
				"south": {"uv": [0, 0, 0, 0.25], "texture": "#0"},
				"west": {"uv": [10.5, 6, 11.75, 6.25], "texture": "#0"},
				"up": {"uv": [0, 1.25, 0, 0], "texture": "#0"},
				"down": {"uv": [0, 0, 0, 1.25], "texture": "#0"}
			}
		},
		{
			"from": [14.6, -1, 6.6],
			"to": [14.6, 0, 11.4],
			"faces": {
				"north": {"uv": [0, 0, 0, 0.25], "texture": "#0"},
				"east": {"uv": [10.5, 7.25, 11.75, 7.5], "texture": "#0"},
				"south": {"uv": [0, 0, 0, 0.25], "texture": "#0"},
				"west": {"uv": [10.5, 7.5, 11.75, 7.75], "texture": "#0"},
				"up": {"uv": [0, 1.25, 0, 0], "texture": "#0"},
				"down": {"uv": [0, 0, 0, 1.25], "texture": "#0"}
			}
		},
		{
			"from": [19.4, 7, 6.6],
			"to": [19.4, 8, 11.4],
			"faces": {
				"north": {"uv": [0, 0, 0, 0.25], "texture": "#0"},
				"east": {"uv": [10.5, 6.25, 11.75, 6.5], "texture": "#0"},
				"south": {"uv": [0, 0, 0, 0.25], "texture": "#0"},
				"west": {"uv": [10.5, 6.5, 11.75, 6.75], "texture": "#0"},
				"up": {"uv": [0, 1.25, 0, 0], "texture": "#0"},
				"down": {"uv": [0, 0, 0, 1.25], "texture": "#0"}
			}
		},
		{
			"from": [15, -2, -5],
			"to": [15, 0, 2],
			"faces": {
				"north": {"uv": [0, 0, 0, 0.5], "texture": "#0"},
				"east": {"uv": [4, 10.25, 5.75, 10.75], "texture": "#0"},
				"south": {"uv": [0, 0, 0, 0.5], "texture": "#0"},
				"west": {"uv": [10.5, 2.5, 12.25, 3], "texture": "#0"},
				"up": {"uv": [0, 1.75, 0, 0], "texture": "#0"},
				"down": {"uv": [0, 0, 0, 1.75], "texture": "#0"}
			}
		},
		{
			"from": [1, 0, -5],
			"to": [15, 0, 0],
			"faces": {
				"north": {"uv": [0, 0, 3.5, 0], "texture": "#0"},
				"east": {"uv": [0, 0, 1.25, 0], "texture": "#0"},
				"south": {"uv": [0, 0, 3.5, 0], "texture": "#0"},
				"west": {"uv": [0, 0, 1.25, 0], "texture": "#0"},
				"up": {"uv": [10.5, 3.75, 7, 2.5], "texture": "#0"},
				"down": {"uv": [10.5, 5.75, 7, 7], "texture": "#0"}
			}
		},
		{
			"from": [14.6, -1, 6.6],
			"to": [19.4, -1, 11.4],
			"faces": {
				"north": {"uv": [0, 0, 1.25, 0], "texture": "#0"},
				"east": {"uv": [0, 0, 1.25, 0], "texture": "#0"},
				"south": {"uv": [0, 0, 1.25, 0], "texture": "#0"},
				"west": {"uv": [0, 0, 1.25, 0], "texture": "#0"},
				"up": {"uv": [9.25, 5, 8, 3.75], "texture": "#0"},
				"down": {"uv": [9.25, 7, 8, 8.25], "texture": "#0"}
			}
		},
		{
			"from": [14.6, 8, 6.6],
			"to": [19.4, 8, 11.4],
			"faces": {
				"north": {"uv": [0, 0, 1.25, 0], "texture": "#0"},
				"east": {"uv": [0, 0, 1.25, 0], "texture": "#0"},
				"south": {"uv": [0, 0, 1.25, 0], "texture": "#0"},
				"west": {"uv": [0, 0, 1.25, 0], "texture": "#0"},
				"up": {"uv": [9.25, 9.5, 8, 8.25], "texture": "#0"},
				"down": {"uv": [10.5, 3.75, 9.25, 5], "texture": "#0"}
			}
		},
		{
			"from": [-3.4, 8, 6.6],
			"to": [1.4, 8, 11.4],
			"faces": {
				"north": {"uv": [0, 0, 1.25, 0], "texture": "#0"},
				"east": {"uv": [0, 0, 1.25, 0], "texture": "#0"},
				"south": {"uv": [0, 0, 1.25, 0], "texture": "#0"},
				"west": {"uv": [0, 0, 1.25, 0], "texture": "#0"},
				"up": {"uv": [10.5, 8.25, 9.25, 7], "texture": "#0"},
				"down": {"uv": [10.5, 8.25, 9.25, 9.5], "texture": "#0"}
			}
		},
		{
			"from": [-3.4, -1, 6.6],
			"to": [1.4, -1, 11.4],
			"faces": {
				"north": {"uv": [0, 0, 1.25, 0], "texture": "#0"},
				"east": {"uv": [0, 0, 1.25, 0], "texture": "#0"},
				"south": {"uv": [0, 0, 1.25, 0], "texture": "#0"},
				"west": {"uv": [0, 0, 1.25, 0], "texture": "#0"},
				"up": {"uv": [8.25, 10.75, 7, 9.5], "texture": "#0"},
				"down": {"uv": [9.5, 9.5, 8.25, 10.75], "texture": "#0"}
			}
		},
		{
			"from": [19.4, -1, 6.6],
			"to": [19.4, 0, 11.4],
			"faces": {
				"north": {"uv": [0, 0, 0, 0.25], "texture": "#0"},
				"east": {"uv": [10.5, 6.75, 11.75, 7], "texture": "#0"},
				"south": {"uv": [0, 0, 0, 0.25], "texture": "#0"},
				"west": {"uv": [10.5, 7, 11.75, 7.25], "texture": "#0"},
				"up": {"uv": [0, 1.25, 0, 0], "texture": "#0"},
				"down": {"uv": [0, 0, 0, 1.25], "texture": "#0"}
			}
		},
		{
			"from": [2, 0, -7],
			"to": [14, 0, -5],
			"faces": {
				"north": {"uv": [0, 0, 3, 0], "texture": "#0"},
				"east": {"uv": [0, 0, 0.5, 0], "texture": "#0"},
				"south": {"uv": [0, 0, 3, 0], "texture": "#0"},
				"west": {"uv": [0, 0, 0.5, 0], "texture": "#0"},
				"up": {"uv": [11, 5.5, 8, 5], "texture": "#0"},
				"down": {"uv": [12.5, 9.5, 9.5, 10], "texture": "#0"}
			}
		},
		{
			"from": [-1, 7, 9],
			"to": [18, 12, 9],
			"faces": {
				"north": {"uv": [7, 0, 11.75, 1.25], "texture": "#0"},
				"east": {"uv": [0, 0, 0, 1.25], "texture": "#0"},
				"south": {"uv": [7, 1.25, 11.75, 2.5], "texture": "#0"},
				"west": {"uv": [0, 0, 0, 1.25], "texture": "#0"},
				"up": {"uv": [4.75, 0, 0, 0], "texture": "#0"},
				"down": {"uv": [4.75, 0, 0, 0], "texture": "#0"}
			}
		},
		{
			"from": [15, -9, 0],
			"to": [15, -8, 10],
			"faces": {
				"north": {"uv": [0, 0, 0, 0.25], "texture": "#0"},
				"east": {"uv": [8, 5.5, 10.5, 5.75], "texture": "#0"},
				"south": {"uv": [0, 0, 0, 0.25], "texture": "#0"},
				"west": {"uv": [10.5, 3, 13, 3.25], "texture": "#0"},
				"up": {"uv": [0, 2.5, 0, 0], "texture": "#0"},
				"down": {"uv": [0, 0, 0, 2.5], "texture": "#0"}
			}
		},
		{
			"from": [15, -8, 9],
			"to": [15, 2, 10],
			"faces": {
				"north": {"uv": [0, 0, 0, 2.5], "texture": "#0"},
				"east": {"uv": [5.75, 9.75, 6, 12.25], "texture": "#0"},
				"south": {"uv": [0, 0, 0, 2.5], "texture": "#0"},
				"west": {"uv": [6, 9.75, 6.25, 12.25], "texture": "#0"},
				"up": {"uv": [0, 0.25, 0, 0], "texture": "#0"},
				"down": {"uv": [0, 0, 0, 0.25], "texture": "#0"}
			}
		},
		{
			"from": [3, 7, 6],
			"to": [13, 8, 6],
			"faces": {
				"north": {"uv": [10.5, 3.25, 13, 3.5], "texture": "#0"},
				"east": {"uv": [0, 0, 0, 0.25], "texture": "#0"},
				"south": {"uv": [10.5, 3.5, 13, 3.75], "texture": "#0"},
				"west": {"uv": [0, 0, 0, 0.25], "texture": "#0"},
				"up": {"uv": [2.5, 0, 0, 0], "texture": "#0"},
				"down": {"uv": [2.5, 0, 0, 0], "texture": "#0"}
			}
		},
		{
			"from": [6, -9, 0],
			"to": [15, -8, 0],
			"faces": {
				"north": {"uv": [10.5, 3.75, 12.75, 4], "texture": "#0"},
				"east": {"uv": [0, 0, 0, 0.25], "texture": "#0"},
				"south": {"uv": [10.5, 4, 12.75, 4.25], "texture": "#0"},
				"west": {"uv": [0, 0, 0, 0.25], "texture": "#0"},
				"up": {"uv": [2.25, 0, 0, 0], "texture": "#0"},
				"down": {"uv": [2.25, 0, 0, 0], "texture": "#0"}
			}
		}
	],
	"display": {
		"gui": {
			"rotation": [-163, 42.25, 180],
			"translation": [1, 3.5, 0],
			"scale": [0.6, 0.6, 0.6]
		},
		"head": {
			"translation": [0, 11.5, 0]
		}
	}
}