{
	"credit": "Made with Blockbench",
	"texture_size": [32, 32],
	"textures": {
		"0": "item/foxear"
	},
	"elements": [
		{
			"from": [0, 0, 6],
			"to": [4, 2, 8],
			"faces": {
				"north": {"uv": [3, 4, 5, 5], "texture": "#0"},
				"east": {"uv": [3, 9, 4, 10], "texture": "#0"},
				"south": {"uv": [5, 0, 7, 1], "texture": "#0"},
				"west": {"uv": [4, 9, 5, 10], "texture": "#0"},
				"up": {"uv": [7, 2, 5, 1], "texture": "#0"},
				"down": {"uv": [7, 2, 5, 3], "texture": "#0"}
			}
		},
		{
			"from": [0, 4, 4],
			"to": [3, 6, 6],
			"faces": {
				"north": {"uv": [7, 0, 8.5, 1], "texture": "#0"},
				"east": {"uv": [9, 8, 10, 9], "texture": "#0"},
				"south": {"uv": [7, 1, 8.5, 2], "texture": "#0"},
				"west": {"uv": [9, 9, 10, 10], "texture": "#0"},
				"up": {"uv": [8.5, 3, 7, 2], "texture": "#0"},
				"down": {"uv": [8.5, 3, 7, 4], "texture": "#0"}
			}
		},
		{
			"from": [13, 4, 4],
			"to": [16, 6, 6],
			"faces": {
				"north": {"uv": [8.5, 2, 10, 3], "texture": "#0"},
				"east": {"uv": [4, 10, 5, 11], "texture": "#0"},
				"south": {"uv": [8.5, 3, 10, 4], "texture": "#0"},
				"west": {"uv": [10, 4, 11, 5], "texture": "#0"},
				"up": {"uv": [10, 5, 8.5, 4], "texture": "#0"},
				"down": {"uv": [10, 5, 8.5, 6], "texture": "#0"}
			}
		},
		{
			"from": [0, 2, 4],
			"to": [3, 4, 6],
			"faces": {
				"north": {"uv": [0, 8, 1.5, 9], "texture": "#0"},
				"east": {"uv": [1, 10, 2, 11], "texture": "#0"},
				"south": {"uv": [1.5, 8, 3, 9], "texture": "#0"},
				"west": {"uv": [10, 1, 11, 2], "texture": "#0"},
				"up": {"uv": [4.5, 9, 3, 8], "texture": "#0"},
				"down": {"uv": [6, 8, 4.5, 9], "texture": "#0"}
			}
		},
		{
			"from": [13, 2, 4],
			"to": [16, 4, 6],
			"faces": {
				"north": {"uv": [6, 8, 7.5, 9], "texture": "#0"},
				"east": {"uv": [3, 10, 4, 11], "texture": "#0"},
				"south": {"uv": [7.5, 8, 9, 9], "texture": "#0"},
				"west": {"uv": [10, 3, 11, 4], "texture": "#0"},
				"up": {"uv": [10, 1, 8.5, 0], "texture": "#0"},
				"down": {"uv": [10, 1, 8.5, 2], "texture": "#0"}
			}
		},
		{
			"from": [0, 6, 6],
			"to": [3, 8, 8],
			"faces": {
				"north": {"uv": [7, 4, 8.5, 5], "texture": "#0"},
				"east": {"uv": [0, 10, 1, 11], "texture": "#0"},
				"south": {"uv": [7, 5, 8.5, 6], "texture": "#0"},
				"west": {"uv": [10, 0, 11, 1], "texture": "#0"},
				"up": {"uv": [8.5, 7, 7, 6], "texture": "#0"},
				"down": {"uv": [8.5, 7, 7, 8], "texture": "#0"}
			}
		},
		{
			"from": [13, 6, 6],
			"to": [16, 8, 8],
			"faces": {
				"north": {"uv": [8.5, 6, 10, 7], "texture": "#0"},
				"east": {"uv": [5, 10, 6, 11], "texture": "#0"},
				"south": {"uv": [8.5, 7, 10, 8], "texture": "#0"},
				"west": {"uv": [10, 5, 11, 6], "texture": "#0"},
				"up": {"uv": [1.5, 10, 0, 9], "texture": "#0"},
				"down": {"uv": [3, 9, 1.5, 10], "texture": "#0"}
			}
		},
		{
			"from": [0, 2, 8],
			"to": [2, 10, 10],
			"faces": {
				"north": {"uv": [0, 0, 1, 4], "texture": "#0"},
				"east": {"uv": [1, 0, 2, 4], "texture": "#0"},
				"south": {"uv": [2, 0, 3, 4], "texture": "#0"},
				"west": {"uv": [3, 0, 4, 4], "texture": "#0"},
				"up": {"uv": [8, 10, 7, 9], "texture": "#0"},
				"down": {"uv": [9, 9, 8, 10], "texture": "#0"}
			}
		},
		{
			"from": [14, 2, 8],
			"to": [16, 10, 10],
			"faces": {
				"north": {"uv": [0, 4, 1, 8], "texture": "#0"},
				"east": {"uv": [4, 0, 5, 4], "texture": "#0"},
				"south": {"uv": [1, 4, 2, 8], "texture": "#0"},
				"west": {"uv": [2, 4, 3, 8], "texture": "#0"},
				"up": {"uv": [3, 11, 2, 10], "texture": "#0"},
				"down": {"uv": [11, 2, 10, 3], "texture": "#0"}
			}
		},
		{
			"from": [15, 2, 6],
			"to": [15, 6, 8],
			"faces": {
				"north": {"uv": [0, 0, 0, 2], "texture": "#0"},
				"east": {"uv": [3, 6, 4, 8], "texture": "#0"},
				"south": {"uv": [0, 0, 0, 2], "texture": "#0"},
				"west": {"uv": [4, 6, 5, 8], "texture": "#0"},
				"up": {"uv": [0, 1, 0, 0], "texture": "#0"},
				"down": {"uv": [0, 0, 0, 1], "texture": "#0"}
			}
		},
		{
			"from": [1, 2, 6],
			"to": [1, 6, 8],
			"faces": {
				"north": {"uv": [0, 0, 0, 2], "texture": "#0"},
				"east": {"uv": [5, 6, 6, 8], "texture": "#0"},
				"south": {"uv": [0, 0, 0, 2], "texture": "#0"},
				"west": {"uv": [6, 6, 7, 8], "texture": "#0"},
				"up": {"uv": [0, 1, 0, 0], "texture": "#0"},
				"down": {"uv": [0, 0, 0, 1], "texture": "#0"}
			}
		},
		{
			"from": [12, 0, 6],
			"to": [16, 2, 8],
			"faces": {
				"north": {"uv": [3, 5, 5, 6], "texture": "#0"},
				"east": {"uv": [5, 9, 6, 10], "texture": "#0"},
				"south": {"uv": [5, 3, 7, 4], "texture": "#0"},
				"west": {"uv": [6, 9, 7, 10], "texture": "#0"},
				"up": {"uv": [7, 5, 5, 4], "texture": "#0"},
				"down": {"uv": [7, 5, 5, 6], "texture": "#0"}
			}
		}
	],
	"display": {
		"thirdperson_righthand": {
			"translation": [-5.75, 0, 0]
		},
		"ground": {
			"translation": [0, 3.25, 0],
			"scale": [0.75, 0.75, 0.75]
		},
		"gui": {
			"rotation": [-161.75, 37.75, 180],
			"translation": [0, 1, 0],
			"scale": [0.75, 0.75, 0.75]
		},
		"head": {
			"translation": [0, 8.25, 2]
		},
		"fixed": {
			"scale": [0.75, 0.75, 0.75]
		}
	}
}