{
	"credit": "Made with Blockbench",
	"texture_size": [128, 64],
	"textures": {
		"2": "item/king"
	},
	"elements": [
		{
			"from": [0, 0, 0],
			"to": [16, 18, 17],
			"faces": {
				"north": {"uv": [0, 4.5, 2, 9], "texture": "#2"},
				"east": {"uv": [0, 0, 2.125, 4.5], "texture": "#2"},
				"south": {"uv": [2, 4.5, 4, 9], "texture": "#2"},
				"west": {"uv": [2.125, 0, 4.25, 4.5], "texture": "#2"},
				"up": {"uv": [6, 8.75, 4, 4.5], "texture": "#2"},
				"down": {"uv": [6.25, 0, 4.25, 4.25], "texture": "#2"}
			}
		},
		{
			"from": [14, -4, 6],
			"to": [15, 9, 7],
			"rotation": {"angle": 45, "axis": "x", "origin": [0, 0, 0]},
			"faces": {
				"north": {"uv": [3.5, 9, 3.625, 12.25], "texture": "#2"},
				"east": {"uv": [3.625, 9, 3.75, 12.25], "texture": "#2"},
				"south": {"uv": [3.75, 9, 3.875, 12.25], "texture": "#2"},
				"west": {"uv": [3.875, 9, 4, 12.25], "texture": "#2"},
				"up": {"uv": [4.625, 9.25, 4.5, 9], "texture": "#2"},
				"down": {"uv": [0.125, 9.25, 0, 9.5], "texture": "#2"}
			}
		},
		{
			"from": [1.1, -7.8, 1],
			"to": [14.9, -6.8, 2.2],
			"faces": {
				"north": {"uv": [4.25, 4.25, 6, 4.5], "texture": "#2"},
				"east": {"uv": [0.375, 9.25, 0.5, 9.5], "texture": "#2"},
				"south": {"uv": [4, 8.75, 5.75, 9], "texture": "#2"},
				"west": {"uv": [0.5, 9.25, 0.625, 9.5], "texture": "#2"},
				"up": {"uv": [1.75, 9.25, 0, 9], "texture": "#2"},
				"down": {"uv": [3.5, 9, 1.75, 9.25], "texture": "#2"}
			}
		},
		{
			"from": [1, -4, 6],
			"to": [2, 9, 7],
			"rotation": {"angle": 45, "axis": "x", "origin": [0, 0, 0]},
			"faces": {
				"north": {"uv": [4, 9, 4.125, 12.25], "texture": "#2"},
				"east": {"uv": [4.125, 9, 4.25, 12.25], "texture": "#2"},
				"south": {"uv": [4.25, 9, 4.375, 12.25], "texture": "#2"},
				"west": {"uv": [4.375, 9, 4.5, 12.25], "texture": "#2"},
				"up": {"uv": [0.25, 9.5, 0.125, 9.25], "texture": "#2"},
				"down": {"uv": [0.375, 9.25, 0.25, 9.5], "texture": "#2"}
			}
		},
		{
			"from": [-0.2, 1.1, -0.2],
			"to": [16.2, 3, 17.2],
			"faces": {
				"north": {"uv": [8, 4.75, 10, 5.25], "texture": "#2"},
				"east": {"uv": [8, 4.25, 10.125, 4.75], "texture": "#2"},
				"south": {"uv": [10, 4.75, 12, 5.25], "texture": "#2"},
				"west": {"uv": [10.125, 4.25, 12.25, 4.75], "texture": "#2"},
				"up": {"uv": [10, 4.25, 8, 0], "texture": "#2"},
				"down": {"uv": [12, 0, 10, 4.25], "texture": "#2"}
			}
		}
	],
	"display": {
		"thirdperson_righthand": {
			"rotation": [0, 180, 0],
			"translation": [0, 1.75, -1.5],
			"scale": [0.3, 0.3, 0.3]
		},
		"ground": {
			"translation": [0, 4.75, 0],
			"scale": [0.5, 0.5, 0.5]
		},
		"gui": {
			"rotation": [-170.63, 32.93, 178.98],
			"translation": [0, 1.25, 0],
			"scale": [0.5, 0.5, 0.5]
		},
		"head": {
			"translation": [0, 9, 0]
		},
		"fixed": {
			"scale": [0.75, 0.75, 0.75]
		}
	}
}