{
	"credit": "Made with Blockbench",
	"texture_size": [64, 64],
	"textures": {
		"0": "item/miner"
	},
	"elements": [
		{
			"from": [0, 0, 0],
			"to": [16, 2, 16],
			"faces": {
				"north": {"uv": [6.5, 5.5, 10.5, 6], "texture": "#0"},
				"east": {"uv": [6.5, 6, 10.5, 6.5], "texture": "#0"},
				"south": {"uv": [6.5, 6.5, 10.5, 7], "texture": "#0"},
				"west": {"uv": [6.5, 7, 10.5, 7.5], "texture": "#0"},
				"up": {"uv": [4, 4, 0, 0], "texture": "#0"},
				"down": {"uv": [4, 4, 0, 8], "texture": "#0"}
			}
		},
		{
			"from": [2.2, 2, 2.2],
			"to": [13.8, 7, 13.9],
			"faces": {
				"north": {"uv": [4, 5, 6.5, 6.25], "texture": "#0"},
				"east": {"uv": [4, 6.25, 6.5, 7.5], "texture": "#0"},
				"south": {"uv": [6.5, 0, 9, 1.25], "texture": "#0"},
				"west": {"uv": [6.5, 1.25, 9, 2.5], "texture": "#0"},
				"up": {"uv": [6.5, 2.5, 4, 0], "texture": "#0"},
				"down": {"uv": [6.5, 2.5, 4, 5], "texture": "#0"}
			}
		},
		{
			"from": [5, 2, 13.9],
			"to": [11, 8, 15.7],
			"faces": {
				"north": {"uv": [6.5, 2.5, 8, 4], "texture": "#0"},
				"east": {"uv": [4, 7.5, 4.5, 9], "texture": "#0"},
				"south": {"uv": [6.5, 4, 8, 5.5], "texture": "#0"},
				"west": {"uv": [4.5, 7.5, 5, 9], "texture": "#0"},
				"up": {"uv": [6.5, 8, 5, 7.5], "texture": "#0"},
				"down": {"uv": [8, 7.5, 6.5, 8], "texture": "#0"}
			}
		},
		{
			"from": [5, 2, 15.8],
			"to": [11, 8, 15.8],
			"faces": {
				"north": {"uv": [6.5, 2.5, 8, 4], "texture": "#0"},
				"east": {"uv": [4, 7.5, 4.5, 9], "texture": "#0"},
				"south": {"uv": [6.5, 4, 8, 5.5], "texture": "#0"},
				"west": {"uv": [4.5, 7.5, 5, 9], "texture": "#0"},
				"up": {"uv": [6.5, 8, 5, 7.5], "texture": "#0"},
				"down": {"uv": [8, 7.5, 6.5, 8], "texture": "#0"}
			}
		}
	],
	"display": {
		"ground": {
			"translation": [0, 3, 0],
			"scale": [0.6, 0.6, 0.6]
		},
		"gui": {
			"rotation": [26.25, -13, 0],
			"translation": [0, 3.5, -2],
			"scale": [0.7, 0.7, 0.7]
		},
		"head": {
			"rotation": [2, 180, 0],
			"translation": [0, 11, 0.5],
			"scale": [1.3, 1.3, 1.3]
		},
		"fixed": {
			"rotation": [0, 180, 0]
		}
	}
}