{
	"credit": "Made with Blockbench",
	"texture_size": [128, 128],
	"textures": {
		"1": "item/soul_extractor"
	},
	"elements": [
		{
			"from": [0.8, 0, 0.8],
			"to": [3.2, 31.5, 3.2],
			"faces": {
				"north": {"uv": [3.25, 5.5, 3.5, 9.5], "texture": "#1"},
				"east": {"uv": [3.5, 5.5, 3.75, 9.5], "texture": "#1"},
				"south": {"uv": [3.75, 5.5, 4, 9.5], "texture": "#1"},
				"west": {"uv": [5.5, 4, 5.75, 8], "texture": "#1"},
				"up": {"uv": [8.25, 1.25, 8, 1], "texture": "#1"},
				"down": {"uv": [9.75, 7.75, 9.5, 8], "texture": "#1"}
			}
		},
		{
			"from": [12.8, 0, 0.8],
			"to": [15.2, 31.5, 3.2],
			"rotation": {"angle": 0, "axis": "y", "origin": [13, 0, 0]},
			"faces": {
				"north": {"uv": [4, 5.75, 4.25, 9.75], "texture": "#1"},
				"east": {"uv": [5.75, 4, 6, 8], "texture": "#1"},
				"south": {"uv": [4.25, 5.75, 4.5, 9.75], "texture": "#1"},
				"west": {"uv": [4.5, 5.75, 4.75, 9.75], "texture": "#1"},
				"up": {"uv": [9.75, 8.25, 9.5, 8], "texture": "#1"},
				"down": {"uv": [9.75, 8.25, 9.5, 8.5], "texture": "#1"}
			}
		},
		{
			"name": "pipe",
			"from": [8.8, 9.8, -5.7],
			"to": [11.2, 28.3, -3.3],
			"rotation": {"angle": 0, "axis": "y", "origin": [9, -0.2, -6.5]},
			"faces": {
				"north": {"uv": [2.75, 6.5, 3, 8.75], "texture": "#1"},
				"east": {"uv": [3, 6.5, 3.25, 8.75], "texture": "#1"},
				"south": {"uv": [6.5, 6.625, 6.75, 8.875], "texture": "#1"},
				"west": {"uv": [6.75, 6.625, 7, 8.875], "texture": "#1"},
				"up": {"uv": [9.875, 2.5, 9.625, 2.25], "texture": "#1"},
				"down": {"uv": [9.875, 2.5, 9.625, 2.75], "texture": "#1"}
			}
		},
		{
			"from": [12.8, 0, 12.8],
			"to": [15.2, 31.5, 15.2],
			"rotation": {"angle": 0, "axis": "y", "origin": [13, 0, 13]},
			"faces": {
				"north": {"uv": [4.75, 5.75, 5, 9.75], "texture": "#1"},
				"east": {"uv": [5, 5.75, 5.25, 9.75], "texture": "#1"},
				"south": {"uv": [5.25, 5.75, 5.5, 9.75], "texture": "#1"},
				"west": {"uv": [6, 4, 6.25, 8], "texture": "#1"},
				"up": {"uv": [9.875, 0.25, 9.625, 0], "texture": "#1"},
				"down": {"uv": [9.875, 0.25, 9.625, 0.5], "texture": "#1"}
			}
		},
		{
			"from": [0.8, 0, 12.8],
			"to": [3.2, 31.5, 15.2],
			"rotation": {"angle": 0, "axis": "y", "origin": [0, 0, 13]},
			"faces": {
				"north": {"uv": [6.25, 4, 6.5, 8], "texture": "#1"},
				"east": {"uv": [2, 6.5, 2.25, 10.5], "texture": "#1"},
				"south": {"uv": [2.25, 6.5, 2.5, 10.5], "texture": "#1"},
				"west": {"uv": [2.5, 6.5, 2.75, 10.5], "texture": "#1"},
				"up": {"uv": [9.875, 0.75, 9.625, 0.5], "texture": "#1"},
				"down": {"uv": [9.875, 2, 9.625, 2.25], "texture": "#1"}
			}
		},
		{
			"from": [2.8, 0, 13.8],
			"to": [4.2, 31.5, 14.2],
			"rotation": {"angle": 0, "axis": "y", "origin": [2, 0, 13]},
			"faces": {
				"north": {"uv": [7, 6.625, 7.125, 10.625], "texture": "#1"},
				"east": {"uv": [0, 7.125, 0.125, 11.125], "texture": "#1"},
				"south": {"uv": [0.125, 7.125, 0.25, 11.125], "texture": "#1"},
				"west": {"uv": [0.25, 7.125, 0.375, 11.125], "texture": "#1"},
				"up": {"uv": [9.125, 4.625, 9, 4.5], "texture": "#1"},
				"down": {"uv": [9.125, 4.625, 9, 4.75], "texture": "#1"}
			}
		},
		{
			"from": [11.8, 0, 13.8],
			"to": [13.2, 31.5, 14.2],
			"rotation": {"angle": 0, "axis": "y", "origin": [11, 0, 13]},
			"faces": {
				"north": {"uv": [0.375, 7.125, 0.5, 11.125], "texture": "#1"},
				"east": {"uv": [0.5, 7.125, 0.625, 11.125], "texture": "#1"},
				"south": {"uv": [0.625, 7.125, 0.75, 11.125], "texture": "#1"},
				"west": {"uv": [0.75, 7.125, 0.875, 11.125], "texture": "#1"},
				"up": {"uv": [8.625, 9.25, 8.5, 9.125], "texture": "#1"},
				"down": {"uv": [8.625, 9.25, 8.5, 9.375], "texture": "#1"}
			}
		},
		{
			"from": [11.8, 0, 2.7],
			"to": [13.2, 31.5, 3.1],
			"rotation": {"angle": 0, "axis": "y", "origin": [11, 0, 1.9]},
			"faces": {
				"north": {"uv": [0.875, 7.125, 1, 11.125], "texture": "#1"},
				"east": {"uv": [1, 7.125, 1.125, 11.125], "texture": "#1"},
				"south": {"uv": [1.125, 7.125, 1.25, 11.125], "texture": "#1"},
				"west": {"uv": [1.25, 7.125, 1.375, 11.125], "texture": "#1"},
				"up": {"uv": [9.625, 8.625, 9.5, 8.5], "texture": "#1"},
				"down": {"uv": [10, 6.25, 9.875, 6.375], "texture": "#1"}
			}
		},
		{
			"from": [4, 28, 2.7],
			"to": [11.8, 31.5, 3.1],
			"rotation": {"angle": 0, "axis": "y", "origin": [11, 0, 1.9]},
			"faces": {
				"north": {"uv": [6.75, 2.875, 7.75, 3.375], "texture": "#1"},
				"east": {"uv": [3.125, 9.75, 3.25, 10.25], "texture": "#1"},
				"south": {"uv": [6.75, 3.375, 7.75, 3.875], "texture": "#1"},
				"west": {"uv": [4.5, 9.75, 4.625, 10.25], "texture": "#1"},
				"up": {"uv": [7.75, 4, 6.75, 3.875], "texture": "#1"},
				"down": {"uv": [10.375, 7.625, 9.375, 7.75], "texture": "#1"}
			}
		},
		{
			"from": [4, 28, 13.8],
			"to": [11.8, 31.5, 14.2],
			"rotation": {"angle": 0, "axis": "y", "origin": [11, 0, 13]},
			"faces": {
				"north": {"uv": [7.375, 1.25, 8.375, 1.75], "texture": "#1"},
				"east": {"uv": [4.625, 9.75, 4.75, 10.25], "texture": "#1"},
				"south": {"uv": [7.375, 1.75, 8.375, 2.25], "texture": "#1"},
				"west": {"uv": [4.75, 9.75, 4.875, 10.25], "texture": "#1"},
				"up": {"uv": [10.375, 9.25, 9.375, 9.125], "texture": "#1"},
				"down": {"uv": [10.5, 4, 9.5, 4.125], "texture": "#1"}
			}
		},
		{
			"from": [4, 9, 13.8],
			"to": [11.8, 12.5, 14.2],
			"rotation": {"angle": 0, "axis": "y", "origin": [11, -19, 13]},
			"faces": {
				"north": {"uv": [7.5, 0, 8.5, 0.5], "texture": "#1"},
				"east": {"uv": [4.875, 9.75, 5, 10.25], "texture": "#1"},
				"south": {"uv": [7.5, 0.5, 8.5, 1], "texture": "#1"},
				"west": {"uv": [5, 9.75, 5.125, 10.25], "texture": "#1"},
				"up": {"uv": [10.5, 4.25, 9.5, 4.125], "texture": "#1"},
				"down": {"uv": [10.5, 4.5, 9.5, 4.625], "texture": "#1"}
			}
		},
		{
			"from": [4, 9, 2.7],
			"to": [11.8, 12.5, 3.1],
			"rotation": {"angle": 0, "axis": "y", "origin": [11, -19, 1.9]},
			"faces": {
				"north": {"uv": [7.75, 2.875, 8.75, 3.375], "texture": "#1"},
				"east": {"uv": [5.125, 9.75, 5.25, 10.25], "texture": "#1"},
				"south": {"uv": [7.75, 3.375, 8.75, 3.875], "texture": "#1"},
				"west": {"uv": [5.25, 9.75, 5.375, 10.25], "texture": "#1"},
				"up": {"uv": [10.5, 4.75, 9.5, 4.625], "texture": "#1"},
				"down": {"uv": [10.5, 4.75, 9.5, 4.875], "texture": "#1"}
			}
		},
		{
			"from": [2.6, 0, 2.7],
			"to": [4, 31.5, 3.1],
			"rotation": {"angle": 0, "axis": "y", "origin": [1.8, 0, 1.9]},
			"faces": {
				"north": {"uv": [1.375, 7.125, 1.5, 11.125], "texture": "#1"},
				"east": {"uv": [1.5, 7.125, 1.625, 11.125], "texture": "#1"},
				"south": {"uv": [1.625, 7.125, 1.75, 11.125], "texture": "#1"},
				"west": {"uv": [1.75, 7.125, 1.875, 11.125], "texture": "#1"},
				"up": {"uv": [10, 6.5, 9.875, 6.375], "texture": "#1"},
				"down": {"uv": [10, 6.5, 9.875, 6.625], "texture": "#1"}
			}
		},
		{
			"from": [1.7, 0, 2.7],
			"to": [2.1, 31.5, 4.1],
			"rotation": {"angle": 0, "axis": "y", "origin": [0.9, 0, 4.9]},
			"faces": {
				"north": {"uv": [1.875, 7.125, 2, 11.125], "texture": "#1"},
				"east": {"uv": [7.125, 6.625, 7.25, 10.625], "texture": "#1"},
				"south": {"uv": [7.25, 6.625, 7.375, 10.625], "texture": "#1"},
				"west": {"uv": [7.375, 6.625, 7.5, 10.625], "texture": "#1"},
				"up": {"uv": [6.75, 10, 6.625, 9.875], "texture": "#1"},
				"down": {"uv": [10, 6.625, 9.875, 6.75], "texture": "#1"}
			}
		},
		{
			"from": [1.7, 0, 11.7],
			"to": [2.1, 31.5, 13.1],
			"rotation": {"angle": 0, "axis": "y", "origin": [0.9, 0, 13.9]},
			"faces": {
				"north": {"uv": [7.5, 5.125, 7.625, 9.125], "texture": "#1"},
				"east": {"uv": [7.625, 5.125, 7.75, 9.125], "texture": "#1"},
				"south": {"uv": [7.75, 5.125, 7.875, 9.125], "texture": "#1"},
				"west": {"uv": [7.875, 5.125, 8, 9.125], "texture": "#1"},
				"up": {"uv": [6.875, 10, 6.75, 9.875], "texture": "#1"},
				"down": {"uv": [10, 6.75, 9.875, 6.875], "texture": "#1"}
			}
		},
		{
			"from": [13.9, 0, 11.7],
			"to": [14.3, 31.5, 13.1],
			"rotation": {"angle": 0, "axis": "y", "origin": [13.1, 0, 13.9]},
			"faces": {
				"north": {"uv": [8, 6.125, 8.125, 10.125], "texture": "#1"},
				"east": {"uv": [8.125, 6.125, 8.25, 10.125], "texture": "#1"},
				"south": {"uv": [8.25, 6.125, 8.375, 10.125], "texture": "#1"},
				"west": {"uv": [8.375, 6.125, 8.5, 10.125], "texture": "#1"},
				"up": {"uv": [10, 7, 9.875, 6.875], "texture": "#1"},
				"down": {"uv": [10, 7, 9.875, 7.125], "texture": "#1"}
			}
		},
		{
			"from": [13.9, 0, 2.7],
			"to": [14.3, 31.5, 4.1],
			"rotation": {"angle": 0, "axis": "y", "origin": [13.1, 0, 4.9]},
			"faces": {
				"north": {"uv": [5.5, 8.5, 5.625, 12.5], "texture": "#1"},
				"east": {"uv": [5.625, 8.5, 5.75, 12.5], "texture": "#1"},
				"south": {"uv": [5.75, 8.5, 5.875, 12.5], "texture": "#1"},
				"west": {"uv": [5.875, 8.5, 6, 12.5], "texture": "#1"},
				"up": {"uv": [10, 7.25, 9.875, 7.125], "texture": "#1"},
				"down": {"uv": [10, 7.25, 9.875, 7.375], "texture": "#1"}
			}
		},
		{
			"from": [1.7, 0, 4.1],
			"to": [2.1, 12.5, 11.7],
			"rotation": {"angle": 0, "axis": "y", "origin": [0.9, 0, 13.9]},
			"faces": {
				"north": {"uv": [6.375, 8.5, 6.5, 10.125], "texture": "#1"},
				"east": {"uv": [0, 5.5, 1, 7.125], "texture": "#1"},
				"south": {"uv": [8.875, 6.125, 9, 7.75], "texture": "#1"},
				"west": {"uv": [1, 5.5, 2, 7.125], "texture": "#1"},
				"up": {"uv": [8, 10.125, 7.875, 9.125], "texture": "#1"},
				"down": {"uv": [7.625, 9.5, 7.5, 10.5], "texture": "#1"}
			}
		},
		{
			"from": [1.7, 28, 4.1],
			"to": [2.1, 31.5, 11.7],
			"rotation": {"angle": 0, "axis": "y", "origin": [0.9, 19, 13.9]},
			"faces": {
				"north": {"uv": [5.375, 9.75, 5.5, 10.25], "texture": "#1"},
				"east": {"uv": [8, 2.25, 9, 2.75], "texture": "#1"},
				"south": {"uv": [9.75, 5.375, 9.875, 5.875], "texture": "#1"},
				"west": {"uv": [8, 5.125, 9, 5.625], "texture": "#1"},
				"up": {"uv": [7.75, 10.5, 7.625, 9.5], "texture": "#1"},
				"down": {"uv": [7.875, 9.5, 7.75, 10.5], "texture": "#1"}
			}
		},
		{
			"from": [13.9, 28, 4.1],
			"to": [14.3, 31.5, 11.7],
			"rotation": {"angle": 0, "axis": "y", "origin": [13.1, 19, 13.9]},
			"faces": {
				"north": {"uv": [9.75, 5.875, 9.875, 6.375], "texture": "#1"},
				"east": {"uv": [5.5, 8, 6.5, 8.5], "texture": "#1"},
				"south": {"uv": [9.75, 7.75, 9.875, 8.25], "texture": "#1"},
				"west": {"uv": [8, 5.625, 9, 6.125], "texture": "#1"},
				"up": {"uv": [9.625, 10.25, 9.5, 9.25], "texture": "#1"},
				"down": {"uv": [9.75, 1, 9.625, 2], "texture": "#1"}
			}
		},
		{
			"from": [13.9, 9, 4.1],
			"to": [14.3, 12.5, 11.7],
			"rotation": {"angle": 0, "axis": "y", "origin": [13.1, 0, 13.9]},
			"faces": {
				"north": {"uv": [9, 9.75, 9.125, 10.25], "texture": "#1"},
				"east": {"uv": [8.375, 1, 9.375, 1.5], "texture": "#1"},
				"south": {"uv": [9.125, 9.75, 9.25, 10.25], "texture": "#1"},
				"west": {"uv": [8.375, 1.5, 9.375, 2], "texture": "#1"},
				"up": {"uv": [9.75, 6.375, 9.625, 5.375], "texture": "#1"},
				"down": {"uv": [6.625, 9.625, 6.5, 10.625], "texture": "#1"}
			}
		},
		{
			"name": "base",
			"from": [-0.2, 0, -0.2],
			"to": [16.2, 11.5, 16.2],
			"faces": {
				"north": {"uv": [0, 4, 2, 5.5], "texture": "#1"},
				"east": {"uv": [4, 0, 6, 1.5], "texture": "#1"},
				"south": {"uv": [4, 1.5, 6, 3], "texture": "#1"},
				"west": {"uv": [2, 4, 4, 5.5], "texture": "#1"},
				"up": {"uv": [2, 2, 0, 0], "texture": "#1"},
				"down": {"uv": [2, 2, 0, 4], "texture": "#1"}
			}
		},
		{
			"from": [0, 29, 0],
			"to": [16, 31.9, 16],
			"rotation": {"angle": 0, "axis": "y", "origin": [0, 30, 0]},
			"faces": {
				"north": {"uv": [6, 2.5, 8, 2.875], "texture": "#1"},
				"east": {"uv": [6.5, 4, 8.5, 4.375], "texture": "#1"},
				"south": {"uv": [6.5, 4.375, 8.5, 4.75], "texture": "#1"},
				"west": {"uv": [6.5, 4.75, 8.5, 5.125], "texture": "#1"},
				"up": {"uv": [4, 2, 2, 0], "texture": "#1"},
				"down": {"uv": [4, 2, 2, 4], "texture": "#1"}
			}
		},
		{
			"from": [2, 11, 3],
			"to": [14, 16, 14],
			"rotation": {"angle": 0, "axis": "y", "origin": [2, 11, 3]},
			"faces": {
				"north": {"uv": [6, 0, 7.5, 0.625], "texture": "#1"},
				"east": {"uv": [6, 1.25, 7.375, 1.875], "texture": "#1"},
				"south": {"uv": [6, 0.625, 7.5, 1.25], "texture": "#1"},
				"west": {"uv": [6, 1.875, 7.375, 2.5], "texture": "#1"},
				"up": {"uv": [5.5, 4.375, 4, 3], "texture": "#1"},
				"down": {"uv": [5.5, 4.375, 4, 5.75], "texture": "#1"}
			}
		},
		{
			"from": [9, 28, -5],
			"to": [11, 32, -3],
			"rotation": {"angle": 45, "axis": "x", "origin": [9, 29, -5]},
			"faces": {
				"north": {"uv": [2.75, 9.25, 3, 9.75], "texture": "#1"},
				"east": {"uv": [9.25, 2.75, 9.5, 3.25], "texture": "#1"},
				"south": {"uv": [3, 9.25, 3.25, 9.75], "texture": "#1"},
				"west": {"uv": [9.25, 3.25, 9.5, 3.75], "texture": "#1"},
				"up": {"uv": [9.875, 5.125, 9.625, 4.875], "texture": "#1"},
				"down": {"uv": [6.875, 9.625, 6.625, 9.875], "texture": "#1"}
			}
		},
		{
			"from": [9, 29.3, -3],
			"to": [11, 31.3, 1],
			"rotation": {"angle": 0, "axis": "y", "origin": [9, 31.3, -2]},
			"faces": {
				"north": {"uv": [9.625, 6.875, 9.875, 7.125], "texture": "#1"},
				"east": {"uv": [7.375, 2.25, 7.875, 2.5], "texture": "#1"},
				"south": {"uv": [9.625, 7.125, 9.875, 7.375], "texture": "#1"},
				"west": {"uv": [7.5, 1, 8, 1.25], "texture": "#1"},
				"up": {"uv": [9.5, 4.25, 9.25, 3.75], "texture": "#1"},
				"down": {"uv": [9.5, 7.75, 9.25, 8.25], "texture": "#1"}
			}
		},
		{
			"from": [9, 6.9, -2.8],
			"to": [11, 8.9, 1.2],
			"rotation": {"angle": 0, "axis": "y", "origin": [9, 6.9, 0.2]},
			"faces": {
				"north": {"uv": [9.625, 9.5, 9.875, 9.75], "texture": "#1"},
				"east": {"uv": [9.125, 8.625, 9.625, 8.875], "texture": "#1"},
				"south": {"uv": [9.75, 0.75, 10, 1], "texture": "#1"},
				"west": {"uv": [9.25, 0.75, 9.75, 1], "texture": "#1"},
				"up": {"uv": [9.625, 1.5, 9.375, 1], "texture": "#1"},
				"down": {"uv": [9.625, 1.5, 9.375, 2], "texture": "#1"}
			}
		},
		{
			"from": [9, 7.7, -6.5],
			"to": [11, 9.7, -2.5],
			"rotation": {"angle": 45, "axis": "x", "origin": [9, 7.7, -3.5]},
			"faces": {
				"north": {"uv": [9.625, 8.5, 9.875, 8.75], "texture": "#1"},
				"east": {"uv": [8.375, 2, 8.875, 2.25], "texture": "#1"},
				"south": {"uv": [9.625, 9.25, 9.875, 9.5], "texture": "#1"},
				"west": {"uv": [9.125, 4.875, 9.625, 5.125], "texture": "#1"},
				"up": {"uv": [9.25, 9.75, 9, 9.25], "texture": "#1"},
				"down": {"uv": [9.5, 9.25, 9.25, 9.75], "texture": "#1"}
			}
		},
		{
			"from": [2, 6.9, -1.3],
			"to": [4, 8.9, 2.7],
			"rotation": {"angle": 0, "axis": "y", "origin": [2, 6.9, 1.7]},
			"faces": {
				"north": {"uv": [2.75, 9.75, 3, 10], "texture": "#1"},
				"east": {"uv": [9.375, 6.375, 9.875, 6.625], "texture": "#1"},
				"south": {"uv": [9.75, 2.75, 10, 3], "texture": "#1"},
				"west": {"uv": [9.375, 6.625, 9.875, 6.875], "texture": "#1"},
				"up": {"uv": [9.625, 7.375, 9.375, 6.875], "texture": "#1"},
				"down": {"uv": [8.75, 9.375, 8.5, 9.875], "texture": "#1"}
			}
		},
		{
			"from": [2, 7.7, -5],
			"to": [4, 9.7, -1],
			"rotation": {"angle": 45, "axis": "x", "origin": [2, 7.7, -2]},
			"faces": {
				"north": {"uv": [9.75, 1.5, 10, 1.75], "texture": "#1"},
				"east": {"uv": [9.25, 4.25, 9.75, 4.5], "texture": "#1"},
				"south": {"uv": [9.75, 1.75, 10, 2], "texture": "#1"},
				"west": {"uv": [9.375, 5.125, 9.875, 5.375], "texture": "#1"},
				"up": {"uv": [9.625, 5.875, 9.375, 5.375], "texture": "#1"},
				"down": {"uv": [9.625, 5.875, 9.375, 6.375], "texture": "#1"}
			}
		},
		{
			"from": [1.8, 9.8, -4.2],
			"to": [4.2, 15.3, -1.8],
			"rotation": {"angle": 0, "axis": "y", "origin": [2, -0.2, -5]},
			"faces": {
				"north": {"uv": [9, 2, 9.25, 2.625], "texture": "#1"},
				"east": {"uv": [9, 2.625, 9.25, 3.25], "texture": "#1"},
				"south": {"uv": [9, 3.25, 9.25, 3.875], "texture": "#1"},
				"west": {"uv": [9, 3.875, 9.25, 4.5], "texture": "#1"},
				"up": {"uv": [10, 1.25, 9.75, 1], "texture": "#1"},
				"down": {"uv": [10, 1.25, 9.75, 1.5], "texture": "#1"}
			}
		},
		{
			"from": [15, 3, 4],
			"to": [16.5, 9, 12],
			"rotation": {"angle": 0, "axis": "y", "origin": [15, 3, 4]},
			"faces": {
				"north": {"uv": [6.5, 8.875, 6.75, 9.625], "texture": "#1"},
				"east": {"uv": [6.5, 5.125, 7.5, 5.875], "texture": "#1"},
				"south": {"uv": [6.75, 8.875, 7, 9.625], "texture": "#1"},
				"west": {"uv": [6.5, 5.875, 7.5, 6.625], "texture": "#1"},
				"up": {"uv": [8.75, 1, 8.5, 0], "texture": "#1"},
				"down": {"uv": [8.875, 7.375, 8.625, 8.375], "texture": "#1"}
			}
		},
		{
			"from": [16, 4, 5],
			"to": [16.7, 8, 8],
			"rotation": {"angle": 0, "axis": "y", "origin": [16, 3, 4]},
			"faces": {
				"north": {"uv": [6.875, 9.625, 7, 10.125], "texture": "#1"},
				"east": {"uv": [8.875, 7.75, 9.25, 8.25], "texture": "#1"},
				"south": {"uv": [3, 9.75, 3.125, 10.25], "texture": "#1"},
				"west": {"uv": [8.625, 8.875, 9, 9.375], "texture": "#1"},
				"up": {"uv": [9.375, 10.125, 9.25, 9.75], "texture": "#1"},
				"down": {"uv": [9.5, 9.75, 9.375, 10.125], "texture": "#1"}
			}
		},
		{
			"from": [9, 4, 15],
			"to": [13, 8, 17],
			"rotation": {"angle": 0, "axis": "y", "origin": [12, 3, 14]},
			"faces": {
				"north": {"uv": [8.625, 8.375, 9.125, 8.875], "texture": "#1"},
				"east": {"uv": [8.75, 9.375, 9, 9.875], "texture": "#1"},
				"south": {"uv": [8.75, 0, 9.25, 0.5], "texture": "#1"},
				"west": {"uv": [9.5, 2.75, 9.75, 3.25], "texture": "#1"},
				"up": {"uv": [9.875, 7.625, 9.375, 7.375], "texture": "#1"},
				"down": {"uv": [9.875, 8.875, 9.375, 9.125], "texture": "#1"}
			}
		},
		{
			"from": [3, 4, 15],
			"to": [7, 8, 16.6],
			"rotation": {"angle": 0, "axis": "y", "origin": [6, 3, 14]},
			"faces": {
				"north": {"uv": [8.75, 0.5, 9.25, 1], "texture": "#1"},
				"east": {"uv": [3.25, 9.5, 3.5, 10], "texture": "#1"},
				"south": {"uv": [2.75, 8.75, 3.25, 9.25], "texture": "#1"},
				"west": {"uv": [9.5, 3.25, 9.75, 3.75], "texture": "#1"},
				"up": {"uv": [4, 9.75, 3.5, 9.5], "texture": "#1"},
				"down": {"uv": [10, 3.75, 9.5, 4], "texture": "#1"}
			}
		},
		{
			"from": [10, 5, 15.7],
			"to": [12, 7, 17.7],
			"rotation": {"angle": 0, "axis": "y", "origin": [12, 3, 14.7]},
			"faces": {
				"north": {"uv": [9.75, 3, 10, 3.25], "texture": "#1"},
				"east": {"uv": [9.75, 3.25, 10, 3.5], "texture": "#1"},
				"south": {"uv": [3.5, 9.75, 3.75, 10], "texture": "#1"},
				"west": {"uv": [9.75, 3.5, 10, 3.75], "texture": "#1"},
				"up": {"uv": [4, 10, 3.75, 9.75], "texture": "#1"},
				"down": {"uv": [4.25, 9.75, 4, 10], "texture": "#1"}
			}
		},
		{
			"from": [-0.7, 1.7, 3],
			"to": [1.3, 9.7, 13],
			"rotation": {"angle": 0, "axis": "y", "origin": [-0.7, 0.7, 8]},
			"faces": {
				"north": {"uv": [8.75, 2.75, 9, 3.75], "texture": "#1"},
				"east": {"uv": [2, 5.5, 3.25, 6.5], "texture": "#1"},
				"south": {"uv": [8.75, 3.75, 9, 4.75], "texture": "#1"},
				"west": {"uv": [5.5, 3, 6.75, 4], "texture": "#1"},
				"up": {"uv": [8.75, 5.125, 8.5, 3.875], "texture": "#1"},
				"down": {"uv": [8.875, 6.125, 8.625, 7.375], "texture": "#1"}
			}
		},
		{
			"from": [6, 0, 5],
			"to": [7, 24, 6],
			"rotation": {"angle": 0, "axis": "y", "origin": [6, 0, 5]},
			"faces": {
				"north": {"uv": [6, 8.5, 6.125, 11.5], "texture": "#1"},
				"east": {"uv": [6.125, 8.5, 6.25, 11.5], "texture": "#1"},
				"south": {"uv": [8.5, 6.125, 8.625, 9.125], "texture": "#1"},
				"west": {"uv": [6.25, 8.5, 6.375, 11.5], "texture": "#1"},
				"up": {"uv": [9, 2.125, 8.875, 2], "texture": "#1"},
				"down": {"uv": [9, 2.125, 8.875, 2.25], "texture": "#1"}
			}
		},
		{
			"from": [8.5, 9.6, -5.9],
			"to": [11.5, 10.6, -2.9],
			"rotation": {"angle": 0, "axis": "y", "origin": [8.5, 9.6, -4.9]},
			"faces": {
				"north": {"uv": [6, 2.875, 6.375, 3], "texture": "#1"},
				"east": {"uv": [6.375, 2.875, 6.75, 3], "texture": "#1"},
				"south": {"uv": [7.75, 3.875, 8.125, 4], "texture": "#1"},
				"west": {"uv": [8, 2.75, 8.375, 2.875], "texture": "#1"},
				"up": {"uv": [9.125, 5.125, 8.75, 4.75], "texture": "#1"},
				"down": {"uv": [9.375, 5.125, 9, 5.5], "texture": "#1"}
			}
		},
		{
			"from": [8.5, 13.6, -6],
			"to": [11.5, 14.6, -3],
			"rotation": {"angle": 0, "axis": "y", "origin": [8.5, 13.6, -5]},
			"faces": {
				"north": {"uv": [9.875, 0.25, 10.25, 0.375], "texture": "#1"},
				"east": {"uv": [9.875, 0.375, 10.25, 0.5], "texture": "#1"},
				"south": {"uv": [9.875, 0.5, 10.25, 0.625], "texture": "#1"},
				"west": {"uv": [9.875, 0.625, 10.25, 0.75], "texture": "#1"},
				"up": {"uv": [9.375, 7.375, 9, 7], "texture": "#1"},
				"down": {"uv": [9.375, 7.375, 9, 7.75], "texture": "#1"}
			}
		},
		{
			"from": [8.5, 17.6, -6],
			"to": [11.5, 18.6, -3],
			"rotation": {"angle": 0, "axis": "y", "origin": [8.5, 17.6, -5]},
			"faces": {
				"north": {"uv": [9.875, 0.25, 10.25, 0.375], "texture": "#1"},
				"east": {"uv": [9.875, 0.375, 10.25, 0.5], "texture": "#1"},
				"south": {"uv": [9.875, 0.5, 10.25, 0.625], "texture": "#1"},
				"west": {"uv": [9.875, 0.625, 10.25, 0.75], "texture": "#1"},
				"up": {"uv": [9.375, 7.375, 9, 7], "texture": "#1"},
				"down": {"uv": [9.375, 7.375, 9, 7.75], "texture": "#1"}
			}
		},
		{
			"from": [8.5, 21.6, -6],
			"to": [11.5, 22.6, -3],
			"rotation": {"angle": 0, "axis": "y", "origin": [8.5, 21.6, -5]},
			"faces": {
				"north": {"uv": [9.875, 0.25, 10.25, 0.375], "texture": "#1"},
				"east": {"uv": [9.875, 0.375, 10.25, 0.5], "texture": "#1"},
				"south": {"uv": [9.875, 0.5, 10.25, 0.625], "texture": "#1"},
				"west": {"uv": [9.875, 0.625, 10.25, 0.75], "texture": "#1"},
				"up": {"uv": [9.375, 7.375, 9, 7], "texture": "#1"},
				"down": {"uv": [9.375, 7.375, 9, 7.75], "texture": "#1"}
			}
		},
		{
			"from": [8.5, 25.6, -6],
			"to": [11.5, 26.6, -3],
			"rotation": {"angle": 0, "axis": "y", "origin": [8.5, 25.6, -5]},
			"faces": {
				"north": {"uv": [9.875, 0.25, 10.25, 0.375], "texture": "#1"},
				"east": {"uv": [9.875, 0.375, 10.25, 0.5], "texture": "#1"},
				"south": {"uv": [9.875, 0.5, 10.25, 0.625], "texture": "#1"},
				"west": {"uv": [9.875, 0.625, 10.25, 0.75], "texture": "#1"},
				"up": {"uv": [9.375, 7.375, 9, 7], "texture": "#1"},
				"down": {"uv": [9.375, 7.375, 9, 7.75], "texture": "#1"}
			}
		},
		{
			"from": [8.7, 17.6, -5.8],
			"to": [11.3, 18.6, -3.2],
			"rotation": {"angle": 0, "axis": "y", "origin": [8.5, 17.6, -5]},
			"faces": {
				"north": {"uv": [9.875, 2, 10.25, 2.125], "texture": "#1"},
				"east": {"uv": [9.875, 2.125, 10.25, 2.25], "texture": "#1"},
				"south": {"uv": [9.875, 2.25, 10.25, 2.375], "texture": "#1"},
				"west": {"uv": [9.875, 2.375, 10.25, 2.5], "texture": "#1"},
				"up": {"uv": [9.375, 9.25, 9, 8.875], "texture": "#1"},
				"down": {"uv": [9.5, 4.5, 9.125, 4.875], "texture": "#1"}
			}
		},
		{
			"from": [8.7, 21.6, -5.8],
			"to": [11.3, 22.6, -3.2],
			"rotation": {"angle": 0, "axis": "y", "origin": [8.5, 21.6, -5]},
			"faces": {
				"north": {"uv": [9.875, 2.5, 10.25, 2.625], "texture": "#1"},
				"east": {"uv": [9.875, 2.625, 10.25, 2.75], "texture": "#1"},
				"south": {"uv": [9.875, 4.875, 10.25, 5], "texture": "#1"},
				"west": {"uv": [9.875, 5, 10.25, 5.125], "texture": "#1"},
				"up": {"uv": [7.875, 9.5, 7.5, 9.125], "texture": "#1"},
				"down": {"uv": [9.5, 8.25, 9.125, 8.625], "texture": "#1"}
			}
		},
		{
			"from": [8.7, 29.6, -4.7],
			"to": [11.3, 30.6, -2.1],
			"rotation": {"angle": 45, "axis": "x", "origin": [8.5, 29.6, -3.9]},
			"faces": {
				"north": {"uv": [9.875, 5.625, 10.25, 5.75], "texture": "#1"},
				"east": {"uv": [9.875, 5.75, 10.25, 5.875], "texture": "#1"},
				"south": {"uv": [9.875, 5.875, 10.25, 6], "texture": "#1"},
				"west": {"uv": [9.875, 6, 10.25, 6.125], "texture": "#1"},
				"up": {"uv": [9.625, 2.375, 9.25, 2], "texture": "#1"},
				"down": {"uv": [9.625, 2.375, 9.25, 2.75], "texture": "#1"}
			}
		},
		{
			"from": [8.8, 29.2, -0.5],
			"to": [11.2, 31.4, 0.5],
			"rotation": {"angle": 0, "axis": "y", "origin": [8.5, 30.8, -0.5]},
			"faces": {
				"north": {"uv": [4.25, 9.75, 4.5, 10], "texture": "#1"},
				"east": {"uv": [7.875, 2.25, 8, 2.5], "texture": "#1"},
				"south": {"uv": [9.75, 4.25, 10, 4.5], "texture": "#1"},
				"west": {"uv": [8.25, 1, 8.375, 1.25], "texture": "#1"},
				"up": {"uv": [9.125, 8.375, 8.875, 8.25], "texture": "#1"},
				"down": {"uv": [10.125, 6.125, 9.875, 6.25], "texture": "#1"}
			}
		},
		{
			"from": [8.7, 25.6, -5.8],
			"to": [11.3, 26.6, -3.2],
			"rotation": {"angle": 0, "axis": "y", "origin": [8.5, 25.6, -5]},
			"faces": {
				"north": {"uv": [9.875, 5.125, 10.25, 5.25], "texture": "#1"},
				"east": {"uv": [9.875, 5.25, 10.25, 5.375], "texture": "#1"},
				"south": {"uv": [9.875, 5.375, 10.25, 5.5], "texture": "#1"},
				"west": {"uv": [9.875, 5.5, 10.25, 5.625], "texture": "#1"},
				"up": {"uv": [9.625, 0.375, 9.25, 0], "texture": "#1"},
				"down": {"uv": [9.625, 0.375, 9.25, 0.75], "texture": "#1"}
			}
		},
		{
			"from": [1.5, 9.6, -4.3],
			"to": [4.5, 10.6, -1.3],
			"rotation": {"angle": 0, "axis": "y", "origin": [1.5, 9.6, -3.3]},
			"faces": {
				"north": {"uv": [8.125, 3.875, 8.5, 4], "texture": "#1"},
				"east": {"uv": [8.375, 2.75, 8.75, 2.875], "texture": "#1"},
				"south": {"uv": [9.625, 8.75, 10, 8.875], "texture": "#1"},
				"west": {"uv": [9.75, 8.25, 10.125, 8.375], "texture": "#1"},
				"up": {"uv": [9.375, 5.875, 9, 5.5], "texture": "#1"},
				"down": {"uv": [9.375, 5.875, 9, 6.25], "texture": "#1"}
			}
		},
		{
			"from": [1.5, 13.6, -4.3],
			"to": [4.5, 14.6, -1.3],
			"rotation": {"angle": 0, "axis": "y", "origin": [1.5, 13.6, -3.3]},
			"faces": {
				"north": {"uv": [9.75, 8.375, 10.125, 8.5], "texture": "#1"},
				"east": {"uv": [9.625, 9.75, 10, 9.875], "texture": "#1"},
				"south": {"uv": [9.875, 0, 10.25, 0.125], "texture": "#1"},
				"west": {"uv": [9.875, 0.125, 10.25, 0.25], "texture": "#1"},
				"up": {"uv": [9.375, 6.625, 9, 6.25], "texture": "#1"},
				"down": {"uv": [9.375, 6.625, 9, 7], "texture": "#1"}
			}
		}
	],
	"display": {
		"fixed": {
			"rotation": [-90, 0, 0],
			"translation": [0, 0, -16],
			"scale": [2, 2, 2]
		}
	}
}