{
	"credit": "Made with Blockbench",
	"texture_size": [32, 32],
	"textures": {
		"0": "item/berrys"
	},
	"elements": [
		{
			"from": [-0.5, 0, 0],
			"to": [10.5, 2, 2],
			"faces": {
				"north": {"uv": [0, 5.5, 5.5, 6.5], "texture": "#0"},
				"east": {"uv": [6, 9.5, 7, 10.5], "texture": "#0"},
				"south": {"uv": [5.5, 5.5, 11, 6.5], "texture": "#0"},
				"west": {"uv": [7, 9.5, 8, 10.5], "texture": "#0"},
				"up": {"uv": [5.5, 7.5, 0, 6.5], "texture": "#0"},
				"down": {"uv": [11, 6.5, 5.5, 7.5], "texture": "#0"}
			}
		},
		{
			"from": [-0.5, 13, 0],
			"to": [10.5, 15, 2],
			"faces": {
				"north": {"uv": [0, 7.5, 5.5, 8.5], "texture": "#0"},
				"east": {"uv": [8, 9.5, 9, 10.5], "texture": "#0"},
				"south": {"uv": [5.5, 7.5, 11, 8.5], "texture": "#0"},
				"west": {"uv": [9, 9.5, 10, 10.5], "texture": "#0"},
				"up": {"uv": [5.5, 9.5, 0, 8.5], "texture": "#0"},
				"down": {"uv": [11, 8.5, 5.5, 9.5], "texture": "#0"}
			}
		},
		{
			"from": [0, 2, 1],
			"to": [10, 13, 1.1],
			"faces": {
				"north": {"uv": [0, 0, 5, 5.5], "texture": "#0"},
				"east": {"uv": [0, 0, 0, 5.5], "texture": "#0"},
				"south": {"uv": [5, 0, 10, 5.5], "texture": "#0"},
				"west": {"uv": [0, 0, 0, 5.5], "texture": "#0"},
				"up": {"uv": [5, 0, 0, 0], "texture": "#0"},
				"down": {"uv": [5, 0, 0, 0], "texture": "#0"}
			}
		},
		{
			"from": [2, -3, -0.3],
			"to": [4, 2, -0.3],
			"faces": {
				"north": {"uv": [0, 9.5, 1, 12], "texture": "#0"},
				"east": {"uv": [0, 0, 0, 2.5], "texture": "#0"},
				"south": {"uv": [1, 9.5, 2, 12], "texture": "#0"},
				"west": {"uv": [0, 0, 0, 2.5], "texture": "#0"},
				"up": {"uv": [1, 0, 0, 0], "texture": "#0"},
				"down": {"uv": [1, 0, 0, 0], "texture": "#0"}
			}
		},
		{
			"from": [2, 2, -0.5],
			"to": [4, 6, 1],
			"faces": {
				"north": {"uv": [2, 9.5, 3, 11.5], "texture": "#0"},
				"east": {"uv": [4, 9.5, 4.75, 11.5], "texture": "#0"},
				"south": {"uv": [3, 9.5, 4, 11.5], "texture": "#0"},
				"west": {"uv": [5, 9.5, 5.75, 11.5], "texture": "#0"},
				"up": {"uv": [11, 4.75, 10, 4], "texture": "#0"},
				"down": {"uv": [11, 9.5, 10, 10.25], "texture": "#0"}
			}
		},
		{
			"from": [4, 3, -0.5],
			"to": [5, 5, 0.75],
			"faces": {
				"north": {"uv": [6, 10.5, 6.5, 11.5], "texture": "#0"},
				"east": {"uv": [10, 0, 10.75, 1], "texture": "#0"},
				"south": {"uv": [6.5, 10.5, 7, 11.5], "texture": "#0"},
				"west": {"uv": [10, 1, 10.75, 2], "texture": "#0"},
				"up": {"uv": [8.5, 11.25, 8, 10.5], "texture": "#0"},
				"down": {"uv": [9, 10.5, 8.5, 11.25], "texture": "#0"}
			}
		},
		{
			"from": [1, 3, -0.5],
			"to": [2, 5, 1],
			"faces": {
				"north": {"uv": [7, 10.5, 7.5, 11.5], "texture": "#0"},
				"east": {"uv": [10, 2, 10.75, 3], "texture": "#0"},
				"south": {"uv": [7.5, 10.5, 8, 11.5], "texture": "#0"},
				"west": {"uv": [10, 3, 10.75, 4], "texture": "#0"},
				"up": {"uv": [9.5, 11.25, 9, 10.5], "texture": "#0"},
				"down": {"uv": [10, 10.5, 9.5, 11.25], "texture": "#0"}
			}
		}
	],
	"gui_light": "front",
	"display": {
		"thirdperson_righthand": {
			"rotation": [-87, 180, 177],
			"translation": [2, -6.5, -5.5]
		},
		"thirdperson_lefthand": {
			"rotation": [-87, 180, 177],
			"translation": [-4.25, -6.5, -5.5]
		},
		"firstperson_righthand": {
			"rotation": [-9, 174, 0],
			"translation": [-4.25, 3.25, -12.25]
		},
		"firstperson_lefthand": {
			"rotation": [-9, 174, 0],
			"translation": [0.75, 3.25, -12.25]
		},
		"ground": {
			"translation": [0, 3.5, 0],
			"scale": [0.69, 0.69, 0.69]
		},
		"gui": {
			"rotation": [0, 180, 0],
			"translation": [-3, 0.5, 0]
		},
		"head": {
			"rotation": [90, 0, 0],
			"translation": [2.75, 0, 0]
		},
		"fixed": {
			"translation": [3, 0, 7]
		}
	}
}